2025-09-15 21:53:40,358 [INFO] ytcrawl: [VIDEO] 완료: id=Bto8OOIS2jE, views=1637175, subs=45000, cap_len=5, form=쇼츠
2025-09-15 21:53:40,360 [INFO] ytcrawl: [VIDEO] 시작: id=h0kf8JtP29Y url=https://www.youtube.com/watch?v=h0kf8JtP29Y
2025-09-15 21:53:40,364 [DEBUG] ytcrawl: [HTTP] GET https://www.youtube.com/watch?v=BFBLyy9LqkQ&hl=ko&gl=KR&persist_hl=1&persist_gl=1 -> 200, len=995081
2025-09-15 21:53:40,391 [INFO] ytcrawl: [SUBS][WATCH] channel=UC7FkulkyeYd2VnXf5PvQ6gw text='구독자 486명' -> 486
2025-09-15 21:53:40,400 [INFO] ytcrawl: [CAP] XML 자막 미확보
2025-09-15 21:53:40,400 [INFO] ytcrawl: [VIDEO] 완료: id=BFBLyy9LqkQ, views=3044452, subs=486, cap_len=0, form=쇼츠
2025-09-15 21:53:40,400 [INFO] ytcrawl: [VIDEO] 시작: id=sz_jNxgbNtw url=https://www.youtube.com/watch?v=sz_jNxgbNtw
2025-09-15 21:53:41,000 [INFO] ytcrawl: [CAP] 'a.ko' 발견 → 원문 사용
2025-09-15 21:53:41,043 [INFO] ytcrawl: [CAP] XML 자막 미확보
2025-09-15 21:53:41,043 [INFO] ytcrawl: [VIDEO] 완료: id=2qFrKRqK3BA, views=727677, subs=36200, cap_len=0, form=쇼츠
2025-09-15 21:53:41,043 [INFO] ytcrawl: [VIDEO] 시작: id=4FA7ybDflOM url=https://www.youtube.com/watch?v=4FA7ybDflOM
2025-09-15 21:53:41,147 [DEBUG] ytcrawl: [HTTP] GET https://www.youtube.com/watch?v=ytbi4xmRZng&hl=ko&gl=KR&persist_hl=1&persist_gl=1 -> 200, len=1014439
2025-09-15 21:53:41,175 [INFO] ytcrawl: [SUBS][WATCH] channel=UCfU5O3ZCYuO12qAtyJTxesA text='구독자 6.66천명' -> 6660
2025-09-15 21:53:41,200 [INFO] ytcrawl: [CAP] 파싱 성공: lines=14, text_len=130
2025-09-15 21:53:41,201 [INFO] ytcrawl: [VIDEO] 완료: id=FlHV-MBNotY, views=1338804, subs=3740, cap_len=130, form=쇼츠
2025-09-15 21:53:41,201 [INFO] ytcrawl: [VIDEO] 시작: id=n4r5nLTrhfY url=https://www.youtube.com/watch?v=n4r5nLTrhfY
2025-09-15 21:53:41,465 [INFO] ytcrawl: [CAP] 'a.ko' 발견 → 원문 사용
2025-09-15 21:53:41,744 [INFO] ytcrawl: [CAP] 파싱 성공: lines=21, text_len=359
2025-09-15 21:53:41,745 [INFO] ytcrawl: [VIDEO] 완료: id=UxKmhpeHGBU, views=1088846, subs=1300, cap_len=359, form=쇼츠
2025-09-15 21:53:41,745 [INFO] ytcrawl: [VIDEO] 시작: id=kQ-11AUs0P0 url=https://www.youtube.com/watch?v=kQ-11AUs0P0
2025-09-15 21:53:42,514 [INFO] ytcrawl: [CAP] 'a.ko' 발견 → 원문 사용
2025-09-15 21:53:42,839 [DEBUG] ytcrawl: [HTTP] GET https://www.youtube.com/watch?v=h0kf8JtP29Y&hl=ko&gl=KR&persist_hl=1&persist_gl=1 -> 200, len=1143550
2025-09-15 21:53:42,844 [DEBUG] ytcrawl: [HTTP] GET https://www.youtube.com/watch?v=sz_jNxgbNtw&hl=ko&gl=KR&persist_hl=1&persist_gl=1 -> 200, len=1068189
2025-09-15 21:53:42,881 [INFO] ytcrawl: [SUBS][WATCH] channel=UC5oft5dVf43M2cFmhpJLVGQ text='구독자 151만명' -> 1510000
2025-09-15 21:53:42,913 [INFO] ytcrawl: [SUBS][WATCH] channel=UC46PyjQa4W7od-osowenRog text='구독자 3.36만명' -> 33600
2025-09-15 21:53:43,039 [INFO] ytcrawl: [CAP] 파싱 성공: lines=1422, text_len=17382
2025-09-15 21:53:43,040 [INFO] ytcrawl: [VIDEO] 완료: id=BIU0Gbmceyw, views=76760, subs=12300, cap_len=17382, form=롱폼
2025-09-15 21:53:43,040 [INFO] ytcrawl: [VIDEO] 시작: id=eEK42n7gh3A url=https://www.youtube.com/watch?v=eEK42n7gh3A
2025-09-15 21:53:43,154 [INFO] ytcrawl: [CAP] 'a.ko' 발견 → 원문 사용
2025-09-15 21:53:43,184 [INFO] ytcrawl: [CAP] 'a.ko' 발견 → 원문 사용
2025-09-15 21:53:43,191 [INFO] ytcrawl: [CAP] 'a.ko' 발견 → 원문 사용
2025-09-15 21:53:43,288 [INFO] ytcrawl: [CAP] 'a.ko' 발견 → 원문 사용
2025-09-15 21:53:43,316 [DEBUG] ytcrawl: [HTTP] GET https://www.youtube.com/watch?v=6-raFqNuyxE&hl=ko&gl=KR&persist_hl=1&persist_gl=1 -> 200, len=1081550
2025-09-15 21:53:43,354 [INFO] ytcrawl: [SUBS][WATCH] channel=UCNrQ0VbdprXAur6OZKexjEw text='구독자 14만명' -> 140000
2025-09-15 21:53:43,390 [INFO] ytcrawl: [CAP] 파싱 성공: lines=6, text_len=48
2025-09-15 21:53:43,390 [INFO] ytcrawl: [VIDEO] 완료: id=4FA7ybDflOM, views=1159640, subs=36200, cap_len=48, form=쇼츠
2025-09-15 21:53:43,390 [INFO] ytcrawl: [VIDEO] 시작: id=8VOCxxp8M9o url=https://www.youtube.com/watch?v=8VOCxxp8M9o
2025-09-15 21:53:43,407 [INFO] ytcrawl: [CAP] 파싱 성공: lines=4, text_len=14
2025-09-15 21:53:43,407 [INFO] ytcrawl: [CAP] 파싱 성공: lines=29, text_len=474
2025-09-15 21:53:43,407 [INFO] ytcrawl: [VIDEO] 완료: id=sz_jNxgbNtw, views=1304183, subs=33600, cap_len=14, form=쇼츠
2025-09-15 21:53:43,408 [INFO] ytcrawl: [VIDEO] 완료: id=h0kf8JtP29Y, views=1429802, subs=1510000, cap_len=474, form=쇼츠
2025-09-15 21:53:43,408 [INFO] ytcrawl: [VIDEO] 시작: id=F2J8D-xg-8k url=https://www.youtube.com/watch?v=F2J8D-xg-8k
2025-09-15 21:53:43,409 [INFO] ytcrawl: [VIDEO] 시작: id=2vVa2gR7y5I url=https://www.youtube.com/watch?v=2vVa2gR7y5I
2025-09-15 21:53:43,586 [INFO] ytcrawl: [CAP] 파싱 성공: lines=14, text_len=154
2025-09-15 21:53:43,586 [INFO] ytcrawl: [VIDEO] 완료: id=n4r5nLTrhfY, views=37526, subs=9720, cap_len=154, form=쇼츠
2025-09-15 21:53:43,586 [INFO] ytcrawl: [VIDEO] 시작: id=jRO67MBEKeM url=https://www.youtube.com/watch?v=jRO67MBEKeM
2025-09-15 21:53:43,629 [INFO] ytcrawl: [CAP] 'a.ko' 발견 → 원문 사용
2025-09-15 21:53:43,883 [INFO] ytcrawl: [CAP] 'a.ko' 발견 → 원문 사용
2025-09-15 21:53:44,100 [INFO] ytcrawl: [CAP] 파싱 성공: lines=30, text_len=568
2025-09-15 21:53:44,100 [INFO] ytcrawl: [VIDEO] 완료: id=kQ-11AUs0P0, views=2240659, subs=124000, cap_len=568, form=쇼츠
2025-09-15 21:53:44,100 [INFO] ytcrawl: [VIDEO] 시작: id=hFEFHQgUDdk url=https://www.youtube.com/watch?v=hFEFHQgUDdk
2025-09-15 21:53:44,895 [INFO] ytcrawl: [CAP] 파싱 성공: lines=33, text_len=626
2025-09-15 21:53:44,895 [INFO] ytcrawl: [VIDEO] 완료: id=6-raFqNuyxE, views=1993298, subs=140000, cap_len=626, form=쇼츠
2025-09-15 21:53:44,896 [INFO] ytcrawl: [VIDEO] 시작: id=HyOjtZwR1b4 url=https://www.youtube.com/watch?v=HyOjtZwR1b4
2025-09-15 21:53:45,422 [INFO] ytcrawl: [CAP] 'a.ko' 발견 → 원문 사용
2025-09-15 21:53:45,477 [DEBUG] ytcrawl: [HTTP] GET https://www.youtube.com/watch?v=eEK42n7gh3A&hl=ko&gl=KR&persist_hl=1&persist_gl=1 -> 200, len=1039219
2025-09-15 21:53:45,507 [INFO] ytcrawl: [SUBS][WATCH] channel=UCtVKH2isskN8yn53DY26wqw text='구독자 4.99만명' -> 49900
2025-09-15 21:53:45,645 [INFO] ytcrawl: [CAP] 'a.ko' 발견 → 원문 사용
2025-09-15 21:53:45,753 [INFO] ytcrawl: [CAP] 파싱 성공: lines=8, text_len=114
2025-09-15 21:53:45,753 [INFO] ytcrawl: [CAP] 'a.ko' 발견 → 원문 사용
2025-09-15 21:53:45,753 [INFO] ytcrawl: [VIDEO] 완료: id=2vVa2gR7y5I, views=114507, subs=2029, cap_len=114, form=쇼츠
2025-09-15 21:53:45,754 [INFO] ytcrawl: [VIDEO] 시작: id=jID-JZRPi8U url=https://www.youtube.com/watch?v=jID-JZRPi8U
2025-09-15 21:53:45,864 [INFO] ytcrawl: [CAP] 'a.ko' 발견 → 원문 사용
2025-09-15 21:53:45,906 [INFO] ytcrawl: [CAP] 'a.ko' 발견 → 원문 사용
2025-09-15 21:53:45,993 [INFO] ytcrawl: [CAP] 파싱 성공: lines=11, text_len=60
2025-09-15 21:53:45,993 [INFO] ytcrawl: [VIDEO] 완료: id=8VOCxxp8M9o, views=369120, subs=44500, cap_len=60, form=쇼츠
2025-09-15 21:53:45,993 [INFO] ytcrawl: [VIDEO] 시작: id=kXSJRJYD1-8 url=https://www.youtube.com/watch?v=kXSJRJYD1-8
2025-09-15 21:53:46,187 [INFO] ytcrawl: [CAP] 파싱 성공: lines=26, text_len=468
2025-09-15 21:53:46,187 [INFO] ytcrawl: [VIDEO] 완료: id=F2J8D-xg-8k, views=150367, subs=7380, cap_len=468, form=쇼츠
2025-09-15 21:53:46,187 [INFO] ytcrawl: [VIDEO] 시작: id=FoUCRPELNqM url=https://www.youtube.com/watch?v=FoUCRPELNqM
2025-09-15 21:53:46,304 [INFO] ytcrawl: [CAP] 파싱 성공: lines=6, text_len=60
2025-09-15 21:53:46,304 [INFO] ytcrawl: [VIDEO] 완료: id=jRO67MBEKeM, views=3202645, subs=45000, cap_len=60, form=쇼츠
2025-09-15 21:53:46,307 [INFO] ytcrawl: [VIDEO] 시작: id=HnM8ItI5YI0 url=https://www.youtube.com/watch?v=HnM8ItI5YI0
2025-09-15 21:53:46,343 [INFO] ytcrawl: [CAP] 파싱 성공: lines=26, text_len=451
2025-09-15 21:53:46,343 [INFO] ytcrawl: [VIDEO] 완료: id=eEK42n7gh3A, views=838274, subs=49900, cap_len=451, form=쇼츠
2025-09-15 21:53:46,343 [INFO] ytcrawl: [VIDEO] 시작: id=OhTWWAHpdkA url=https://www.youtube.com/watch?v=OhTWWAHpdkA
2025-09-15 21:53:46,592 [INFO] ytcrawl: [CAP] 'a.ko' 발견 → 원문 사용
2025-09-15 21:53:47,140 [INFO] ytcrawl: [CAP] 파싱 성공: lines=23, text_len=452
2025-09-15 21:53:47,140 [INFO] ytcrawl: [VIDEO] 완료: id=hFEFHQgUDdk, views=304769, subs=45300, cap_len=452, form=쇼츠
2025-09-15 21:53:47,141 [INFO] ytcrawl: [VIDEO] 시작: id=Pp3pbuHhEcY url=https://www.youtube.com/watch?v=Pp3pbuHhEcY
2025-09-15 21:53:47,541 [INFO] ytcrawl: [CAP] 'a.ko' 발견 → 원문 사용
2025-09-15 21:53:47,834 [INFO] ytcrawl: [CAP] 파싱 성공: lines=17, text_len=302
2025-09-15 21:53:47,835 [INFO] ytcrawl: [VIDEO] 완료: id=ytbi4xmRZng, views=118600, subs=6660, cap_len=302, form=쇼츠
2025-09-15 21:53:47,835 [INFO] ytcrawl: [VIDEO] 시작: id=_cpXgkhs9fA url=https://www.youtube.com/watch?v=_cpXgkhs9fA
2025-09-15 21:53:47,928 [DEBUG] ytcrawl: [HTTP] GET https://www.youtube.com/watch?v=HyOjtZwR1b4&hl=ko&gl=KR&persist_hl=1&persist_gl=1 -> 200, len=1008156
2025-09-15 21:53:47,960 [INFO] ytcrawl: [SUBS][WATCH] channel=UCv_BptPPw1RPQvFI5IVOQjQ text='구독자 2.26만명' -> 22599
2025-09-15 21:53:48,177 [INFO] ytcrawl: [CAP] XML 자막 미확보
2025-09-15 21:53:48,178 [INFO] ytcrawl: [VIDEO] 완료: id=kXSJRJYD1-8, views=16391, subs=9720, cap_len=0, form=쇼츠
2025-09-15 21:53:48,178 [INFO] ytcrawl: [VIDEO] 시작: id=fKyNYjnLdEY url=https://www.youtube.com/watch?v=fKyNYjnLdEY
2025-09-15 21:53:48,468 [INFO] ytcrawl: [CAP] 'a.ko' 발견 → 원문 사용
2025-09-15 21:53:48,769 [INFO] ytcrawl: [CAP] 'a.ko' 발견 → 원문 사용
2025-09-15 21:53:48,888 [INFO] ytcrawl: [CAP] 파싱 성공: lines=12, text_len=152
2025-09-15 21:53:48,889 [INFO] ytcrawl: [VIDEO] 완료: id=HyOjtZwR1b4, views=5643781, subs=22599, cap_len=152, form=쇼츠
2025-09-15 21:53:48,889 [INFO] ytcrawl: [VIDEO] 시작: id=_emnCF4LoVU url=https://www.youtube.com/watch?v=_emnCF4LoVU
2025-09-15 21:53:49,152 [INFO] ytcrawl: [CAP] 'a.ko' 발견 → 원문 사용
2025-09-15 21:53:49,247 [INFO] ytcrawl: [CAP] 'a.ko' 발견 → 원문 사용
2025-09-15 21:53:49,272 [INFO] ytcrawl: [CAP] 파싱 성공: lines=19, text_len=240
2025-09-15 21:53:49,273 [INFO] ytcrawl: [VIDEO] 완료: id=jID-JZRPi8U, views=34880, subs=1500, cap_len=240, form=쇼츠
2025-09-15 21:53:49,273 [INFO] ytcrawl: [VIDEO] 시작: id=bhYKo0RFZKA url=https://www.youtube.com/watch?v=bhYKo0RFZKA
2025-09-15 21:53:49,539 [INFO] ytcrawl: [CAP] 파싱 성공: lines=15, text_len=254
2025-09-15 21:53:49,539 [INFO] ytcrawl: [VIDEO] 완료: id=OhTWWAHpdkA, views=1048869, subs=3740, cap_len=254, form=쇼츠
2025-09-15 21:53:49,539 [INFO] ytcrawl: [VIDEO] 시작: id=xe6Qf_UTSHE url=https://www.youtube.com/watch?v=xe6Qf_UTSHE
2025-09-15 21:53:49,704 [INFO] ytcrawl: [CAP] 파싱 성공: lines=23, text_len=449
2025-09-15 21:53:49,704 [INFO] ytcrawl: [VIDEO] 완료: id=HnM8ItI5YI0, views=739629, subs=45300, cap_len=449, form=쇼츠
2025-09-15 21:53:49,704 [INFO] ytcrawl: [VIDEO] 시작: id=28p4W9ha5pE url=https://www.youtube.com/watch?v=28p4W9ha5pE
2025-09-15 21:53:50,093 [INFO] ytcrawl: [CAP] 'a.ko' 발견 → 원문 사용
2025-09-15 21:53:50,388 [INFO] ytcrawl: [CAP] 파싱 성공: lines=22, text_len=416
2025-09-15 21:53:50,388 [INFO] ytcrawl: [VIDEO] 완료: id=FoUCRPELNqM, views=557028, subs=45300, cap_len=416, form=쇼츠
2025-09-15 21:53:50,388 [INFO] ytcrawl: [VIDEO] 시작: id=z3nJeqV7w24 url=https://www.youtube.com/watch?v=z3nJeqV7w24
2025-09-15 21:53:50,399 [INFO] ytcrawl: [CAP] 'a.ko' 발견 → 원문 사용
2025-09-15 21:53:50,762 [INFO] ytcrawl: [CAP] 'a.ko' 발견 → 원문 사용
2025-09-15 21:53:50,992 [INFO] ytcrawl: [CAP] 파싱 성공: lines=123, text_len=937
2025-09-15 21:53:50,992 [INFO] ytcrawl: [VIDEO] 완료: id=_cpXgkhs9fA, views=379680, subs=2050000, cap_len=937, form=롱폼
2025-09-15 21:53:50,992 [INFO] ytcrawl: [VIDEO] 시작: id=YXkrwuQlfjA url=https://www.youtube.com/watch?v=YXkrwuQlfjA
2025-09-15 21:53:51,042 [INFO] ytcrawl: [CAP] XML 자막 미확보
2025-09-15 21:53:51,042 [INFO] ytcrawl: [VIDEO] 완료: id=_emnCF4LoVU, views=609794, subs=36200, cap_len=0, form=쇼츠
2025-09-15 21:53:51,042 [INFO] ytcrawl: [VIDEO] 시작: id=VVL6RO2dgQg url=https://www.youtube.com/watch?v=VVL6RO2dgQg
2025-09-15 21:53:51,151 [INFO] ytcrawl: [CAP] 파싱 성공: lines=22, text_len=301
2025-09-15 21:53:51,152 [INFO] ytcrawl: [VIDEO] 완료: id=Pp3pbuHhEcY, views=2621895, subs=782, cap_len=301, form=쇼츠
2025-09-15 21:53:51,152 [INFO] ytcrawl: [VIDEO] 시작: id=6PwDFvhALms url=https://www.youtube.com/watch?v=6PwDFvhALms
2025-09-15 21:53:51,536 [INFO] ytcrawl: [CAP] 'a.ko' 발견 → 원문 사용
2025-09-15 21:53:51,656 [INFO] ytcrawl: [CAP] 'a.ko' 발견 → 원문 사용
2025-09-15 21:53:51,794 [INFO] ytcrawl: [CAP] 파싱 성공: lines=19, text_len=267
2025-09-15 21:53:51,794 [INFO] ytcrawl: [VIDEO] 완료: id=bhYKo0RFZKA, views=1734908, subs=782, cap_len=267, form=쇼츠
2025-09-15 21:53:51,794 [INFO] ytcrawl: [VIDEO] 시작: id=s3RjjaT82zA url=https://www.youtube.com/watch?v=s3RjjaT82zA
2025-09-15 21:53:51,903 [INFO] ytcrawl: [CAP] 파싱 성공: lines=15, text_len=134
2025-09-15 21:53:51,903 [INFO] ytcrawl: [VIDEO] 완료: id=fKyNYjnLdEY, views=218866, subs=1500, cap_len=134, form=쇼츠
2025-09-15 21:53:51,903 [INFO] ytcrawl: [VIDEO] 시작: id=yhrIGG4Uk8g url=https://www.youtube.com/watch?v=yhrIGG4Uk8g
2025-09-15 21:53:52,289 [INFO] ytcrawl: [CAP] 'a.ko' 발견 → 원문 사용
2025-09-15 21:53:52,666 [INFO] ytcrawl: [CAP] 파싱 성공: lines=509, text_len=8463
2025-09-15 21:53:52,666 [INFO] ytcrawl: [VIDEO] 완료: id=28p4W9ha5pE, views=479364, subs=119000, cap_len=8463, form=롱폼
2025-09-15 21:53:52,666 [INFO] ytcrawl: [VIDEO] 시작: id=ZbJ6jOJN1cU url=https://www.youtube.com/watch?v=ZbJ6jOJN1cU
2025-09-15 21:53:52,990 [INFO] ytcrawl: [CAP] 'a.ko' 발견 → 원문 사용
2025-09-15 21:53:53,011 [INFO] ytcrawl: [CAP] XML 자막 미확보
2025-09-15 21:53:53,011 [INFO] ytcrawl: [VIDEO] 완료: id=z3nJeqV7w24, views=3327326, subs=10100, cap_len=0, form=쇼츠
2025-09-15 21:53:53,011 [INFO] ytcrawl: [VIDEO] 시작: id=B1i7Z7sc_Rk url=https://www.youtube.com/watch?v=B1i7Z7sc_Rk
2025-09-15 21:53:53,157 [DEBUG] ytcrawl: [HTTP] GET https://www.youtube.com/watch?v=xe6Qf_UTSHE&hl=ko&gl=KR&persist_hl=1&persist_gl=1 -> 200, len=1035991
2025-09-15 21:53:53,187 [INFO] ytcrawl: [SUBS][WATCH] channel=UCnhWJQNxCY6V12qZcpBwFlg text='구독자 6.62천명' -> 6620
2025-09-15 21:53:53,205 [INFO] ytcrawl: [CAP] 파싱 성공: lines=21, text_len=390
2025-09-15 21:53:53,205 [INFO] ytcrawl: [VIDEO] 완료: id=VVL6RO2dgQg, views=199882, subs=45300, cap_len=390, form=쇼츠
2025-09-15 21:53:53,205 [INFO] ytcrawl: [VIDEO] 시작: id=dnu6jUIK8PI url=https://www.youtube.com/watch?v=dnu6jUIK8PI
2025-09-15 21:53:53,296 [INFO] ytcrawl: [CAP] 'a.ko' 발견 → 원문 사용
2025-09-15 21:53:53,445 [INFO] ytcrawl: [CAP] 'a.ko' 발견 → 원문 사용
2025-09-15 21:53:53,447 [INFO] ytcrawl: [CAP] 'a.ko' 발견 → 원문 사용
2025-09-15 21:53:53,486 [INFO] ytcrawl: [CAP] 파싱 성공: lines=32, text_len=613
2025-09-15 21:53:53,486 [INFO] ytcrawl: [VIDEO] 완료: id=6PwDFvhALms, views=1091959, subs=37500, cap_len=613, form=쇼츠
2025-09-15 21:53:53,486 [INFO] ytcrawl: [VIDEO] 시작: id=XwFm1l3r_f4 url=https://www.youtube.com/watch?v=XwFm1l3r_f4
2025-09-15 21:53:53,651 [INFO] ytcrawl: [CAP] 파싱 성공: lines=33, text_len=636
2025-09-15 21:53:53,651 [INFO] ytcrawl: [VIDEO] 완료: id=xe6Qf_UTSHE, views=210470, subs=6620, cap_len=636, form=쇼츠
2025-09-15 21:53:53,651 [INFO] ytcrawl: [VIDEO] 시작: id=fOYyRKvZ8Ng url=https://www.youtube.com/watch?v=fOYyRKvZ8Ng
2025-09-15 21:53:53,709 [INFO] ytcrawl: [CAP] 파싱 성공: lines=29, text_len=543
2025-09-15 21:53:53,709 [INFO] ytcrawl: [VIDEO] 완료: id=YXkrwuQlfjA, views=2077751, subs=1980, cap_len=543, form=쇼츠
2025-09-15 21:53:53,709 [INFO] ytcrawl: [VIDEO] 시작: id=ZaKkEcwTxKc url=https://www.youtube.com/watch?v=ZaKkEcwTxKc
2025-09-15 21:53:54,636 [INFO] ytcrawl: [CAP] 'a.ko' 발견 → 원문 사용
2025-09-15 21:53:54,771 [DEBUG] ytcrawl: [HTTP] GET https://www.youtube.com/watch?v=s3RjjaT82zA&hl=ko&gl=KR&persist_hl=1&persist_gl=1 -> 200, len=1030894
2025-09-15 21:53:54,805 [INFO] ytcrawl: [SUBS][WATCH] channel=UCHPLyG28OBNoT3v9vav7PCw text='구독자 41.5만명' -> 415000
2025-09-15 21:53:54,832 [INFO] ytcrawl: [CAP] 파싱 성공: lines=23, text_len=267
2025-09-15 21:53:54,832 [INFO] ytcrawl: [VIDEO] 완료: id=ZbJ6jOJN1cU, views=922563, subs=1330, cap_len=267, form=쇼츠
2025-09-15 21:53:54,833 [INFO] ytcrawl: [VIDEO] 시작: id=XpNQvGPFwOo url=https://www.youtube.com/watch?v=XpNQvGPFwOo
2025-09-15 21:53:55,014 [INFO] ytcrawl: [CAP] 'a.ko' 발견 → 원문 사용
2025-09-15 21:53:55,174 [INFO] ytcrawl: [CAP] 'a.ko' 발견 → 원문 사용
2025-09-15 21:53:55,196 [DEBUG] ytcrawl: [HTTP] GET https://www.youtube.com/watch?v=yhrIGG4Uk8g&hl=ko&gl=KR&persist_hl=1&persist_gl=1 -> 200, len=1415974
2025-09-15 21:53:55,223 [INFO] ytcrawl: [SUBS][WATCH] channel=UCfL7Vob_QbS2c_QrP-KAjdw text='구독자 10.7만명' -> 107000
2025-09-15 21:53:55,229 [INFO] ytcrawl: [CAP] 파싱 성공: lines=16, text_len=241
2025-09-15 21:53:55,229 [INFO] ytcrawl: [VIDEO] 완료: id=s3RjjaT82zA, views=12769608, subs=415000, cap_len=241, form=쇼츠
2025-09-15 21:53:55,229 [INFO] ytcrawl: [VIDEO] 시작: id=3I_JaSyC8o8 url=https://www.youtube.com/watch?v=3I_JaSyC8o8
2025-09-15 21:53:55,384 [INFO] ytcrawl: [CAP] 파싱 성공: lines=25, text_len=462
2025-09-15 21:53:55,384 [INFO] ytcrawl: [VIDEO] 완료: id=dnu6jUIK8PI, views=513415, subs=33600, cap_len=462, form=쇼츠
2025-09-15 21:53:55,385 [INFO] ytcrawl: [VIDEO] 시작: id=zPONteyP0mA url=https://www.youtube.com/watch?v=zPONteyP0mA
2025-09-15 21:53:55,489 [INFO] ytcrawl: [CAP] 'a.ko' 발견 → 원문 사용
2025-09-15 21:53:55,718 [INFO] ytcrawl: [CAP] 파싱 성공: lines=64, text_len=844
2025-09-15 21:53:55,718 [INFO] ytcrawl: [VIDEO] 완료: id=yhrIGG4Uk8g, views=476091, subs=107000, cap_len=844, form=롱폼
2025-09-15 21:53:55,719 [INFO] ytcrawl: [VIDEO] 시작: id=DjZjDCeGKAk url=https://www.youtube.com/watch?v=DjZjDCeGKAk
2025-09-15 21:53:55,820 [INFO] ytcrawl: [CAP] 'a.ko' 발견 → 원문 사용
2025-09-15 21:53:56,087 [INFO] ytcrawl: [CAP] 파싱 성공: lines=21, text_len=406
2025-09-15 21:53:56,088 [INFO] ytcrawl: [VIDEO] 완료: id=ZaKkEcwTxKc, views=291138, subs=45300, cap_len=406, form=쇼츠
2025-09-15 21:53:56,088 [INFO] ytcrawl: [VIDEO] 시작: id=xAkue7Ury6o url=https://www.youtube.com/watch?v=xAkue7Ury6o
2025-09-15 21:53:56,136 [INFO] ytcrawl: [CAP] 'a.ko' 발견 → 원문 사용
2025-09-15 21:53:56,353 [INFO] ytcrawl: [CAP] 파싱 성공: lines=24, text_len=407
2025-09-15 21:53:56,353 [INFO] ytcrawl: [VIDEO] 완료: id=fOYyRKvZ8Ng, views=66440, subs=13600, cap_len=407, form=쇼츠
2025-09-15 21:53:56,353 [INFO] ytcrawl: [VIDEO] 시작: id=Rfxuelp6w_k url=https://www.youtube.com/watch?v=Rfxuelp6w_k
2025-09-15 21:53:56,745 [INFO] ytcrawl: [CAP] XML 자막 미확보
2025-09-15 21:53:56,746 [INFO] ytcrawl: [VIDEO] 완료: id=XpNQvGPFwOo, views=1561438, subs=6150, cap_len=0, form=쇼츠
2025-09-15 21:53:56,746 [INFO] ytcrawl: [VIDEO] 시작: id=iC5zf60E_QA url=https://www.youtube.com/watch?v=iC5zf60E_QA
2025-09-15 21:53:56,953 [DEBUG] ytcrawl: [HTTP] GET https://www.youtube.com/watch?v=B1i7Z7sc_Rk&hl=ko&gl=KR&persist_hl=1&persist_gl=1 -> 200, len=1046515
2025-09-15 21:53:56,988 [INFO] ytcrawl: [SUBS][WATCH] channel=UChsa-B7FJao_YXtQ1d-dXXg text='구독자 1.95만명' -> 19500
2025-09-15 21:53:56,994 [DEBUG] ytcrawl: [HTTP] GET https://www.youtube.com/watch?v=XwFm1l3r_f4&hl=ko&gl=KR&persist_hl=1&persist_gl=1 -> 200, len=1040398
2025-09-15 21:53:57,024 [INFO] ytcrawl: [SUBS][WATCH] channel=UCOp8xi9G6OtGLbrhBlNhZrA text='구독자 3.58천명' -> 3580
2025-09-15 21:53:57,243 [INFO] ytcrawl: [CAP] 'a.ko' 발견 → 원문 사용
2025-09-15 21:53:57,247 [INFO] ytcrawl: [CAP] 'a.ko' 발견 → 원문 사용
2025-09-15 21:53:57,433 [DEBUG] ytcrawl: [CAP][PR] GET https://www.youtube.com/api/timedtext?v=B1i7Z7sc_Rk&ei=YgzIaKdbnsDV3w_qwYOYBA&caps=asr&opi=112496729&exp=xpe&xoaf=5&xospf=1&hl=en&ip=0.0.0.0&ipbits=0&expire=1757966034&sparams=ip,ipbits,expire,v,ei,caps,opi,exp,xoaf&signature=616BEAE26A2651B51755D8D889FBAF11C00BC4BA.62DC32B54FB16316F2CFF3F29291CE7BF1C4F442&key=yt8&kind=asr&lang=pt&fmt=srv3&tlang=ko -> 429, len=1103
2025-09-15 21:53:57,433 [INFO] ytcrawl: [CAP] XML 자막 미확보
2025-09-15 21:53:57,433 [INFO] ytcrawl: [VIDEO] 완료: id=B1i7Z7sc_Rk, views=4174316, subs=19500, cap_len=0, form=쇼츠
2025-09-15 21:53:57,433 [INFO] ytcrawl: [VIDEO] 시작: id=OMxjwWjtsuY url=https://www.youtube.com/watch?v=OMxjwWjtsuY
2025-09-15 21:53:57,473 [INFO] ytcrawl: [CAP] 파싱 성공: lines=24, text_len=437
2025-09-15 21:53:57,473 [INFO] ytcrawl: [VIDEO] 완료: id=zPONteyP0mA, views=320984, subs=45300, cap_len=437, form=쇼츠
2025-09-15 21:53:57,473 [INFO] ytcrawl: [VIDEO] 시작: id=Mst254DWeFc url=https://www.youtube.com/watch?v=Mst254DWeFc
2025-09-15 21:53:57,523 [INFO] ytcrawl: [CAP] 파싱 성공: lines=18, text_len=339
2025-09-15 21:53:57,523 [INFO] ytcrawl: [VIDEO] 완료: id=XwFm1l3r_f4, views=1886263, subs=3580, cap_len=339, form=쇼츠
2025-09-15 21:53:57,523 [INFO] ytcrawl: [VIDEO] 시작: id=1B7X-mdCD-0 url=https://www.youtube.com/watch?v=1B7X-mdCD-0
2025-09-15 21:53:57,652 [INFO] ytcrawl: [CAP] 'a.ko' 발견 → 원문 사용
2025-09-15 21:53:57,901 [DEBUG] ytcrawl: [HTTP] GET https://www.youtube.com/watch?v=3I_JaSyC8o8&hl=ko&gl=KR&persist_hl=1&persist_gl=1 -> 200, len=1029014
2025-09-15 21:53:57,932 [INFO] ytcrawl: [SUBS][WATCH] channel=UCArLZtok93cO5R9RI4_Y5Jw text='구독자 1250만명' -> 12500000
2025-09-15 21:53:57,932 [INFO] ytcrawl: [CAP] 파싱 성공: lines=12, text_len=151
2025-09-15 21:53:57,933 [INFO] ytcrawl: [VIDEO] 완료: id=DjZjDCeGKAk, views=235230, subs=13600, cap_len=151, form=쇼츠
2025-09-15 21:53:57,933 [INFO] ytcrawl: [VIDEO] 시작: id=qgg512NBknQ url=https://www.youtube.com/watch?v=qgg512NBknQ
2025-09-15 21:53:58,151 [INFO] ytcrawl: [CAP] 'a.ko' 발견 → 원문 사용
2025-09-15 21:53:58,222 [INFO] ytcrawl: [CAP] 'a.ko' 발견 → 원문 사용
2025-09-15 21:53:58,267 [INFO] ytcrawl: [CAP] 'a.ko' 발견 → 원문 사용
2025-09-15 21:53:58,362 [INFO] ytcrawl: [CAP] 파싱 성공: lines=2, text_len=22
2025-09-15 21:53:58,363 [INFO] ytcrawl: [VIDEO] 완료: id=3I_JaSyC8o8, views=410618, subs=12500000, cap_len=22, form=쇼츠
2025-09-15 21:53:58,363 [INFO] ytcrawl: [VIDEO] 시작: id=SH3-MT4b33k url=https://www.youtube.com/watch?v=SH3-MT4b33k
2025-09-15 21:53:58,445 [INFO] ytcrawl: [CAP] 파싱 성공: lines=20, text_len=391
2025-09-15 21:53:58,445 [INFO] ytcrawl: [VIDEO] 완료: id=xAkue7Ury6o, views=151515, subs=45300, cap_len=391, form=쇼츠
2025-09-15 21:53:58,445 [INFO] ytcrawl: [VIDEO] 시작: id=Ws0ems211zI url=https://www.youtube.com/watch?v=Ws0ems211zI
2025-09-15 21:53:58,484 [INFO] ytcrawl: [CAP] 파싱 성공: lines=25, text_len=356
2025-09-15 21:53:58,484 [INFO] ytcrawl: [VIDEO] 완료: id=Rfxuelp6w_k, views=120162, subs=2390, cap_len=356, form=쇼츠
2025-09-15 21:53:58,485 [INFO] ytcrawl: [VIDEO] 시작: id=6Ug7cG_togY url=https://www.youtube.com/watch?v=6Ug7cG_togY
2025-09-15 21:53:58,794 [INFO] ytcrawl: [CAP] XML 자막 미확보
2025-09-15 21:53:58,794 [INFO] ytcrawl: [VIDEO] 완료: id=iC5zf60E_QA, views=18110, subs=19000, cap_len=0, form=롱폼
2025-09-15 21:53:58,794 [INFO] ytcrawl: [VIDEO] 시작: id=zSJRDhZQDHE url=https://www.youtube.com/watch?v=zSJRDhZQDHE
2025-09-15 21:53:59,627 [INFO] ytcrawl: [CAP] 'a.ko' 발견 → 원문 사용
2025-09-15 21:53:59,631 [INFO] ytcrawl: [CAP] 'a.ko' 발견 → 원문 사용
2025-09-15 21:53:59,858 [INFO] ytcrawl: [CAP] 파싱 성공: lines=21, text_len=405
2025-09-15 21:53:59,858 [INFO] ytcrawl: [VIDEO] 완료: id=1B7X-mdCD-0, views=572941, subs=45300, cap_len=405, form=쇼츠
2025-09-15 21:53:59,858 [INFO] ytcrawl: [VIDEO] 시작: id=fv5ahJY4yzM url=https://www.youtube.com/watch?v=fv5ahJY4yzM
2025-09-15 21:53:59,885 [INFO] ytcrawl: [CAP] 'a.ko' 발견 → 원문 사용
2025-09-15 21:53:59,887 [INFO] ytcrawl: [CAP] 'a.ko' 발견 → 원문 사용
2025-09-15 21:53:59,896 [INFO] ytcrawl: [CAP] 파싱 성공: lines=19, text_len=308
2025-09-15 21:53:59,896 [INFO] ytcrawl: [VIDEO] 완료: id=Mst254DWeFc, views=63606, subs=1050, cap_len=308, form=쇼츠
2025-09-15 21:53:59,896 [INFO] ytcrawl: [VIDEO] 시작: id=Gx39dYzSnrA url=https://www.youtube.com/watch?v=Gx39dYzSnrA
2025-09-15 21:54:00,089 [INFO] ytcrawl: [CAP] 파싱 성공: lines=3, text_len=32
2025-09-15 21:54:00,089 [INFO] ytcrawl: [VIDEO] 완료: id=qgg512NBknQ, views=450473, subs=8650, cap_len=32, form=쇼츠
2025-09-15 21:54:00,090 [INFO] ytcrawl: [VIDEO] 시작: id=qE_5fKrw9wU url=https://www.youtube.com/watch?v=qE_5fKrw9wU
2025-09-15 21:54:00,106 [INFO] ytcrawl: [CAP] 파싱 성공: lines=21, text_len=278
2025-09-15 21:54:00,107 [INFO] ytcrawl: [VIDEO] 완료: id=OMxjwWjtsuY, views=310479, subs=782, cap_len=278, form=쇼츠
2025-09-15 21:54:00,107 [INFO] ytcrawl: [VIDEO] 시작: id=KBtsYQAbfBY url=https://www.youtube.com/watch?v=KBtsYQAbfBY
2025-09-15 21:54:00,345 [INFO] ytcrawl: [CAP] 'a.ko' 발견 → 원문 사용
2025-09-15 21:54:00,367 [INFO] ytcrawl: [CAP] 'a.ko' 발견 → 원문 사용
2025-09-15 21:54:00,563 [INFO] ytcrawl: [CAP] 파싱 성공: lines=10, text_len=91
2025-09-15 21:54:00,563 [INFO] ytcrawl: [VIDEO] 완료: id=SH3-MT4b33k, views=1657355, subs=75300, cap_len=91, form=쇼츠
2025-09-15 21:54:00,563 [INFO] ytcrawl: [VIDEO] 시작: id=9zP1oJE-94s url=https://www.youtube.com/watch?v=9zP1oJE-94s
2025-09-15 21:54:00,594 [INFO] ytcrawl: [CAP] 파싱 성공: lines=13, text_len=163
2025-09-15 21:54:00,595 [INFO] ytcrawl: [VIDEO] 완료: id=Ws0ems211zI, views=424971, subs=3920, cap_len=163, form=쇼츠
2025-09-15 21:54:00,595 [INFO] ytcrawl: [VIDEO] 시작: id=tirD0Pxxu_8 url=https://www.youtube.com/watch?v=tirD0Pxxu_8
2025-09-15 21:54:00,683 [INFO] ytcrawl: [CAP] 'a.ko' 발견 → 원문 사용
2025-09-15 21:54:00,880 [INFO] ytcrawl: [CAP] 파싱 성공: lines=8, text_len=147
2025-09-15 21:54:00,880 [INFO] ytcrawl: [VIDEO] 완료: id=6Ug7cG_togY, views=29599, subs=148, cap_len=147, form=쇼츠
2025-09-15 21:54:00,880 [INFO] ytcrawl: [VIDEO] 시작: id=kQhqBequ6a8 url=https://www.youtube.com/watch?v=kQhqBequ6a8
2025-09-15 21:54:00,928 [INFO] ytcrawl: [CAP] 'a.ko' 발견 → 원문 사용
2025-09-15 21:54:01,443 [INFO] ytcrawl: [CAP] 파싱 성공: lines=26, text_len=348
2025-09-15 21:54:01,444 [INFO] ytcrawl: [VIDEO] 완료: id=zSJRDhZQDHE, views=227863, subs=7380, cap_len=348, form=쇼츠
2025-09-15 21:54:01,444 [INFO] ytcrawl: [VIDEO] 시작: id=YJE2Z8Uy-v8 url=https://www.youtube.com/watch?v=YJE2Z8Uy-v8
2025-09-15 21:54:01,579 [INFO] ytcrawl: [CAP] XML 자막 미확보
2025-09-15 21:54:01,579 [INFO] ytcrawl: [VIDEO] 완료: id=Gx39dYzSnrA, views=283420, subs=3240, cap_len=0, form=쇼츠
2025-09-15 21:54:01,579 [INFO] ytcrawl: [VIDEO] 시작: id=cC2LEYjpSY0 url=https://www.youtube.com/watch?v=cC2LEYjpSY0
2025-09-15 21:54:01,796 [INFO] ytcrawl: [CAP] XML 자막 미확보
2025-09-15 21:54:01,796 [INFO] ytcrawl: [VIDEO] 완료: id=qE_5fKrw9wU, views=618824, subs=10100, cap_len=0, form=쇼츠
2025-09-15 21:54:01,796 [INFO] ytcrawl: [VIDEO] 시작: id=nGAjgotvlRc url=https://www.youtube.com/watch?v=nGAjgotvlRc
2025-09-15 21:54:02,052 [INFO] ytcrawl: [CAP] 'a.ko' 발견 → 원문 사용
2025-09-15 21:54:02,134 [DEBUG] ytcrawl: [CAP] 번역(a.en) 응답: 429, len=1103
2025-09-15 21:54:02,252 [INFO] ytcrawl: [CAP] 파싱 성공: lines=42, text_len=806
2025-09-15 21:54:02,252 [INFO] ytcrawl: [VIDEO] 완료: id=fv5ahJY4yzM, views=2834173, subs=71600, cap_len=806, form=쇼츠
2025-09-15 21:54:02,253 [INFO] ytcrawl: [VIDEO] 시작: id=kd7yxQl_C58 url=https://www.youtube.com/watch?v=kd7yxQl_C58
2025-09-15 21:54:02,680 [DEBUG] ytcrawl: [CAP][PR] GET https://www.youtube.com/api/timedtext?v=KBtsYQAbfBY&ei=aAzIaPKsOcuI29gPpa7HWQ&caps=asr&opi=112496729&exp=xpe&xoaf=5&xowf=1&xospf=1&hl=en&ip=0.0.0.0&ipbits=0&expire=1757966041&sparams=ip,ipbits,expire,v,ei,caps,opi,exp,xoaf&signature=715C1DEF0C177737FF8ED7435CDE1EDB30919091.6B7BC24F724A2AC0582049E327B16B6DDEEA89C1&key=yt8&kind=asr&lang=en&fmt=srv3&tlang=ko -> 429, len=1103
2025-09-15 21:54:02,680 [INFO] ytcrawl: [CAP] XML 자막 미확보
2025-09-15 21:54:02,682 [INFO] ytcrawl: [VIDEO] 완료: id=KBtsYQAbfBY, views=186924, subs=36200, cap_len=0, form=쇼츠
2025-09-15 21:54:02,682 [INFO] ytcrawl: [VIDEO] 시작: id=ih2xdxsi1zY url=https://www.youtube.com/watch?v=ih2xdxsi1zY
2025-09-15 21:54:02,855 [INFO] ytcrawl: [CAP] 'a.ko' 발견 → 원문 사용
2025-09-15 21:54:03,023 [INFO] ytcrawl: [CAP] 'a.ko' 발견 → 원문 사용
2025-09-15 21:54:03,110 [INFO] ytcrawl: [CAP] 파싱 성공: lines=13, text_len=144
2025-09-15 21:54:03,110 [INFO] ytcrawl: [VIDEO] 완료: id=kQhqBequ6a8, views=14753, subs=9720, cap_len=144, form=쇼츠
2025-09-15 21:54:03,110 [INFO] ytcrawl: [VIDEO] 시작: id=mVknpxMUN4M url=https://www.youtube.com/watch?v=mVknpxMUN4M
2025-09-15 21:54:03,211 [INFO] ytcrawl: [CAP] 'a.ko' 발견 → 원문 사용
2025-09-15 21:54:03,244 [INFO] ytcrawl: [CAP] 파싱 성공: lines=21, text_len=412
2025-09-15 21:54:03,244 [INFO] ytcrawl: [VIDEO] 완료: id=tirD0Pxxu_8, views=193059, subs=45300, cap_len=412, form=쇼츠
2025-09-15 21:54:03,245 [INFO] ytcrawl: [VIDEO] 시작: id=6RUnvBH34aU url=https://www.youtube.com/watch?v=6RUnvBH34aU
2025-09-15 21:54:03,442 [INFO] ytcrawl: [CAP] 파싱 성공: lines=17, text_len=307
2025-09-15 21:54:03,443 [INFO] ytcrawl: [VIDEO] 완료: id=YJE2Z8Uy-v8, views=129330, subs=3540, cap_len=307, form=쇼츠
2025-09-15 21:54:03,443 [INFO] ytcrawl: [VIDEO] 시작: id=kczeFNoaRgs url=https://www.youtube.com/watch?v=kczeFNoaRgs
2025-09-15 21:54:03,473 [DEBUG] ytcrawl: [HTTP] GET https://www.youtube.com/watch?v=9zP1oJE-94s&hl=ko&gl=KR&persist_hl=1&persist_gl=1 -> 200, len=1054504
2025-09-15 21:54:03,504 [INFO] ytcrawl: [SUBS][WATCH] channel=UCRtaRFvAo9OnUE13xEvsdag text='구독자 100명' -> 100
2025-09-15 21:54:03,754 [INFO] ytcrawl: [CAP] 'a.ko' 발견 → 원문 사용
2025-09-15 21:54:03,964 [INFO] ytcrawl: [CAP] 파싱 성공: lines=60, text_len=1085
2025-09-15 21:54:03,965 [INFO] ytcrawl: [VIDEO] 완료: id=9zP1oJE-94s, views=35470, subs=100, cap_len=1085, form=쇼츠
2025-09-15 21:54:03,965 [INFO] ytcrawl: [VIDEO] 시작: id=3k-PkLsDfjM url=https://www.youtube.com/watch?v=3k-PkLsDfjM
2025-09-15 21:54:03,981 [DEBUG] ytcrawl: [HTTP] GET https://www.youtube.com/watch?v=nGAjgotvlRc&hl=ko&gl=KR&persist_hl=1&persist_gl=1 -> 200, len=1003400
2025-09-15 21:54:04,008 [INFO] ytcrawl: [SUBS][WATCH] channel=UCoe2HChH6cSC5YIz24HtYXQ text='구독자 1.53천명' -> 1530
2025-09-15 21:54:04,292 [INFO] ytcrawl: [CAP] 'a.ko' 발견 → 원문 사용
2025-09-15 21:54:04,305 [DEBUG] ytcrawl: [HTTP] GET https://www.youtube.com/watch?v=cC2LEYjpSY0&hl=ko&gl=KR&persist_hl=1&persist_gl=1 -> 200, len=1217625
2025-09-15 21:54:04,335 [INFO] ytcrawl: [SUBS][WATCH] channel=UCbg_4JuHR3B19ltnY0F6Xjw text='구독자 1.94천명' -> 1940
2025-09-15 21:54:04,336 [INFO] ytcrawl: [CAP] XML 자막 미확보
2025-09-15 21:54:04,336 [INFO] ytcrawl: [VIDEO] 완료: id=cC2LEYjpSY0, views=1788384, subs=1940, cap_len=0, form=쇼츠
2025-09-15 21:54:04,336 [INFO] ytcrawl: [VIDEO] 시작: id=7izlmldbyYQ url=https://www.youtube.com/watch?v=7izlmldbyYQ
2025-09-15 21:54:04,501 [INFO] ytcrawl: [CAP] 파싱 성공: lines=23, text_len=315
2025-09-15 21:54:04,501 [INFO] ytcrawl: [VIDEO] 완료: id=nGAjgotvlRc, views=151716, subs=1530, cap_len=315, form=쇼츠
2025-09-15 21:54:04,501 [INFO] ytcrawl: [VIDEO] 시작: id=B3-2CdUvgWo url=https://www.youtube.com/watch?v=B3-2CdUvgWo
2025-09-15 21:54:05,002 [INFO] ytcrawl: [CAP] 'a.ko' 발견 → 원문 사용
2025-09-15 21:54:05,212 [INFO] ytcrawl: [CAP] 파싱 성공: lines=22, text_len=319
2025-09-15 21:54:05,213 [INFO] ytcrawl: [VIDEO] 완료: id=ih2xdxsi1zY, views=349273, subs=1830, cap_len=319, form=쇼츠
2025-09-15 21:54:05,213 [INFO] ytcrawl: [VIDEO] 시작: id=6Dn9jT4-Rrk url=https://www.youtube.com/watch?v=6Dn9jT4-Rrk
2025-09-15 21:54:05,233 [INFO] ytcrawl: [CAP] 'a.ko' 발견 → 원문 사용
2025-09-15 21:54:05,365 [INFO] ytcrawl: [CAP] 'a.ko' 발견 → 원문 사용
2025-09-15 21:54:05,454 [INFO] ytcrawl: [CAP] 파싱 성공: lines=24, text_len=463
2025-09-15 21:54:05,470 [INFO] ytcrawl: [VIDEO] 완료: id=mVknpxMUN4M, views=307251, subs=45300, cap_len=463, form=쇼츠
2025-09-15 21:54:05,471 [INFO] ytcrawl: [VIDEO] 시작: id=jN9DhL2ODqs url=https://www.youtube.com/watch?v=jN9DhL2ODqs
2025-09-15 21:54:05,661 [DEBUG] ytcrawl: [HTTP] GET https://www.youtube.com/watch?v=kd7yxQl_C58&hl=ko&gl=KR&persist_hl=1&persist_gl=1 -> 200, len=1065601
2025-09-15 21:54:05,698 [INFO] ytcrawl: [SUBS][WATCH] channel=UC1CYmJ27WsA3WlxUzkNwIHg text='구독자 264명' -> 264
2025-09-15 21:54:05,953 [INFO] ytcrawl: [CAP] 'a.ko' 발견 → 원문 사용
2025-09-15 21:54:06,074 [INFO] ytcrawl: [CAP] 파싱 성공: lines=118, text_len=1106
2025-09-15 21:54:06,075 [INFO] ytcrawl: [VIDEO] 완료: id=kczeFNoaRgs, views=386422, subs=2050000, cap_len=1106, form=롱폼
2025-09-15 21:54:06,075 [INFO] ytcrawl: [VIDEO] 시작: id=BhQcCuQjg_A url=https://www.youtube.com/watch?v=BhQcCuQjg_A
2025-09-15 21:54:06,109 [DEBUG] ytcrawl: [HTTP] GET https://www.youtube.com/watch?v=6RUnvBH34aU&hl=ko&gl=KR&persist_hl=1&persist_gl=1 -> 200, len=1601957
2025-09-15 21:54:06,164 [INFO] ytcrawl: [SUBS][WATCH] channel=UCRMA_Nb5VF-YoWApSVeXPVA text='구독자 315만명' -> 3150000
2025-09-15 21:54:06,220 [INFO] ytcrawl: [CAP] 파싱 성공: lines=200, text_len=2711
2025-09-15 21:54:06,220 [INFO] ytcrawl: [VIDEO] 완료: id=3k-PkLsDfjM, views=45933, subs=44500, cap_len=2711, form=롱폼
2025-09-15 21:54:06,220 [INFO] ytcrawl: [VIDEO] 시작: id=-LjmAzuhxeg url=https://www.youtube.com/watch?v=-LjmAzuhxeg
2025-09-15 21:54:06,241 [DEBUG] ytcrawl: [CAP] 번역(a.en) 응답: 429, len=1103
2025-09-15 21:54:06,301 [INFO] ytcrawl: [CAP] XML 자막 미확보
2025-09-15 21:54:06,301 [INFO] ytcrawl: [VIDEO] 완료: id=7izlmldbyYQ, views=11074, subs=44500, cap_len=0, form=롱폼
2025-09-15 21:54:06,302 [INFO] ytcrawl: [VIDEO] 시작: id=P4pdlu8bdRM url=https://www.youtube.com/watch?v=P4pdlu8bdRM
2025-09-15 21:54:06,530 [DEBUG] ytcrawl: [CAP][PR] GET https://www.youtube.com/api/timedtext?v=kd7yxQl_C58&ei=awzIaPqAAcuYpt8PndiisAw&caps=asr&opi=112496729&exp=xpe&xoaf=5&xowf=1&hl=en&ip=0.0.0.0&ipbits=0&expire=1757966043&sparams=ip,ipbits,expire,v,ei,caps,opi,exp,xoaf&signature=F04F64931BEECB3FEA5EA45736F4ACEB6B35483F.2814187173F80E2DB1596F400CCA398D209AE80C&key=yt8&kind=asr&lang=en&fmt=srv3&tlang=ko -> 429, len=1103
2025-09-15 21:54:06,530 [INFO] ytcrawl: [CAP] XML 자막 미확보
2025-09-15 21:54:06,531 [INFO] ytcrawl: [VIDEO] 완료: id=kd7yxQl_C58, views=92181, subs=264, cap_len=0, form=쇼츠
2025-09-15 21:54:06,531 [INFO] ytcrawl: [VIDEO] 시작: id=QjtsM0m8cNk url=https://www.youtube.com/watch?v=QjtsM0m8cNk
2025-09-15 21:54:06,569 [INFO] ytcrawl: [CAP] 'a.ko' 발견 → 원문 사용
2025-09-15 21:54:06,938 [INFO] ytcrawl: [CAP] 파싱 성공: lines=552, text_len=8900
2025-09-15 21:54:06,939 [INFO] ytcrawl: [VIDEO] 완료: id=6RUnvBH34aU, views=202209, subs=3150000, cap_len=8900, form=롱폼
2025-09-15 21:54:06,939 [INFO] ytcrawl: [VIDEO] 시작: id=7VQgiMzcxhk url=https://www.youtube.com/watch?v=7VQgiMzcxhk
2025-09-15 21:54:07,070 [INFO] ytcrawl: [CAP] XML 자막 미확보
2025-09-15 21:54:07,070 [INFO] ytcrawl: [VIDEO] 완료: id=6Dn9jT4-Rrk, views=445524, subs=1530, cap_len=0, form=쇼츠
2025-09-15 21:54:07,070 [INFO] ytcrawl: [VIDEO] 시작: id=8J_b7piRuEk url=https://www.youtube.com/watch?v=8J_b7piRuEk
2025-09-15 21:54:07,312 [INFO] ytcrawl: [CAP] 'a.ko' 발견 → 원문 사용
2025-09-15 21:54:07,603 [INFO] ytcrawl: [CAP] 파싱 성공: lines=4, text_len=39
2025-09-15 21:54:07,603 [INFO] ytcrawl: [VIDEO] 완료: id=B3-2CdUvgWo, views=197937, subs=29000, cap_len=39, form=쇼츠
2025-09-15 21:54:07,603 [INFO] ytcrawl: [VIDEO] 시작: id=voB3RCx9xs4 url=https://www.youtube.com/watch?v=voB3RCx9xs4
2025-09-15 21:54:07,743 [INFO] ytcrawl: [CAP] 'a.ko' 발견 → 원문 사용
2025-09-15 21:54:08,085 [DEBUG] ytcrawl: [HTTP] GET https://www.youtube.com/watch?v=jN9DhL2ODqs&hl=ko&gl=KR&persist_hl=1&persist_gl=1 -> 200, len=1122129
2025-09-15 21:54:08,124 [INFO] ytcrawl: [SUBS][WATCH] channel=UCO8ToDSM2Gvt3EZdOdosxTw text='구독자 1.74만명' -> 17400
2025-09-15 21:54:08,246 [INFO] ytcrawl: [CAP] 파싱 성공: lines=23, text_len=447
2025-09-15 21:54:08,246 [INFO] ytcrawl: [VIDEO] 완료: id=P4pdlu8bdRM, views=600065, subs=71600, cap_len=447, form=쇼츠
2025-09-15 21:54:08,247 [INFO] ytcrawl: [VIDEO] 시작: id=ETn3Phqcel0 url=https://www.youtube.com/watch?v=ETn3Phqcel0
2025-09-15 21:54:08,315 [DEBUG] ytcrawl: [CAP] 번역(a.en) 응답: 429, len=1103
2025-09-15 21:54:08,344 [INFO] ytcrawl: [CAP] 'a.ko' 발견 → 원문 사용
2025-09-15 21:54:08,414 [INFO] ytcrawl: [CAP] 'a.ko' 발견 → 원문 사용
2025-09-15 21:54:08,564 [INFO] ytcrawl: [CAP] 파싱 성공: lines=7, text_len=38
2025-09-15 21:54:08,565 [INFO] ytcrawl: [VIDEO] 완료: id=-LjmAzuhxeg, views=445917, subs=36200, cap_len=38, form=쇼츠
2025-09-15 21:54:08,565 [INFO] ytcrawl: [VIDEO] 시작: id=g2mU5XTvyBY url=https://www.youtube.com/watch?v=g2mU5XTvyBY
2025-09-15 21:54:08,627 [INFO] ytcrawl: [CAP] 'a.ko' 발견 → 원문 사용
2025-09-15 21:54:08,705 [INFO] ytcrawl: [CAP] 파싱 성공: lines=234, text_len=3634
2025-09-15 21:54:08,706 [INFO] ytcrawl: [VIDEO] 완료: id=jN9DhL2ODqs, views=12176, subs=17400, cap_len=3634, form=롱폼
2025-09-15 21:54:08,706 [INFO] ytcrawl: [VIDEO] 시작: id=nohU7O5Pz-c url=https://www.youtube.com/watch?v=nohU7O5Pz-c
2025-09-15 21:54:08,720 [DEBUG] ytcrawl: [CAP][PR] GET https://www.youtube.com/api/timedtext?v=BhQcCuQjg_A&ei=bgzIaO6UOPCc29gPg4LcqQs&caps=asr&opi=112496729&exp=xpe&xoaf=5&xowf=1&xospf=1&hl=en&ip=0.0.0.0&ipbits=0&expire=1757966046&sparams=ip,ipbits,expire,v,ei,caps,opi,exp,xoaf&signature=B0A2FC97B65614907F54A5291DFF2BBB9671712A.1BA563DD9C6046D79D3E0DA10D7F5E8BCBDEA144&key=yt8&kind=asr&lang=en&fmt=srv3&tlang=ko -> 429, len=1103
2025-09-15 21:54:08,720 [INFO] ytcrawl: [CAP] XML 자막 미확보
2025-09-15 21:54:08,720 [INFO] ytcrawl: [VIDEO] 완료: id=BhQcCuQjg_A, views=1554393, subs=36200, cap_len=0, form=쇼츠
2025-09-15 21:54:08,720 [INFO] ytcrawl: [VIDEO] 시작: id=feGc3eRmpBs url=https://www.youtube.com/watch?v=feGc3eRmpBs
2025-09-15 21:54:08,828 [INFO] ytcrawl: [CAP] 파싱 성공: lines=3, text_len=41
2025-09-15 21:54:08,828 [INFO] ytcrawl: [VIDEO] 완료: id=QjtsM0m8cNk, views=441944, subs=36200, cap_len=41, form=쇼츠
2025-09-15 21:54:08,828 [INFO] ytcrawl: [CAP] 'a.ko' 발견 → 원문 사용
2025-09-15 21:54:08,829 [INFO] ytcrawl: [VIDEO] 시작: id=8a9tklJqS2c url=https://www.youtube.com/watch?v=8a9tklJqS2c
2025-09-15 21:54:09,094 [INFO] ytcrawl: [CAP] 파싱 성공: lines=21, text_len=404
2025-09-15 21:54:09,095 [INFO] ytcrawl: [VIDEO] 완료: id=8J_b7piRuEk, views=143706, subs=45300, cap_len=404, form=쇼츠
2025-09-15 21:54:09,095 [INFO] ytcrawl: [VIDEO] 시작: id=3JLKt2lOJJA url=https://www.youtube.com/watch?v=3JLKt2lOJJA
2025-09-15 21:54:09,583 [INFO] ytcrawl: [CAP] 'a.ko' 발견 → 원문 사용
2025-09-15 21:54:09,789 [INFO] ytcrawl: [CAP] 파싱 성공: lines=22, text_len=382
2025-09-15 21:54:09,790 [INFO] ytcrawl: [VIDEO] 완료: id=7VQgiMzcxhk, views=284230, subs=13600, cap_len=382, form=쇼츠
2025-09-15 21:54:09,790 [INFO] ytcrawl: [VIDEO] 시작: id=uX_0fdZxv1M url=https://www.youtube.com/watch?v=uX_0fdZxv1M
2025-09-15 21:54:09,991 [DEBUG] ytcrawl: [HTTP] GET https://www.youtube.com/watch?v=voB3RCx9xs4&hl=ko&gl=KR&persist_hl=1&persist_gl=1 -> 200, len=1001473
2025-09-15 21:54:10,021 [INFO] ytcrawl: [SUBS][WATCH] channel=UCNgjBUqLcoNnJXlfn2W8-Jw text='구독자 5.16만명' -> 51600
2025-09-15 21:54:10,233 [INFO] ytcrawl: [CAP] 'a.ko' 발견 → 원문 사용
2025-09-15 21:54:10,416 [INFO] ytcrawl: [CAP] 'a.ko' 발견 → 원문 사용
2025-09-15 21:54:10,452 [INFO] ytcrawl: [CAP] 파싱 성공: lines=40, text_len=508
2025-09-15 21:54:10,452 [INFO] ytcrawl: [VIDEO] 완료: id=voB3RCx9xs4, views=581255, subs=51600, cap_len=508, form=쇼츠
2025-09-15 21:54:10,453 [INFO] ytcrawl: [VIDEO] 시작: id=WGeOFa13Ob4 url=https://www.youtube.com/watch?v=WGeOFa13Ob4
2025-09-15 21:54:10,705 [INFO] ytcrawl: [CAP] 파싱 성공: lines=216, text_len=3826
2025-09-15 21:54:10,705 [INFO] ytcrawl: [VIDEO] 완료: id=ETn3Phqcel0, views=99895, subs=44500, cap_len=3826, form=롱폼
2025-09-15 21:54:10,706 [INFO] ytcrawl: [VIDEO] 시작: id=ZyqqqDHCcFo url=https://www.youtube.com/watch?v=ZyqqqDHCcFo
2025-09-15 21:54:10,736 [INFO] ytcrawl: [CAP] 'a.ko' 발견 → 원문 사용
2025-09-15 21:54:10,935 [INFO] ytcrawl: [CAP] 'a.ko' 발견 → 원문 사용
2025-09-15 21:54:10,945 [INFO] ytcrawl: [CAP] 파싱 성공: lines=6, text_len=34
2025-09-15 21:54:10,945 [INFO] ytcrawl: [VIDEO] 완료: id=3JLKt2lOJJA, views=13099, subs=3920, cap_len=34, form=쇼츠
2025-09-15 21:54:10,945 [INFO] ytcrawl: [VIDEO] 시작: id=ycSBZfUXdRA url=https://www.youtube.com/watch?v=ycSBZfUXdRA
2025-09-15 21:54:10,972 [DEBUG] ytcrawl: [CAP] 번역(en) 응답: 429, len=1103
2025-09-15 21:54:11,126 [INFO] ytcrawl: [CAP] 파싱 성공: lines=21, text_len=392
2025-09-15 21:54:11,126 [INFO] ytcrawl: [VIDEO] 완료: id=feGc3eRmpBs, views=73088, subs=45300, cap_len=392, form=쇼츠
2025-09-15 21:54:11,126 [INFO] ytcrawl: [VIDEO] 시작: id=4utitRhzQIc url=https://www.youtube.com/watch?v=4utitRhzQIc
2025-09-15 21:54:11,320 [DEBUG] ytcrawl: [CAP][PR] GET https://www.youtube.com/api/timedtext?v=nohU7O5Pz-c&ei=cQzIaIDDH5WPvcAPxLDWmAg&caps=asr&opi=112496729&exp=xpe&xoaf=5&xowf=1&hl=en&ip=0.0.0.0&ipbits=0&expire=1757966049&sparams=ip,ipbits,expire,v,ei,caps,opi,exp,xoaf&signature=306651818CE7A816D63153D64DBFC34520DB3AF0.3929CAACD9B7E5B52161A0A0BEE0B34A0FEF9AFE&key=yt8&lang=en&fmt=srv3&tlang=ko -> 429, len=1103
2025-09-15 21:54:11,320 [INFO] ytcrawl: [CAP] XML 자막 미확보
2025-09-15 21:54:11,321 [INFO] ytcrawl: [VIDEO] 완료: id=nohU7O5Pz-c, views=473205, subs=2050000, cap_len=0, form=롱폼
2025-09-15 21:54:11,321 [INFO] ytcrawl: [VIDEO] 시작: id=yRq6_MbugLw url=https://www.youtube.com/watch?v=yRq6_MbugLw
2025-09-15 21:54:11,586 [DEBUG] ytcrawl: [HTTP] GET https://www.youtube.com/watch?v=8a9tklJqS2c&hl=ko&gl=KR&persist_hl=1&persist_gl=1 -> 200, len=1004507
2025-09-15 21:54:11,615 [INFO] ytcrawl: [SUBS][WATCH] channel=UC7lRvU_VthCCfydkLVqPTOg text='구독자 5.32천명' -> 5320
2025-09-15 21:54:11,616 [INFO] ytcrawl: [CAP] XML 자막 미확보
2025-09-15 21:54:11,616 [INFO] ytcrawl: [VIDEO] 완료: id=8a9tklJqS2c, views=11516489, subs=5320, cap_len=0, form=쇼츠
2025-09-15 21:54:11,616 [INFO] ytcrawl: [VIDEO] 시작: id=ykMAJQyPnt8 url=https://www.youtube.com/watch?v=ykMAJQyPnt8
2025-09-15 21:54:11,924 [DEBUG] ytcrawl: [HTTP] GET https://www.youtube.com/watch?v=g2mU5XTvyBY&hl=ko&gl=KR&persist_hl=1&persist_gl=1 -> 200, len=1666679
2025-09-15 21:54:11,979 [INFO] ytcrawl: [SUBS][WATCH] channel=UCJprx3bX49vNl6Bcw01Cwfg text='구독자 158만명' -> 1580000
2025-09-15 21:54:12,152 [INFO] ytcrawl: [CAP] XML 자막 미확보
2025-09-15 21:54:12,152 [INFO] ytcrawl: [VIDEO] 완료: id=WGeOFa13Ob4, views=38167, subs=19000, cap_len=0, form=쇼츠
2025-09-15 21:54:12,153 [INFO] ytcrawl: [VIDEO] 시작: id=eNHJgyavc94 url=https://www.youtube.com/watch?v=eNHJgyavc94
2025-09-15 21:54:12,185 [INFO] ytcrawl: [CAP] 'ko' 발견 → 원문 사용
2025-09-15 21:54:12,199 [DEBUG] ytcrawl: [CAP] 번역(en) 응답: 429, len=1103
2025-09-15 21:54:12,386 [INFO] ytcrawl: [CAP] 파싱 성공: lines=1, text_len=15
2025-09-15 21:54:12,386 [INFO] ytcrawl: [VIDEO] 완료: id=g2mU5XTvyBY, views=3157251, subs=1580000, cap_len=15, form=롱폼
2025-09-15 21:54:12,386 [INFO] ytcrawl: [VIDEO] 시작: id=INobbKToQEE url=https://www.youtube.com/watch?v=INobbKToQEE
2025-09-15 21:54:12,672 [DEBUG] ytcrawl: [CAP][PR] GET https://www.youtube.com/api/timedtext?v=uX_0fdZxv1M&ei=cgzIaPrWO7_m29gP1IahiAU&caps=asr&opi=112496729&exp=xpe&xoaf=5&hl=en&ip=0.0.0.0&ipbits=0&expire=1757966051&sparams=ip,ipbits,expire,v,ei,caps,opi,exp,xoaf&signature=8E923CC07E924E06C5501649051F1215CA52F0FC.50184DF5B53DC4D1676736038BDF8124CA19FD0D&key=yt8&lang=en&fmt=srv3&tlang=ko -> 429, len=1103
2025-09-15 21:54:12,673 [INFO] ytcrawl: [CAP] XML 자막 미확보
2025-09-15 21:54:12,673 [INFO] ytcrawl: [VIDEO] 완료: id=uX_0fdZxv1M, views=490046, subs=2050000, cap_len=0, form=롱폼
2025-09-15 21:54:12,673 [INFO] ytcrawl: [VIDEO] 시작: id=iZn4KFemxYY url=https://www.youtube.com/watch?v=iZn4KFemxYY
2025-09-15 21:54:12,922 [INFO] ytcrawl: [CAP] 'a.ko' 발견 → 원문 사용
2025-09-15 21:54:13,010 [INFO] ytcrawl: [CAP] 'a.ko' 발견 → 원문 사용
2025-09-15 21:54:13,230 [INFO] ytcrawl: [CAP] 파싱 성공: lines=323, text_len=5711
2025-09-15 21:54:13,230 [INFO] ytcrawl: [VIDEO] 완료: id=ZyqqqDHCcFo, views=1390225, subs=259000, cap_len=5711, form=롱폼
2025-09-15 21:54:13,231 [INFO] ytcrawl: [VIDEO] 시작: id=tbNZ6pWuXWI url=https://www.youtube.com/watch?v=tbNZ6pWuXWI
2025-09-15 21:54:13,272 [INFO] ytcrawl: [CAP] 파싱 성공: lines=20, text_len=315
2025-09-15 21:54:13,272 [INFO] ytcrawl: [VIDEO] 완료: id=4utitRhzQIc, views=50316, subs=3920, cap_len=315, form=쇼츠
2025-09-15 21:54:13,272 [INFO] ytcrawl: [VIDEO] 시작: id=fwTpsPr3KJI url=https://www.youtube.com/watch?v=fwTpsPr3KJI
2025-09-15 21:54:13,411 [INFO] ytcrawl: [CAP] 'a.ko' 발견 → 원문 사용
2025-09-15 21:54:13,584 [INFO] ytcrawl: [CAP] 'a.ko' 발견 → 원문 사용
2025-09-15 21:54:13,668 [INFO] ytcrawl: [CAP] 파싱 성공: lines=21, text_len=305
2025-09-15 21:54:13,669 [INFO] ytcrawl: [VIDEO] 완료: id=ycSBZfUXdRA, views=159863, subs=3770, cap_len=305, form=쇼츠
2025-09-15 21:54:13,669 [INFO] ytcrawl: [VIDEO] 시작: id=qYMNiF3mW98 url=https://www.youtube.com/watch?v=qYMNiF3mW98
2025-09-15 21:54:13,739 [INFO] ytcrawl: [CAP] 'a.ko' 발견 → 원문 사용
2025-09-15 21:54:13,788 [INFO] ytcrawl: [CAP] 파싱 성공: lines=30, text_len=427
2025-09-15 21:54:13,788 [INFO] ytcrawl: [VIDEO] 완료: id=yRq6_MbugLw, views=48078, subs=6620, cap_len=427, form=쇼츠
2025-09-15 21:54:13,789 [INFO] ytcrawl: [VIDEO] 시작: id=5X9R7ulmkmY url=https://www.youtube.com/watch?v=5X9R7ulmkmY
2025-09-15 21:54:14,011 [INFO] ytcrawl: [CAP] 파싱 성공: lines=6, text_len=95
2025-09-15 21:54:14,011 [INFO] ytcrawl: [VIDEO] 완료: id=ykMAJQyPnt8, views=222333, subs=3240, cap_len=95, form=쇼츠
2025-09-15 21:54:14,011 [INFO] ytcrawl: [VIDEO] 시작: id=PUGtaVf1T2A url=https://www.youtube.com/watch?v=PUGtaVf1T2A
2025-09-15 21:54:14,425 [INFO] ytcrawl: [CAP] 'a.ko' 발견 → 원문 사용
2025-09-15 21:54:14,629 [DEBUG] ytcrawl: [HTTP] GET https://www.youtube.com/watch?v=INobbKToQEE&hl=ko&gl=KR&persist_hl=1&persist_gl=1 -> 200, len=1386388
2025-09-15 21:54:14,662 [INFO] ytcrawl: [SUBS][WATCH] channel=UCi-0jmyw3x6efk090BAVfxA text='구독자 32.5만명' -> 325000
2025-09-15 21:54:14,663 [INFO] ytcrawl: [CAP] 파싱 성공: lines=59, text_len=888
2025-09-15 21:54:14,663 [INFO] ytcrawl: [CAP] XML 자막 미확보
2025-09-15 21:54:14,664 [INFO] ytcrawl: [VIDEO] 완료: id=iZn4KFemxYY, views=99244, subs=120000, cap_len=888, form=쇼츠
2025-09-15 21:54:14,664 [INFO] ytcrawl: [VIDEO] 완료: id=INobbKToQEE, views=173519, subs=325000, cap_len=0, form=롱폼
2025-09-15 21:54:14,664 [INFO] ytcrawl: [VIDEO] 시작: id=gVBsgpSRQ38 url=https://www.youtube.com/watch?v=gVBsgpSRQ38
2025-09-15 21:54:14,667 [INFO] ytcrawl: [VIDEO] 시작: id=s_uRvDPwZ9Y url=https://www.youtube.com/watch?v=s_uRvDPwZ9Y
2025-09-15 21:54:14,887 [DEBUG] ytcrawl: [HTTP] GET https://www.youtube.com/watch?v=eNHJgyavc94&hl=ko&gl=KR&persist_hl=1&persist_gl=1 -> 200, len=998044
2025-09-15 21:54:14,913 [INFO] ytcrawl: [SUBS][WATCH] channel=UCG93K-wn87l3L2FY4pDcayA text='구독자 399명' -> 399
2025-09-15 21:54:14,932 [INFO] ytcrawl: [CAP] XML 자막 미확보
2025-09-15 21:54:14,932 [INFO] ytcrawl: [VIDEO] 완료: id=tbNZ6pWuXWI, views=34062, subs=19000, cap_len=0, form=롱폼
2025-09-15 21:54:14,932 [INFO] ytcrawl: [VIDEO] 시작: id=mneFOqgov88 url=https://www.youtube.com/watch?v=mneFOqgov88
2025-09-15 21:54:15,111 [INFO] ytcrawl: [CAP] 'a.ko' 발견 → 원문 사용
2025-09-15 21:54:15,321 [INFO] ytcrawl: [CAP] 파싱 성공: lines=24, text_len=413
2025-09-15 21:54:15,322 [INFO] ytcrawl: [VIDEO] 완료: id=eNHJgyavc94, views=20970, subs=399, cap_len=413, form=쇼츠
2025-09-15 21:54:15,323 [INFO] ytcrawl: [VIDEO] 시작: id=RcAy0WvCZ-8 url=https://www.youtube.com/watch?v=RcAy0WvCZ-8
2025-09-15 21:54:16,393 [INFO] ytcrawl: [CAP] 'a.ko' 발견 → 원문 사용
2025-09-15 21:54:16,463 [INFO] ytcrawl: [CAP] 'a.ko' 발견 → 원문 사용
2025-09-15 21:54:16,476 [DEBUG] ytcrawl: [HTTP] GET https://www.youtube.com/watch?v=5X9R7ulmkmY&hl=ko&gl=KR&persist_hl=1&persist_gl=1 -> 200, len=1460822
2025-09-15 21:54:16,508 [INFO] ytcrawl: [SUBS][WATCH] channel=UCQgu0whGhuJ2Hr8u6htgxxw text='구독자 30.1만명' -> 301000
2025-09-15 21:54:16,551 [INFO] ytcrawl: [CAP] XML 자막 미확보
2025-09-15 21:54:16,551 [INFO] ytcrawl: [VIDEO] 완료: id=mneFOqgov88, views=52006, subs=19000, cap_len=0, form=쇼츠
2025-09-15 21:54:16,551 [INFO] ytcrawl: [VIDEO] 시작: id=S-FMQCKzzH4 url=https://www.youtube.com/watch?v=S-FMQCKzzH4
2025-09-15 21:54:16,572 [DEBUG] ytcrawl: [HTTP] GET https://www.youtube.com/watch?v=qYMNiF3mW98&hl=ko&gl=KR&persist_hl=1&persist_gl=1 -> 200, len=1614709
2025-09-15 21:54:16,614 [INFO] ytcrawl: [SUBS][WATCH] channel=UCd1xwBfBGyD4VTti7WFBDIQ text='구독자 1.48천명' -> 1480
2025-09-15 21:54:16,615 [INFO] ytcrawl: [CAP] 파싱 성공: lines=8, text_len=138
2025-09-15 21:54:16,615 [INFO] ytcrawl: [VIDEO] 완료: id=PUGtaVf1T2A, views=8352, subs=3920, cap_len=138, form=쇼츠
2025-09-15 21:54:16,616 [INFO] ytcrawl: [CAP] XML 자막 미확보
2025-09-15 21:54:16,616 [INFO] ytcrawl: [VIDEO] 시작: id=a_svLMgpzeQ url=https://www.youtube.com/watch?v=a_svLMgpzeQ
2025-09-15 21:54:16,616 [INFO] ytcrawl: [VIDEO] 완료: id=qYMNiF3mW98, views=1926158, subs=1480, cap_len=0, form=롱폼
2025-09-15 21:54:16,618 [INFO] ytcrawl: [VIDEO] 시작: id=qztKKs8NSds url=https://www.youtube.com/watch?v=qztKKs8NSds
2025-09-15 21:54:16,700 [INFO] ytcrawl: [CAP] 파싱 성공: lines=20, text_len=388
2025-09-15 21:54:16,701 [INFO] ytcrawl: [VIDEO] 완료: id=fwTpsPr3KJI, views=61404, subs=45300, cap_len=388, form=쇼츠
2025-09-15 21:54:16,701 [INFO] ytcrawl: [VIDEO] 시작: id=xdfVomq3lAc url=https://www.youtube.com/watch?v=xdfVomq3lAc
2025-09-15 21:54:16,744 [INFO] ytcrawl: [CAP] 'a.ko' 발견 → 원문 사용
2025-09-15 21:54:16,916 [INFO] ytcrawl: [CAP] 'a.ko' 발견 → 원문 사용
2025-09-15 21:54:17,026 [INFO] ytcrawl: [CAP] 파싱 성공: lines=91, text_len=1565
2025-09-15 21:54:17,026 [INFO] ytcrawl: [VIDEO] 완료: id=5X9R7ulmkmY, views=710885, subs=301000, cap_len=1565, form=롱폼
2025-09-15 21:54:17,027 [INFO] ytcrawl: [VIDEO] 시작: id=xdNGuV-ZDt0 url=https://www.youtube.com/watch?v=xdNGuV-ZDt0
2025-09-15 21:54:17,156 [INFO] ytcrawl: [CAP] 파싱 성공: lines=34, text_len=634
2025-09-15 21:54:17,157 [INFO] ytcrawl: [VIDEO] 완료: id=s_uRvDPwZ9Y, views=13836, subs=6620, cap_len=634, form=쇼츠
2025-09-15 21:54:17,157 [INFO] ytcrawl: [VIDEO] 시작: id=FTk6_41CUNs url=https://www.youtube.com/watch?v=FTk6_41CUNs
2025-09-15 21:54:17,854 [DEBUG] ytcrawl: [HTTP] GET https://www.youtube.com/watch?v=gVBsgpSRQ38&hl=ko&gl=KR&persist_hl=1&persist_gl=1 -> 200, len=1385809
2025-09-15 21:54:17,882 [INFO] ytcrawl: [SUBS][WATCH] channel=UCugNO83_V7xZLzCsjpABGeg text='구독자 76.2만명' -> 762000
2025-09-15 21:54:17,903 [DEBUG] ytcrawl: [CAP] 번역(en) 응답: 429, len=1103
2025-09-15 21:54:18,078 [INFO] ytcrawl: [CAP] 'a.ko' 발견 → 원문 사용
2025-09-15 21:54:18,150 [DEBUG] ytcrawl: [CAP][PR] GET https://www.youtube.com/api/timedtext?v=RcAy0WvCZ-8&ei=eAzIaKSmIZeLqL8PiIn7-Ao&caps=asr&opi=112496729&exp=xpe&xoaf=5&xowf=1&hl=en&ip=0.0.0.0&ipbits=0&expire=1757966056&sparams=ip,ipbits,expire,v,ei,caps,opi,exp,xoaf&signature=2C6D822C7AB7FD873D99579768F0A1880C787EC6.A4496EC12DFA67E2FE2B7034B5E1918B27738C13&key=yt8&lang=en&fmt=srv3&tlang=ko -> 429, len=1103
2025-09-15 21:54:18,151 [INFO] ytcrawl: [CAP] XML 자막 미확보
2025-09-15 21:54:18,151 [INFO] ytcrawl: [VIDEO] 완료: id=RcAy0WvCZ-8, views=596099, subs=2050000, cap_len=0, form=롱폼
2025-09-15 21:54:18,151 [INFO] ytcrawl: [VIDEO] 시작: id=nkzkRaHrON8 url=https://www.youtube.com/watch?v=nkzkRaHrON8
2025-09-15 21:54:18,373 [INFO] ytcrawl: [CAP] 파싱 성공: lines=53, text_len=511
2025-09-15 21:54:18,373 [INFO] ytcrawl: [VIDEO] 완료: id=gVBsgpSRQ38, views=2532110, subs=762000, cap_len=511, form=롱폼
2025-09-15 21:54:18,373 [INFO] ytcrawl: [VIDEO] 시작: id=em7MEHdq26E url=https://www.youtube.com/watch?v=em7MEHdq26E
2025-09-15 21:54:18,734 [INFO] ytcrawl: [CAP] 'a.ko' 발견 → 원문 사용
2025-09-15 21:54:18,770 [INFO] ytcrawl: [CAP] 'a.ko' 발견 → 원문 사용
2025-09-15 21:54:19,011 [INFO] ytcrawl: [CAP] 파싱 성공: lines=34, text_len=620
2025-09-15 21:54:19,013 [INFO] ytcrawl: [VIDEO] 완료: id=FTk6_41CUNs, views=406704, subs=149000, cap_len=620, form=쇼츠
2025-09-15 21:54:19,013 [INFO] ytcrawl: [VIDEO] 시작: id=5D79eqZPiws url=https://www.youtube.com/watch?v=5D79eqZPiws
2025-09-15 21:54:19,107 [INFO] ytcrawl: [CAP] 파싱 성공: lines=552, text_len=10258
2025-09-15 21:54:19,107 [INFO] ytcrawl: [VIDEO] 완료: id=S-FMQCKzzH4, views=497435, subs=50500, cap_len=10258, form=롱폼
2025-09-15 21:54:19,107 [INFO] ytcrawl: [VIDEO] 시작: id=rD33_53dt5U url=https://www.youtube.com/watch?v=rD33_53dt5U
2025-09-15 21:54:19,251 [DEBUG] ytcrawl: [HTTP] GET https://www.youtube.com/watch?v=xdfVomq3lAc&hl=ko&gl=KR&persist_hl=1&persist_gl=1 -> 200, len=1093955
2025-09-15 21:54:19,283 [INFO] ytcrawl: [SUBS][WATCH] channel=UC2t5bjwHdUX4vM2g8TRDq5g text='구독자 1590만명' -> 15900000
2025-09-15 21:54:19,453 [DEBUG] ytcrawl: [HTTP] GET https://www.youtube.com/watch?v=a_svLMgpzeQ&hl=ko&gl=KR&persist_hl=1&persist_gl=1 -> 200, len=1025718
2025-09-15 21:54:19,481 [INFO] ytcrawl: [SUBS][WATCH] channel=UC_xWhywWtaCgKrVxIelccCg text='구독자 1.77천명' -> 1770
2025-09-15 21:54:19,570 [INFO] ytcrawl: [CAP] 'ko' 발견 → 원문 사용
2025-09-15 21:54:19,571 [INFO] ytcrawl: [CAP] 'a.ko' 발견 → 원문 사용
2025-09-15 21:54:19,747 [DEBUG] ytcrawl: [CAP] 번역(a.en) 응답: 429, len=1103
2025-09-15 21:54:19,795 [INFO] ytcrawl: [CAP] 파싱 성공: lines=11, text_len=98
2025-09-15 21:54:19,796 [INFO] ytcrawl: [VIDEO] 완료: id=qztKKs8NSds, views=331242, subs=1500, cap_len=98, form=쇼츠
2025-09-15 21:54:19,796 [INFO] ytcrawl: [VIDEO] 시작: id=hTwBjqnXv2o url=https://www.youtube.com/watch?v=hTwBjqnXv2o
2025-09-15 21:54:19,856 [INFO] ytcrawl: [CAP] 파싱 성공: lines=551, text_len=14284
2025-09-15 21:54:19,856 [INFO] ytcrawl: [VIDEO] 완료: id=xdfVomq3lAc, views=4320969, subs=15900000, cap_len=14284, form=롱폼
2025-09-15 21:54:19,856 [INFO] ytcrawl: [VIDEO] 시작: id=k8zhLNRBn-M url=https://www.youtube.com/watch?v=k8zhLNRBn-M
2025-09-15 21:54:19,981 [DEBUG] ytcrawl: [CAP][PR] GET https://www.youtube.com/api/timedtext?v=a_svLMgpzeQ&ei=eQzIaJ_rFd6W1d8PlvvbeQ&caps=asr&opi=112496729&exp=xpe&xoaf=5&xowf=1&hl=en&ip=0.0.0.0&ipbits=0&expire=1757966057&sparams=ip,ipbits,expire,v,ei,caps,opi,exp,xoaf&signature=0A25D21CB6A63F943E4F46995F0AA6619DE4E676.70B43840B3B2B9703871D46C7C12D40718DF9FE6&key=yt8&kind=asr&lang=en&fmt=srv3&tlang=ko -> 429, len=1103
2025-09-15 21:54:19,982 [INFO] ytcrawl: [CAP] XML 자막 미확보
2025-09-15 21:54:19,982 [INFO] ytcrawl: [VIDEO] 완료: id=a_svLMgpzeQ, views=1386547, subs=1770, cap_len=0, form=쇼츠
2025-09-15 21:54:19,982 [INFO] ytcrawl: [VIDEO] 시작: id=z68v498WvfA url=https://www.youtube.com/watch?v=z68v498WvfA
2025-09-15 21:54:20,091 [DEBUG] ytcrawl: [HTTP] GET https://www.youtube.com/watch?v=xdNGuV-ZDt0&hl=ko&gl=KR&persist_hl=1&persist_gl=1 -> 200, len=1030412
2025-09-15 21:54:20,121 [INFO] ytcrawl: [SUBS][WATCH] channel=UC4h_XsLMbDddsC-_6s8h04g text='구독자 3.18천명' -> 3180
2025-09-15 21:54:20,357 [INFO] ytcrawl: [CAP] 'a.ko' 발견 → 원문 사용
2025-09-15 21:54:20,580 [INFO] ytcrawl: [CAP] 파싱 성공: lines=21, text_len=338
2025-09-15 21:54:20,581 [INFO] ytcrawl: [VIDEO] 완료: id=xdNGuV-ZDt0, views=40250, subs=3180, cap_len=338, form=쇼츠
2025-09-15 21:54:20,581 [INFO] ytcrawl: [VIDEO] 시작: id=tjJJud3cAA4 url=https://www.youtube.com/watch?v=tjJJud3cAA4
2025-09-15 21:54:20,605 [DEBUG] ytcrawl: [HTTP] GET https://www.youtube.com/watch?v=nkzkRaHrON8&hl=ko&gl=KR&persist_hl=1&persist_gl=1 -> 200, len=1012939
2025-09-15 21:54:20,633 [INFO] ytcrawl: [SUBS][WATCH] channel=UCwvk_uRd0w-n0O1I4QRdM0g text='구독자 1.24만명' -> 12400
2025-09-15 21:54:20,968 [INFO] ytcrawl: [CAP] 'a.ko' 발견 → 원문 사용
2025-09-15 21:54:21,004 [INFO] ytcrawl: [CAP] 'a.ko' 발견 → 원문 사용
2025-09-15 21:54:21,074 [INFO] ytcrawl: [CAP] 'a.ko' 발견 → 원문 사용
2025-09-15 21:54:21,167 [INFO] ytcrawl: [CAP] 파싱 성공: lines=21, text_len=360
2025-09-15 21:54:21,167 [INFO] ytcrawl: [VIDEO] 완료: id=nkzkRaHrON8, views=61653, subs=12400, cap_len=360, form=쇼츠
2025-09-15 21:54:21,167 [INFO] ytcrawl: [VIDEO] 시작: id=A4I91gB2B38 url=https://www.youtube.com/watch?v=A4I91gB2B38
2025-09-15 21:54:21,295 [INFO] ytcrawl: [CAP] 파싱 성공: lines=7, text_len=64
2025-09-15 21:54:21,295 [INFO] ytcrawl: [VIDEO] 완료: id=rD33_53dt5U, views=73114, subs=36200, cap_len=64, form=쇼츠
2025-09-15 21:54:21,295 [INFO] ytcrawl: [VIDEO] 시작: id=EnsIx4EvoDI url=https://www.youtube.com/watch?v=EnsIx4EvoDI
2025-09-15 21:54:21,414 [INFO] ytcrawl: [CAP] 파싱 성공: lines=227, text_len=3398
2025-09-15 21:54:21,414 [INFO] ytcrawl: [VIDEO] 완료: id=5D79eqZPiws, views=340529, subs=44500, cap_len=3398, form=롱폼
2025-09-15 21:54:21,414 [INFO] ytcrawl: [VIDEO] 시작: id=O1Jj6iu2gTA url=https://www.youtube.com/watch?v=O1Jj6iu2gTA
2025-09-15 21:54:21,701 [DEBUG] ytcrawl: [HTTP] GET https://www.youtube.com/watch?v=em7MEHdq26E&hl=ko&gl=KR&persist_hl=1&persist_gl=1 -> 200, len=1024165
2025-09-15 21:54:21,729 [INFO] ytcrawl: [SUBS][WATCH] channel=UCu8mhZuUbCgHbUTJT7FVsAw text='구독자 1.49천명' -> 1490
2025-09-15 21:54:22,026 [INFO] ytcrawl: [CAP] 'a.ko' 발견 → 원문 사용
2025-09-15 21:54:22,073 [INFO] ytcrawl: [CAP] 'a.ko' 발견 → 원문 사용
2025-09-15 21:54:22,220 [INFO] ytcrawl: [CAP] 파싱 성공: lines=21, text_len=383
2025-09-15 21:54:22,221 [INFO] ytcrawl: [VIDEO] 완료: id=em7MEHdq26E, views=208687, subs=1490, cap_len=383, form=쇼츠
2025-09-15 21:54:22,221 [INFO] ytcrawl: [VIDEO] 시작: id=zUS7zcRu8EA url=https://www.youtube.com/watch?v=zUS7zcRu8EA
2025-09-15 21:54:22,285 [INFO] ytcrawl: [CAP] 파싱 성공: lines=14, text_len=122
2025-09-15 21:54:22,285 [INFO] ytcrawl: [VIDEO] 완료: id=k8zhLNRBn-M, views=76666, subs=1500, cap_len=122, form=쇼츠
2025-09-15 21:54:22,286 [INFO] ytcrawl: [VIDEO] 시작: id=e6zKS0qqWIw url=https://www.youtube.com/watch?v=e6zKS0qqWIw
2025-09-15 21:54:22,495 [DEBUG] ytcrawl: [HTTP] GET https://www.youtube.com/watch?v=hTwBjqnXv2o&hl=ko&gl=KR&persist_hl=1&persist_gl=1 -> 200, len=1092108
2025-09-15 21:54:22,527 [INFO] ytcrawl: [SUBS][WATCH] channel=UCulvzvWVnLEolR4llqUpt1Q text='구독자 2.78천명' -> 2780
2025-09-15 21:54:22,552 [INFO] ytcrawl: [CAP] 'a.ko' 발견 → 원문 사용
2025-09-15 21:54:22,964 [INFO] ytcrawl: [CAP] 'a.ko' 발견 → 원문 사용
2025-09-15 21:54:23,013 [DEBUG] ytcrawl: [CAP] 번역(a.en) 응답: 429, len=1103
2025-09-15 21:54:23,123 [INFO] ytcrawl: [CAP] 'a.ko' 발견 → 원문 사용
2025-09-15 21:54:23,184 [INFO] ytcrawl: [CAP] 파싱 성공: lines=18, text_len=347
2025-09-15 21:54:23,185 [INFO] ytcrawl: [VIDEO] 완료: id=tjJJud3cAA4, views=97966, subs=45300, cap_len=347, form=쇼츠
2025-09-15 21:54:23,185 [INFO] ytcrawl: [CAP] 파싱 성공: lines=21, text_len=319
2025-09-15 21:54:23,185 [INFO] ytcrawl: [VIDEO] 시작: id=AE8UVN__mZQ url=https://www.youtube.com/watch?v=AE8UVN__mZQ
2025-09-15 21:54:23,185 [INFO] ytcrawl: [VIDEO] 완료: id=EnsIx4EvoDI, views=323309, subs=782, cap_len=319, form=쇼츠
2025-09-15 21:54:23,187 [INFO] ytcrawl: [VIDEO] 시작: id=2coEleTIcU0 url=https://www.youtube.com/watch?v=2coEleTIcU0
2025-09-15 21:54:23,286 [DEBUG] ytcrawl: [HTTP] GET https://www.youtube.com/watch?v=z68v498WvfA&hl=ko&gl=KR&persist_hl=1&persist_gl=1 -> 200, len=1516845
2025-09-15 21:54:23,316 [INFO] ytcrawl: [SUBS][WATCH] channel=UCwNVDlUgdBlmVWRPy4Nk0Dw text='구독자 154만명' -> 1540000
2025-09-15 21:54:23,324 [INFO] ytcrawl: [CAP] 파싱 성공: lines=13, text_len=229
2025-09-15 21:54:23,324 [INFO] ytcrawl: [VIDEO] 완료: id=O1Jj6iu2gTA, views=953748, subs=3920, cap_len=229, form=쇼츠
2025-09-15 21:54:23,324 [INFO] ytcrawl: [VIDEO] 시작: id=KvbtiK0C5x8 url=https://www.youtube.com/watch?v=KvbtiK0C5x8
2025-09-15 21:54:23,485 [DEBUG] ytcrawl: [CAP][PR] GET https://www.youtube.com/api/timedtext?v=hTwBjqnXv2o&ei=fAzIaJXzJq2I29gPspewkAU&caps=asr&opi=112496729&exp=xpe&xoaf=5&hl=en&ip=0.0.0.0&ipbits=0&expire=1757966060&sparams=ip,ipbits,expire,v,ei,caps,opi,exp,xoaf&signature=74FCF4A21658E1A72A949B7D54C6AE48DCE2FD96.2D44F7A3A853C32903E3E4C4CD34E6A5A75EF83B&key=yt8&kind=asr&lang=en&fmt=srv3&tlang=ko -> 429, len=1103
2025-09-15 21:54:23,485 [INFO] ytcrawl: [CAP] XML 자막 미확보
2025-09-15 21:54:23,485 [INFO] ytcrawl: [VIDEO] 완료: id=hTwBjqnXv2o, views=573512, subs=2780, cap_len=0, form=롱폼
2025-09-15 21:54:23,485 [INFO] ytcrawl: [VIDEO] 시작: id=OA9426R8pHU url=https://www.youtube.com/watch?v=OA9426R8pHU
2025-09-15 21:54:23,894 [INFO] ytcrawl: [CAP] XML 자막 미확보
2025-09-15 21:54:23,896 [INFO] ytcrawl: [VIDEO] 완료: id=e6zKS0qqWIw, views=200169, subs=19000, cap_len=0, form=롱폼
2025-09-15 21:54:23,896 [INFO] ytcrawl: [VIDEO] 시작: id=dOMoim8Flfc url=https://www.youtube.com/watch?v=dOMoim8Flfc
2025-09-15 21:54:23,952 [INFO] ytcrawl: [CAP] 'a.ko' 발견 → 원문 사용
2025-09-15 21:54:24,307 [DEBUG] ytcrawl: [HTTP] GET https://www.youtube.com/watch?v=A4I91gB2B38&hl=ko&gl=KR&persist_hl=1&persist_gl=1 -> 200, len=1125377
2025-09-15 21:54:24,341 [INFO] ytcrawl: [SUBS][WATCH] channel=UCv6nDWBgCNaF4YainVnwiXg text='구독자 2.28만명' -> 22799
2025-09-15 21:54:24,342 [INFO] ytcrawl: [CAP] XML 자막 미확보
2025-09-15 21:54:24,342 [INFO] ytcrawl: [VIDEO] 완료: id=A4I91gB2B38, views=1172150, subs=22799, cap_len=0, form=쇼츠
2025-09-15 21:54:24,342 [INFO] ytcrawl: [VIDEO] 시작: id=k7OXOgITa0I url=https://www.youtube.com/watch?v=k7OXOgITa0I
2025-09-15 21:54:24,364 [INFO] ytcrawl: [CAP] 파싱 성공: lines=438, text_len=7817
2025-09-15 21:54:24,364 [INFO] ytcrawl: [VIDEO] 완료: id=z68v498WvfA, views=5714411, subs=1540000, cap_len=7817, form=롱폼
2025-09-15 21:54:24,365 [INFO] ytcrawl: [VIDEO] 시작: id=5jOgQZb1cjM url=https://www.youtube.com/watch?v=5jOgQZb1cjM
2025-09-15 21:54:24,673 [INFO] ytcrawl: [CAP] XML 자막 미확보
2025-09-15 21:54:24,673 [INFO] ytcrawl: [VIDEO] 완료: id=zUS7zcRu8EA, views=21727, subs=9720, cap_len=0, form=쇼츠
2025-09-15 21:54:24,673 [INFO] ytcrawl: [VIDEO] 시작: id=HQD8eiZsgXU url=https://www.youtube.com/watch?v=HQD8eiZsgXU
2025-09-15 21:54:25,116 [INFO] ytcrawl: [CAP] 'a.ko' 발견 → 원문 사용
2025-09-15 21:54:25,217 [INFO] ytcrawl: [CAP] 'a.ko' 발견 → 원문 사용
2025-09-15 21:54:25,391 [INFO] ytcrawl: [CAP] 파싱 성공: lines=23, text_len=368
2025-09-15 21:54:25,392 [INFO] ytcrawl: [VIDEO] 완료: id=2coEleTIcU0, views=781554, subs=782, cap_len=368, form=쇼츠
2025-09-15 21:54:25,392 [INFO] ytcrawl: [VIDEO] 시작: id=ngrESG_Llus url=https://www.youtube.com/watch?v=ngrESG_Llus
2025-09-15 21:54:25,438 [INFO] ytcrawl: [CAP] 파싱 성공: lines=12, text_len=200
2025-09-15 21:54:25,438 [INFO] ytcrawl: [VIDEO] 완료: id=AE8UVN__mZQ, views=299846, subs=782, cap_len=200, form=쇼츠
2025-09-15 21:54:25,438 [INFO] ytcrawl: [VIDEO] 시작: id=oWK4RfeJppg url=https://www.youtube.com/watch?v=oWK4RfeJppg
2025-09-15 21:54:25,658 [INFO] ytcrawl: [CAP] 'a.ko' 발견 → 원문 사용
2025-09-15 21:54:25,927 [INFO] ytcrawl: [CAP] 파싱 성공: lines=64, text_len=749
2025-09-15 21:54:25,928 [INFO] ytcrawl: [VIDEO] 완료: id=OA9426R8pHU, views=264299, subs=1370000, cap_len=749, form=롱폼
2025-09-15 21:54:25,928 [INFO] ytcrawl: [VIDEO] 시작: id=EMNJ6ryCYFs url=https://www.youtube.com/watch?v=EMNJ6ryCYFs
2025-09-15 21:54:26,310 [INFO] ytcrawl: [CAP] 'a.ko' 발견 → 원문 사용
2025-09-15 21:54:26,592 [INFO] ytcrawl: [CAP] 파싱 성공: lines=20, text_len=377
2025-09-15 21:54:26,592 [INFO] ytcrawl: [VIDEO] 완료: id=5jOgQZb1cjM, views=307931, subs=45300, cap_len=377, form=쇼츠
2025-09-15 21:54:26,593 [INFO] ytcrawl: [VIDEO] 시작: id=2weWG5jAGyg url=https://www.youtube.com/watch?v=2weWG5jAGyg
2025-09-15 21:54:26,599 [DEBUG] ytcrawl: [HTTP] GET https://www.youtube.com/watch?v=KvbtiK0C5x8&hl=ko&gl=KR&persist_hl=1&persist_gl=1 -> 200, len=1490099
2025-09-15 21:54:26,696 [INFO] ytcrawl: [SUBS][WATCH] channel=UCyNHdF4hMxHUFSsPbY24p6A text='구독자 186만명' -> 1860000
2025-09-15 21:54:26,859 [DEBUG] ytcrawl: [HTTP] GET https://www.youtube.com/watch?v=dOMoim8Flfc&hl=ko&gl=KR&persist_hl=1&persist_gl=1 -> 200, len=1005484
2025-09-15 21:54:26,886 [INFO] ytcrawl: [SUBS][WATCH] channel=UCSzHok6X5qXEO7cjvVnE62g text='구독자 66.7만명' -> 667000
2025-09-15 21:54:27,089 [INFO] ytcrawl: [CAP] 'a.ko' 발견 → 원문 사용
2025-09-15 21:54:27,105 [INFO] ytcrawl: [CAP] 'a.ko' 발견 → 원문 사용
2025-09-15 21:54:27,114 [INFO] ytcrawl: [CAP] 'a.ko' 발견 → 원문 사용
2025-09-15 21:54:27,320 [INFO] ytcrawl: [CAP] 파싱 성공: lines=12, text_len=183
2025-09-15 21:54:27,320 [INFO] ytcrawl: [VIDEO] 완료: id=HQD8eiZsgXU, views=72050, subs=3920, cap_len=183, form=쇼츠
2025-09-15 21:54:27,320 [INFO] ytcrawl: [VIDEO] 시작: id=kXPZWvaugUo url=https://www.youtube.com/watch?v=kXPZWvaugUo
2025-09-15 21:54:27,422 [INFO] ytcrawl: [CAP] 파싱 성공: lines=36, text_len=634
2025-09-15 21:54:27,423 [INFO] ytcrawl: [VIDEO] 완료: id=dOMoim8Flfc, views=1262467, subs=667000, cap_len=634, form=쇼츠
2025-09-15 21:54:27,423 [INFO] ytcrawl: [VIDEO] 시작: id=sGcrS47OOY8 url=https://www.youtube.com/watch?v=sGcrS47OOY8
2025-09-15 21:54:27,443 [INFO] ytcrawl: [CAP] 파싱 성공: lines=565, text_len=9933
2025-09-15 21:54:27,444 [INFO] ytcrawl: [VIDEO] 완료: id=KvbtiK0C5x8, views=3295167, subs=1860000, cap_len=9933, form=롱폼
2025-09-15 21:54:27,444 [INFO] ytcrawl: [VIDEO] 시작: id=8WnmWeYn2IU url=https://www.youtube.com/watch?v=8WnmWeYn2IU
2025-09-15 21:54:27,468 [DEBUG] ytcrawl: [HTTP] GET https://www.youtube.com/watch?v=k7OXOgITa0I&hl=ko&gl=KR&persist_hl=1&persist_gl=1 -> 200, len=1039464
2025-09-15 21:54:27,496 [INFO] ytcrawl: [SUBS][WATCH] channel=UCuXXmPtjJyqezCAoCEz8aBQ text='구독자 8.38만명' -> 83800
2025-09-15 21:54:27,733 [INFO] ytcrawl: [CAP] XML 자막 미확보
2025-09-15 21:54:27,733 [INFO] ytcrawl: [VIDEO] 완료: id=EMNJ6ryCYFs, views=382775, subs=3240, cap_len=0, form=쇼츠
2025-09-15 21:54:27,734 [INFO] ytcrawl: [VIDEO] 시작: id=yySBf19lSvo url=https://www.youtube.com/watch?v=yySBf19lSvo
2025-09-15 21:54:27,975 [DEBUG] ytcrawl: [CAP] 번역(en) 응답: 429, len=1103
2025-09-15 21:54:27,983 [INFO] ytcrawl: [CAP] 'a.ko' 발견 → 원문 사용
2025-09-15 21:54:28,281 [INFO] ytcrawl: [CAP] 파싱 성공: lines=21, text_len=332
2025-09-15 21:54:28,282 [INFO] ytcrawl: [VIDEO] 완료: id=k7OXOgITa0I, views=197964, subs=83800, cap_len=332, form=쇼츠
2025-09-15 21:54:28,282 [INFO] ytcrawl: [VIDEO] 시작: id=otb5Wjtz5JE url=https://www.youtube.com/watch?v=otb5Wjtz5JE
2025-09-15 21:54:28,305 [DEBUG] ytcrawl: [HTTP] GET https://www.youtube.com/watch?v=ngrESG_Llus&hl=ko&gl=KR&persist_hl=1&persist_gl=1 -> 200, len=1604471
2025-09-15 21:54:28,345 [INFO] ytcrawl: [SUBS][WATCH] channel=UCvrxJgD0T_TFvgsO2nA-fDQ text='구독자 40.8만명' -> 408000
2025-09-15 21:54:28,356 [INFO] ytcrawl: [CAP] XML 자막 미확보
2025-09-15 21:54:28,357 [INFO] ytcrawl: [VIDEO] 완료: id=2weWG5jAGyg, views=357666, subs=8650, cap_len=0, form=쇼츠
2025-09-15 21:54:28,357 [INFO] ytcrawl: [VIDEO] 시작: id=aoCZ1-HjrDQ url=https://www.youtube.com/watch?v=aoCZ1-HjrDQ
2025-09-15 21:54:28,483 [DEBUG] ytcrawl: [CAP][PR] GET https://www.youtube.com/api/timedtext?v=oWK4RfeJppg&ei=ggzIaIz_JI_g1d8P1dyGsAE&caps=asr&opi=112496729&exp=xpe&xoaf=5&hl=en&ip=0.0.0.0&ipbits=0&expire=1757966066&sparams=ip,ipbits,expire,v,ei,caps,opi,exp,xoaf&signature=978F0E5DBD555145E9210384AEB6D5AF55840F7F.6DFB6612E8E7F11E615064654AB0F9E34F090D80&key=yt8&lang=en&fmt=srv3&tlang=ko -> 429, len=1103
2025-09-15 21:54:28,483 [INFO] ytcrawl: [CAP] XML 자막 미확보
2025-09-15 21:54:28,483 [INFO] ytcrawl: [VIDEO] 완료: id=oWK4RfeJppg, views=498770, subs=2050000, cap_len=0, form=롱폼
2025-09-15 21:54:28,483 [INFO] ytcrawl: [VIDEO] 시작: id=EZ1gCO2OBmE url=https://www.youtube.com/watch?v=EZ1gCO2OBmE
2025-09-15 21:54:28,764 [INFO] ytcrawl: [CAP] 'a.ko' 발견 → 원문 사용
2025-09-15 21:54:29,231 [INFO] ytcrawl: [CAP] 파싱 성공: lines=1649, text_len=30200
2025-09-15 21:54:29,232 [INFO] ytcrawl: [VIDEO] 완료: id=ngrESG_Llus, views=1250624, subs=408000, cap_len=30200, form=롱폼
2025-09-15 21:54:29,232 [INFO] ytcrawl: [VIDEO] 시작: id=yxEQ5m70e9w url=https://www.youtube.com/watch?v=yxEQ5m70e9w
2025-09-15 21:54:29,388 [INFO] ytcrawl: [CAP] 'ko' 발견 → 원문 사용
2025-09-15 21:54:29,398 [INFO] ytcrawl: [CAP] 'a.ko' 발견 → 원문 사용
2025-09-15 21:54:29,424 [INFO] ytcrawl: [CAP] 'a.ko' 발견 → 원문 사용
2025-09-15 21:54:29,598 [INFO] ytcrawl: [CAP] 파싱 성공: lines=1, text_len=8
2025-09-15 21:54:29,598 [INFO] ytcrawl: [VIDEO] 완료: id=8WnmWeYn2IU, views=1051964, subs=2050000, cap_len=8, form=롱폼
2025-09-15 21:54:29,598 [INFO] ytcrawl: [VIDEO] 시작: id=F_2b6IySB4c url=https://www.youtube.com/watch?v=F_2b6IySB4c
2025-09-15 21:54:29,634 [INFO] ytcrawl: [CAP] 파싱 성공: lines=10, text_len=153
2025-09-15 21:54:29,635 [INFO] ytcrawl: [VIDEO] 완료: id=kXPZWvaugUo, views=144050, subs=148, cap_len=153, form=쇼츠
2025-09-15 21:54:29,635 [INFO] ytcrawl: [VIDEO] 시작: id=JreGeQ-PRBs url=https://www.youtube.com/watch?v=JreGeQ-PRBs
2025-09-15 21:54:29,704 [INFO] ytcrawl: [CAP] 파싱 성공: lines=4, text_len=41
2025-09-15 21:54:29,704 [INFO] ytcrawl: [VIDEO] 완료: id=sGcrS47OOY8, views=212659, subs=36200, cap_len=41, form=쇼츠
2025-09-15 21:54:29,704 [INFO] ytcrawl: [VIDEO] 시작: id=QY_FWi0BVjQ url=https://www.youtube.com/watch?v=QY_FWi0BVjQ
2025-09-15 21:54:30,265 [INFO] ytcrawl: [CAP] XML 자막 미확보
2025-09-15 21:54:30,266 [INFO] ytcrawl: [VIDEO] 완료: id=EZ1gCO2OBmE, views=19039, subs=19000, cap_len=0, form=롱폼
2025-09-15 21:54:30,266 [INFO] ytcrawl: [VIDEO] 시작: id=WQhXZARc1x8 url=https://www.youtube.com/watch?v=WQhXZARc1x8
2025-09-15 21:54:31,022 [INFO] ytcrawl: [CAP] 'a.ko' 발견 → 원문 사용
2025-09-15 21:54:31,158 [DEBUG] ytcrawl: [HTTP] GET https://www.youtube.com/watch?v=yySBf19lSvo&hl=ko&gl=KR&persist_hl=1&persist_gl=1 -> 200, len=1022832
2025-09-15 21:54:31,189 [INFO] ytcrawl: [SUBS][WATCH] channel=UCKpV-dtRs4OfS9VUA7T9liQ text='구독자 35명' -> 35
2025-09-15 21:54:31,223 [DEBUG] ytcrawl: [HTTP] GET https://www.youtube.com/watch?v=otb5Wjtz5JE&hl=ko&gl=KR&persist_hl=1&persist_gl=1 -> 200, len=1008919
2025-09-15 21:54:31,248 [INFO] ytcrawl: [SUBS][WATCH] channel=UCcXh4uejl4zyKyI8PwEBK0w text='구독자 2.73천명' -> 2730
2025-09-15 21:54:31,373 [INFO] ytcrawl: [CAP] 파싱 성공: lines=284, text_len=3455
2025-09-15 21:54:31,373 [INFO] ytcrawl: [VIDEO] 완료: id=aoCZ1-HjrDQ, views=88735, subs=44500, cap_len=3455, form=롱폼
2025-09-15 21:54:31,374 [INFO] ytcrawl: [VIDEO] 시작: id=Cq72J6z-jtw url=https://www.youtube.com/watch?v=Cq72J6z-jtw
2025-09-15 21:54:31,413 [INFO] ytcrawl: [CAP] 'a.ko' 발견 → 원문 사용
2025-09-15 21:54:31,454 [INFO] ytcrawl: [CAP] 'a.ko' 발견 → 원문 사용
2025-09-15 21:54:31,504 [INFO] ytcrawl: [CAP] 'a.ko' 발견 → 원문 사용
2025-09-15 21:54:31,619 [INFO] ytcrawl: [CAP] 파싱 성공: lines=12, text_len=132
2025-09-15 21:54:31,620 [INFO] ytcrawl: [VIDEO] 완료: id=yySBf19lSvo, views=14143, subs=35, cap_len=132, form=쇼츠
2025-09-15 21:54:31,620 [INFO] ytcrawl: [VIDEO] 시작: id=rdxlVf430Mg url=https://www.youtube.com/watch?v=rdxlVf430Mg
2025-09-15 21:54:31,685 [INFO] ytcrawl: [CAP] 파싱 성공: lines=9, text_len=138
2025-09-15 21:54:31,685 [INFO] ytcrawl: [VIDEO] 완료: id=otb5Wjtz5JE, views=36203, subs=2730, cap_len=138, form=쇼츠
2025-09-15 21:54:31,685 [INFO] ytcrawl: [VIDEO] 시작: id=Xpx5nG_HUzE url=https://www.youtube.com/watch?v=Xpx5nG_HUzE
2025-09-15 21:54:31,807 [INFO] ytcrawl: [CAP] 파싱 성공: lines=8, text_len=119
2025-09-15 21:54:31,808 [INFO] ytcrawl: [VIDEO] 완료: id=QY_FWi0BVjQ, views=61192, subs=7880, cap_len=119, form=쇼츠
2025-09-15 21:54:31,820 [INFO] ytcrawl: [VIDEO] 시작: id=EMd6qTLrxl4 url=https://www.youtube.com/watch?v=EMd6qTLrxl4
2025-09-15 21:54:31,841 [DEBUG] ytcrawl: [HTTP] GET https://www.youtube.com/watch?v=yxEQ5m70e9w&hl=ko&gl=KR&persist_hl=1&persist_gl=1 -> 200, len=1547637
2025-09-15 21:54:31,874 [INFO] ytcrawl: [SUBS][WATCH] channel=UC_EngQdug6VcxZ3xcqgnWug text='구독자 120만명' -> 1200000
2025-09-15 21:54:31,995 [INFO] ytcrawl: [CAP] XML 자막 미확보
2025-09-15 21:54:31,995 [INFO] ytcrawl: [VIDEO] 완료: id=F_2b6IySB4c, views=190244, subs=8650, cap_len=0, form=쇼츠
2025-09-15 21:54:31,995 [INFO] ytcrawl: [VIDEO] 시작: id=wX-18aD1SQw url=https://www.youtube.com/watch?v=wX-18aD1SQw
2025-09-15 21:54:32,127 [INFO] ytcrawl: [CAP] 'a.ko' 발견 → 원문 사용
2025-09-15 21:54:32,194 [INFO] ytcrawl: [CAP] 'a.ko' 발견 → 원문 사용
2025-09-15 21:54:32,342 [INFO] ytcrawl: [CAP] 'a.ko' 발견 → 원문 사용
2025-09-15 21:54:32,383 [INFO] ytcrawl: [CAP] 파싱 성공: lines=11, text_len=157
2025-09-15 21:54:32,383 [INFO] ytcrawl: [VIDEO] 완료: id=WQhXZARc1x8, views=58006, subs=29000, cap_len=157, form=쇼츠
2025-09-15 21:54:32,384 [INFO] ytcrawl: [VIDEO] 시작: id=bnHQ_6V4QHQ url=https://www.youtube.com/watch?v=bnHQ_6V4QHQ
2025-09-15 21:54:32,551 [INFO] ytcrawl: [CAP] 파싱 성공: lines=258, text_len=4577
2025-09-15 21:54:32,551 [INFO] ytcrawl: [VIDEO] 완료: id=yxEQ5m70e9w, views=1606633, subs=1200000, cap_len=4577, form=롱폼
2025-09-15 21:54:32,552 [INFO] ytcrawl: [VIDEO] 시작: id=bXm4Dva9aNI url=https://www.youtube.com/watch?v=bXm4Dva9aNI
2025-09-15 21:54:32,703 [INFO] ytcrawl: [CAP] 파싱 성공: lines=954, text_len=14524
2025-09-15 21:54:32,703 [INFO] ytcrawl: [VIDEO] 완료: id=JreGeQ-PRBs, views=83319, subs=667000, cap_len=14524, form=롱폼
2025-09-15 21:54:32,703 [INFO] ytcrawl: [VIDEO] 시작: id=5tS7mPrJ_D8 url=https://www.youtube.com/watch?v=5tS7mPrJ_D8
2025-09-15 21:54:33,655 [INFO] ytcrawl: [CAP] 'a.ko' 발견 → 원문 사용
2025-09-15 21:54:33,859 [INFO] ytcrawl: [CAP] 'a.ko' 발견 → 원문 사용
2025-09-15 21:54:33,871 [INFO] ytcrawl: [CAP] 파싱 성공: lines=43, text_len=608
2025-09-15 21:54:33,871 [INFO] ytcrawl: [VIDEO] 완료: id=rdxlVf430Mg, views=88075, subs=124000, cap_len=608, form=롱폼
2025-09-15 21:54:33,871 [INFO] ytcrawl: [VIDEO] 시작: id=klKoiYnoZcw url=https://www.youtube.com/watch?v=klKoiYnoZcw
2025-09-15 21:54:34,073 [INFO] ytcrawl: [CAP] 파싱 성공: lines=18, text_len=224
2025-09-15 21:54:34,073 [INFO] ytcrawl: [VIDEO] 완료: id=wX-18aD1SQw, views=22136, subs=29000, cap_len=224, form=쇼츠
2025-09-15 21:54:34,074 [INFO] ytcrawl: [VIDEO] 시작: id=XOGs1dDndKM url=https://www.youtube.com/watch?v=XOGs1dDndKM
2025-09-15 21:54:34,092 [INFO] ytcrawl: [CAP] 'a.ko' 발견 → 원문 사용
2025-09-15 21:54:34,234 [DEBUG] ytcrawl: [CAP] 번역(en) 응답: 429, len=1103
2025-09-15 21:54:34,310 [INFO] ytcrawl: [CAP] 파싱 성공: lines=6, text_len=68
2025-09-15 21:54:34,311 [INFO] ytcrawl: [VIDEO] 완료: id=Cq72J6z-jtw, views=22001, subs=582000, cap_len=68, form=쇼츠
2025-09-15 21:54:34,311 [INFO] ytcrawl: [VIDEO] 시작: id=bTDeLv8thok url=https://www.youtube.com/watch?v=bTDeLv8thok
2025-09-15 21:54:34,368 [DEBUG] ytcrawl: [HTTP] GET https://www.youtube.com/watch?v=Xpx5nG_HUzE&hl=ko&gl=KR&persist_hl=1&persist_gl=1 -> 200, len=994812
2025-09-15 21:54:34,406 [INFO] ytcrawl: [SUBS][WATCH] channel=UCqA6yrc0xi6cO4PZVOVfdig text='구독자 11.8만명' -> 118000
2025-09-15 21:54:34,407 [INFO] ytcrawl: [CAP] XML 자막 미확보
2025-09-15 21:54:34,407 [INFO] ytcrawl: [VIDEO] 완료: id=bnHQ_6V4QHQ, views=33157, subs=19000, cap_len=0, form=롱폼
2025-09-15 21:54:34,407 [INFO] ytcrawl: [VIDEO] 시작: id=aL-j5uVsGf0 url=https://www.youtube.com/watch?v=aL-j5uVsGf0
2025-09-15 21:54:34,407 [INFO] ytcrawl: [CAP] XML 자막 미확보
2025-09-15 21:54:34,410 [INFO] ytcrawl: [VIDEO] 완료: id=Xpx5nG_HUzE, views=40651, subs=118000, cap_len=0, form=쇼츠
2025-09-15 21:54:34,410 [INFO] ytcrawl: [VIDEO] 시작: id=yi4w-lDmZi0 url=https://www.youtube.com/watch?v=yi4w-lDmZi0
2025-09-15 21:54:34,505 [DEBUG] ytcrawl: [CAP][PR] GET https://www.youtube.com/api/timedtext?v=EMd6qTLrxl4&ei=iAzIaI6yKZH1pt8PkoTB6AU&caps=asr&opi=112496729&exp=xpe&xoaf=5&hl=en&ip=0.0.0.0&ipbits=0&expire=1757966072&sparams=ip,ipbits,expire,v,ei,caps,opi,exp,xoaf&signature=597639D69A39AD6CF359F43D5BA899A4E4357CF6.E3B98D42A3F85D4891A6252BBEAF7AA6CE3658B6&key=yt8&lang=en&fmt=srv3&tlang=ko -> 429, len=1103
2025-09-15 21:54:34,505 [INFO] ytcrawl: [CAP] XML 자막 미확보
2025-09-15 21:54:34,505 [INFO] ytcrawl: [VIDEO] 완료: id=EMd6qTLrxl4, views=804889, subs=2050000, cap_len=0, form=롱폼
2025-09-15 21:54:34,505 [INFO] ytcrawl: [VIDEO] 시작: id=Hx-lD474CPM url=https://www.youtube.com/watch?v=Hx-lD474CPM
2025-09-15 21:54:34,539 [INFO] ytcrawl: [CAP] 'a.ko' 발견 → 원문 사용
2025-09-15 21:54:34,745 [INFO] ytcrawl: [CAP] 파싱 성공: lines=32, text_len=601
2025-09-15 21:54:34,745 [INFO] ytcrawl: [VIDEO] 완료: id=bXm4Dva9aNI, views=99346, subs=6620, cap_len=601, form=쇼츠
2025-09-15 21:54:34,745 [INFO] ytcrawl: [VIDEO] 시작: id=oJmnWCY9p_0 url=https://www.youtube.com/watch?v=oJmnWCY9p_0
2025-09-15 21:54:35,907 [DEBUG] ytcrawl: [HTTP] GET https://www.youtube.com/watch?v=5tS7mPrJ_D8&hl=ko&gl=KR&persist_hl=1&persist_gl=1 -> 200, len=1461326
2025-09-15 21:54:35,943 [INFO] ytcrawl: [SUBS][WATCH] channel=UCA7TUSbnsi0CiWSmfuGShww text='구독자 31.3만명' -> 313000
2025-09-15 21:54:35,990 [INFO] ytcrawl: [CAP] 'a.ko' 발견 → 원문 사용
2025-09-15 21:54:36,318 [INFO] ytcrawl: [CAP] 파싱 성공: lines=240, text_len=4010
2025-09-15 21:54:36,318 [INFO] ytcrawl: [VIDEO] 완료: id=XOGs1dDndKM, views=239473, subs=119000, cap_len=4010, form=롱폼
2025-09-15 21:54:36,318 [INFO] ytcrawl: [VIDEO] 시작: id=XSOY_LWL2ow url=https://www.youtube.com/watch?v=XSOY_LWL2ow
2025-09-15 21:54:36,335 [INFO] ytcrawl: [CAP] 'a.ko' 발견 → 원문 사용
2025-09-15 21:54:36,523 [INFO] ytcrawl: [CAP] 'a.ko' 발견 → 원문 사용
2025-09-15 21:54:36,606 [DEBUG] ytcrawl: [HTTP] GET https://www.youtube.com/watch?v=klKoiYnoZcw&hl=ko&gl=KR&persist_hl=1&persist_gl=1 -> 200, len=1480902
2025-09-15 21:54:36,638 [INFO] ytcrawl: [SUBS][WATCH] channel=UCF3UEVPt5zZTlBVJwDG317g text='구독자 456만명' -> 4560000
2025-09-15 21:54:36,639 [DEBUG] ytcrawl: [CAP] 번역(en) 응답: 429, len=1103
2025-09-15 21:54:36,642 [DEBUG] ytcrawl: [HTTP] GET https://www.youtube.com/watch?v=bTDeLv8thok&hl=ko&gl=KR&persist_hl=1&persist_gl=1 -> 200, len=1023973
2025-09-15 21:54:36,673 [INFO] ytcrawl: [SUBS][WATCH] channel=UC8QI16_UqG2ogMXmzKgbm9Q text='구독자 2.54천명' -> 2540
2025-09-15 21:54:36,675 [INFO] ytcrawl: [CAP] 파싱 성공: lines=341, text_len=5740
2025-09-15 21:54:36,675 [INFO] ytcrawl: [VIDEO] 완료: id=5tS7mPrJ_D8, views=1163995, subs=313000, cap_len=5740, form=롱폼
2025-09-15 21:54:36,676 [INFO] ytcrawl: [VIDEO] 시작: id=5XfU_a_Zsyk url=https://www.youtube.com/watch?v=5XfU_a_Zsyk
2025-09-15 21:54:36,891 [INFO] ytcrawl: [CAP] 파싱 성공: lines=178, text_len=2172
2025-09-15 21:54:36,891 [INFO] ytcrawl: [VIDEO] 완료: id=aL-j5uVsGf0, views=4127, subs=119000, cap_len=2172, form=롱폼
2025-09-15 21:54:36,891 [INFO] ytcrawl: [VIDEO] 시작: id=5kS2BWfmweQ url=https://www.youtube.com/watch?v=5kS2BWfmweQ
2025-09-15 21:54:36,938 [DEBUG] ytcrawl: [HTTP] GET https://www.youtube.com/watch?v=oJmnWCY9p_0&hl=ko&gl=KR&persist_hl=1&persist_gl=1 -> 200, len=1448117
2025-09-15 21:54:36,972 [INFO] ytcrawl: [SUBS][WATCH] channel=UChD2kf1XO2sxR4t4s_oPPMA text='구독자 46.2만명' -> 462000
2025-09-15 21:54:36,974 [INFO] ytcrawl: [CAP] 'a.ko' 발견 → 원문 사용
2025-09-15 21:54:36,974 [DEBUG] ytcrawl: [CAP][PR] GET https://www.youtube.com/api/timedtext?v=Hx-lD474CPM&ei=iwzIaJ35E-Xlpt8PgtGrsAc&caps=asr&opi=112496729&exp=xpe&xoaf=5&xowf=1&hl=en&ip=0.0.0.0&ipbits=0&expire=1757966075&sparams=ip,ipbits,expire,v,ei,caps,opi,exp,xoaf&signature=300A7EB1081A7EA3F96856F3D41047386FD96F89.53D2930A3C4FFA9F8E61346143F2DDC6C70D543B&key=yt8&lang=en&fmt=srv3&tlang=ko -> 429, len=1103
2025-09-15 21:54:36,975 [INFO] ytcrawl: [CAP] XML 자막 미확보
2025-09-15 21:54:36,975 [INFO] ytcrawl: [VIDEO] 완료: id=Hx-lD474CPM, views=503054, subs=2050000, cap_len=0, form=롱폼
2025-09-15 21:54:36,975 [INFO] ytcrawl: [VIDEO] 시작: id=S7LbPpBNmQ8 url=https://www.youtube.com/watch?v=S7LbPpBNmQ8
2025-09-15 21:54:36,992 [INFO] ytcrawl: [CAP] 'a.ko' 발견 → 원문 사용
2025-09-15 21:54:37,077 [INFO] ytcrawl: [CAP] 'a.ko' 발견 → 원문 사용
2025-09-15 21:54:37,180 [INFO] ytcrawl: [CAP] 파싱 성공: lines=11, text_len=135
2025-09-15 21:54:37,180 [INFO] ytcrawl: [VIDEO] 완료: id=bTDeLv8thok, views=1825700, subs=2540, cap_len=135, form=롱폼
2025-09-15 21:54:37,181 [INFO] ytcrawl: [VIDEO] 시작: id=gJm43Dnp-sk url=https://www.youtube.com/watch?v=gJm43Dnp-sk
2025-09-15 21:54:37,254 [INFO] ytcrawl: [CAP] 'a.ko' 발견 → 원문 사용
2025-09-15 21:54:37,298 [INFO] ytcrawl: [CAP] 파싱 성공: lines=316, text_len=5786
2025-09-15 21:54:37,298 [INFO] ytcrawl: [VIDEO] 완료: id=klKoiYnoZcw, views=2726374, subs=4560000, cap_len=5786, form=롱폼
2025-09-15 21:54:37,298 [INFO] ytcrawl: [VIDEO] 시작: id=YhOrVFDQgfw url=https://www.youtube.com/watch?v=YhOrVFDQgfw
2025-09-15 21:54:37,335 [INFO] ytcrawl: [CAP] 파싱 성공: lines=138, text_len=1884
2025-09-15 21:54:37,335 [INFO] ytcrawl: [VIDEO] 완료: id=yi4w-lDmZi0, views=1323204, subs=1580000, cap_len=1884, form=롱폼
2025-09-15 21:54:37,335 [INFO] ytcrawl: [VIDEO] 시작: id=R6teJTPAArM url=https://www.youtube.com/watch?v=R6teJTPAArM
2025-09-15 21:54:37,555 [INFO] ytcrawl: [CAP] 파싱 성공: lines=144, text_len=1852
2025-09-15 21:54:37,555 [INFO] ytcrawl: [VIDEO] 완료: id=oJmnWCY9p_0, views=345567, subs=462000, cap_len=1852, form=롱폼
2025-09-15 21:54:37,555 [INFO] ytcrawl: [VIDEO] 시작: id=6_8wlcJVg4g url=https://www.youtube.com/watch?v=6_8wlcJVg4g
2025-09-15 21:54:38,120 [INFO] ytcrawl: [CAP] XML 자막 미확보
2025-09-15 21:54:38,121 [INFO] ytcrawl: [VIDEO] 완료: id=XSOY_LWL2ow, views=17399, subs=19000, cap_len=0, form=롱폼
2025-09-15 21:54:38,121 [INFO] ytcrawl: [VIDEO] 시작: id=2YuBo2WA5mM url=https://www.youtube.com/watch?v=2YuBo2WA5mM
2025-09-15 21:54:38,560 [INFO] ytcrawl: [CAP] XML 자막 미확보
2025-09-15 21:54:38,562 [INFO] ytcrawl: [VIDEO] 완료: id=S7LbPpBNmQ8, views=14768, subs=44500, cap_len=0, form=롱폼
2025-09-15 21:54:38,562 [INFO] ytcrawl: [VIDEO] 시작: id=nF9Z5_UdFkk url=https://www.youtube.com/watch?v=nF9Z5_UdFkk
2025-09-15 21:54:38,878 [INFO] ytcrawl: [CAP] XML 자막 미확보
2025-09-15 21:54:38,878 [INFO] ytcrawl: [VIDEO] 완료: id=5kS2BWfmweQ, views=41911, subs=44500, cap_len=0, form=롱폼
2025-09-15 21:54:38,878 [INFO] ytcrawl: [VIDEO] 시작: id=ZvCww53UHtg url=https://www.youtube.com/watch?v=ZvCww53UHtg
2025-09-15 21:54:38,940 [INFO] ytcrawl: [CAP] XML 자막 미확보
2025-09-15 21:54:38,940 [INFO] ytcrawl: [VIDEO] 완료: id=R6teJTPAArM, views=23410, subs=44500, cap_len=0, form=롱폼
2025-09-15 21:54:38,940 [INFO] ytcrawl: [VIDEO] 시작: id=Mq9mJpqg8lQ url=https://www.youtube.com/watch?v=Mq9mJpqg8lQ
2025-09-15 21:54:39,233 [INFO] ytcrawl: [CAP] 'a.ko' 발견 → 원문 사용
2025-09-15 21:54:39,530 [INFO] ytcrawl: [CAP] 파싱 성공: lines=40, text_len=732
2025-09-15 21:54:39,531 [INFO] ytcrawl: [VIDEO] 완료: id=gJm43Dnp-sk, views=192826, subs=36200, cap_len=732, form=쇼츠
2025-09-15 21:54:39,531 [INFO] ytcrawl: [VIDEO] 시작: id=dFvHFOoSsKo url=https://www.youtube.com/watch?v=dFvHFOoSsKo
2025-09-15 21:54:39,662 [INFO] ytcrawl: [CAP] 'a.ko' 발견 → 원문 사용
2025-09-15 21:54:39,911 [INFO] ytcrawl: [CAP] 'a.ko' 발견 → 원문 사용
2025-09-15 21:54:40,014 [INFO] ytcrawl: [CAP] 파싱 성공: lines=575, text_len=8805
2025-09-15 21:54:40,014 [INFO] ytcrawl: [VIDEO] 완료: id=6_8wlcJVg4g, views=351848, subs=667000, cap_len=8805, form=롱폼
2025-09-15 21:54:40,014 [INFO] ytcrawl: [VIDEO] 시작: id=x8dClEnGxQ8 url=https://www.youtube.com/watch?v=x8dClEnGxQ8
2025-09-15 21:54:40,135 [INFO] ytcrawl: [CAP] 파싱 성공: lines=12, text_len=146
2025-09-15 21:54:40,135 [INFO] ytcrawl: [VIDEO] 완료: id=2YuBo2WA5mM, views=2775829, subs=29000, cap_len=146, form=쇼츠
2025-09-15 21:54:40,135 [INFO] ytcrawl: [VIDEO] 시작: id=D5PhFzzb4yg url=https://www.youtube.com/watch?v=D5PhFzzb4yg
2025-09-15 21:54:40,570 [DEBUG] ytcrawl: [HTTP] GET https://www.youtube.com/watch?v=5XfU_a_Zsyk&hl=ko&gl=KR&persist_hl=1&persist_gl=1 -> 200, len=1500448
2025-09-15 21:54:40,601 [INFO] ytcrawl: [SUBS][WATCH] channel=UCZ0bi2aVJngKLwFTU5g_fLQ text='구독자 94.7만명' -> 947000
2025-09-15 21:54:40,654 [INFO] ytcrawl: [CAP] XML 자막 미확보
2025-09-15 21:54:40,654 [INFO] ytcrawl: [VIDEO] 완료: id=Mq9mJpqg8lQ, views=37527, subs=19000, cap_len=0, form=롱폼
2025-09-15 21:54:40,654 [INFO] ytcrawl: [VIDEO] 시작: id=n5x4byxGa1Q url=https://www.youtube.com/watch?v=n5x4byxGa1Q
2025-09-15 21:54:40,688 [DEBUG] ytcrawl: [HTTP] GET https://www.youtube.com/watch?v=YhOrVFDQgfw&hl=ko&gl=KR&persist_hl=1&persist_gl=1 -> 200, len=1535038
2025-09-15 21:54:40,718 [INFO] ytcrawl: [SUBS][WATCH] channel=UCnkytUgy0CtWd06up9CjNxg text='구독자 44.3만명' -> 443000
2025-09-15 21:54:40,741 [INFO] ytcrawl: [CAP] 'a.ko' 발견 → 원문 사용
2025-09-15 21:54:40,932 [INFO] ytcrawl: [CAP] 'a.ko' 발견 → 원문 사용
2025-09-15 21:54:41,039 [INFO] ytcrawl: [CAP] 파싱 성공: lines=161, text_len=2460
2025-09-15 21:54:41,039 [INFO] ytcrawl: [VIDEO] 완료: id=ZvCww53UHtg, views=97643, subs=462000, cap_len=2460, form=롱폼
2025-09-15 21:54:41,039 [INFO] ytcrawl: [VIDEO] 시작: id=PNXBU6PKP8c url=https://www.youtube.com/watch?v=PNXBU6PKP8c
2025-09-15 21:54:41,068 [INFO] ytcrawl: [CAP] 'a.ko' 발견 → 원문 사용
2025-09-15 21:54:41,073 [INFO] ytcrawl: [CAP] 'a.ko' 발견 → 원문 사용
2025-09-15 21:54:41,267 [INFO] ytcrawl: [CAP] 파싱 성공: lines=376, text_len=7051
2025-09-15 21:54:41,267 [INFO] ytcrawl: [VIDEO] 완료: id=5XfU_a_Zsyk, views=194249, subs=947000, cap_len=7051, form=롱폼
2025-09-15 21:54:41,268 [INFO] ytcrawl: [VIDEO] 시작: id=4nCdWaPiIHg url=https://www.youtube.com/watch?v=4nCdWaPiIHg
2025-09-15 21:54:41,400 [INFO] ytcrawl: [CAP] 파싱 성공: lines=297, text_len=5681
2025-09-15 21:54:41,400 [INFO] ytcrawl: [VIDEO] 완료: id=nF9Z5_UdFkk, views=174858, subs=120000, cap_len=5681, form=롱폼
2025-09-15 21:54:41,400 [INFO] ytcrawl: [VIDEO] 시작: id=bS4AXsEPqkw url=https://www.youtube.com/watch?v=bS4AXsEPqkw
2025-09-15 21:54:41,439 [INFO] ytcrawl: [CAP] 파싱 성공: lines=504, text_len=7799
2025-09-15 21:54:41,439 [INFO] ytcrawl: [VIDEO] 완료: id=YhOrVFDQgfw, views=244700, subs=443000, cap_len=7799, form=롱폼
2025-09-15 21:54:41,439 [INFO] ytcrawl: [VIDEO] 시작: id=VSECfHa4CCw url=https://www.youtube.com/watch?v=VSECfHa4CCw
2025-09-15 21:54:41,673 [INFO] ytcrawl: [CAP] 'a.ko' 발견 → 원문 사용
2025-09-15 21:54:41,905 [INFO] ytcrawl: [CAP] 파싱 성공: lines=3, text_len=24
2025-09-15 21:54:41,906 [INFO] ytcrawl: [VIDEO] 완료: id=dFvHFOoSsKo, views=116188, subs=29000, cap_len=24, form=쇼츠
2025-09-15 21:54:41,906 [INFO] ytcrawl: [VIDEO] 시작: id=ji07syQoKb4 url=https://www.youtube.com/watch?v=ji07syQoKb4
2025-09-15 21:54:42,107 [INFO] ytcrawl: [CAP] 'a.ko' 발견 → 원문 사용
2025-09-15 21:54:42,391 [INFO] ytcrawl: [CAP] 파싱 성공: lines=89, text_len=814
2025-09-15 21:54:42,391 [INFO] ytcrawl: [VIDEO] 완료: id=x8dClEnGxQ8, views=585139, subs=2050000, cap_len=814, form=롱폼
2025-09-15 21:54:42,391 [INFO] ytcrawl: [VIDEO] 시작: id=U8GDLWNOz8c url=https://www.youtube.com/watch?v=U8GDLWNOz8c
2025-09-15 21:54:42,783 [INFO] ytcrawl: [CAP] 'a.ko' 발견 → 원문 사용
2025-09-15 21:54:43,003 [INFO] ytcrawl: [CAP] 파싱 성공: lines=85, text_len=801
2025-09-15 21:54:43,003 [INFO] ytcrawl: [VIDEO] 완료: id=PNXBU6PKP8c, views=404582, subs=2050000, cap_len=801, form=롱폼
2025-09-15 21:54:43,003 [INFO] ytcrawl: [VIDEO] 시작: id=zXEiGOucYvo url=https://www.youtube.com/watch?v=zXEiGOucYvo
2025-09-15 21:54:43,087 [DEBUG] ytcrawl: [HTTP] GET https://www.youtube.com/watch?v=D5PhFzzb4yg&hl=ko&gl=KR&persist_hl=1&persist_gl=1 -> 200, len=1490916
2025-09-15 21:54:43,124 [INFO] ytcrawl: [SUBS][WATCH] channel=UCGX5sP4ehBkihHwt5bs5wvg text='구독자 282만명' -> 2820000
2025-09-15 21:54:43,556 [INFO] ytcrawl: [CAP] 'a.ko' 발견 → 원문 사용
2025-09-15 21:54:43,744 [INFO] ytcrawl: [CAP] 'a.ko' 발견 → 원문 사용
2025-09-15 21:54:43,813 [INFO] ytcrawl: [CAP] 'a.ko' 발견 → 원문 사용
2025-09-15 21:54:43,955 [INFO] ytcrawl: [CAP] 파싱 성공: lines=804, text_len=15202
2025-09-15 21:54:43,955 [INFO] ytcrawl: [VIDEO] 완료: id=D5PhFzzb4yg, views=585823, subs=2820000, cap_len=15202, form=롱폼
2025-09-15 21:54:43,966 [INFO] ytcrawl: [VIDEO] 시작: id=4v5IQuWgzjg url=https://www.youtube.com/watch?v=4v5IQuWgzjg
2025-09-15 21:54:44,076 [INFO] ytcrawl: [CAP] 파싱 성공: lines=555, text_len=10458
2025-09-15 21:54:44,077 [INFO] ytcrawl: [VIDEO] 완료: id=bS4AXsEPqkw, views=284785, subs=50500, cap_len=10458, form=롱폼
2025-09-15 21:54:44,077 [INFO] ytcrawl: [VIDEO] 시작: id=tZGP7n8N4qU url=https://www.youtube.com/watch?v=tZGP7n8N4qU
2025-09-15 21:54:44,135 [INFO] ytcrawl: [CAP] 파싱 성공: lines=300, text_len=5692
2025-09-15 21:54:44,135 [INFO] ytcrawl: [VIDEO] 완료: id=4nCdWaPiIHg, views=229461, subs=50500, cap_len=5692, form=롱폼
2025-09-15 21:54:44,135 [INFO] ytcrawl: [VIDEO] 시작: id=0iwF-2nugNY url=https://www.youtube.com/watch?v=0iwF-2nugNY
2025-09-15 21:54:44,274 [DEBUG] ytcrawl: [HTTP] GET https://www.youtube.com/watch?v=VSECfHa4CCw&hl=ko&gl=KR&persist_hl=1&persist_gl=1 -> 200, len=1474055
2025-09-15 21:54:44,307 [INFO] ytcrawl: [SUBS][WATCH] channel=UCOHM2N1YQdb-cHWxJxwBMLQ text='구독자 252만명' -> 2520000
2025-09-15 21:54:44,624 [INFO] ytcrawl: [CAP] 'a.ko' 발견 → 원문 사용
2025-09-15 21:54:44,806 [DEBUG] ytcrawl: [HTTP] GET https://www.youtube.com/watch?v=ji07syQoKb4&hl=ko&gl=KR&persist_hl=1&persist_gl=1 -> 200, len=1370068
2025-09-15 21:54:44,839 [INFO] ytcrawl: [SUBS][WATCH] channel=UCYM4p-UPvb0BfUPQgSzg26w text='구독자 14명' -> 14
2025-09-15 21:54:44,839 [INFO] ytcrawl: [CAP] XML 자막 미확보
2025-09-15 21:54:44,839 [INFO] ytcrawl: [VIDEO] 완료: id=ji07syQoKb4, views=61600, subs=14, cap_len=0, form=롱폼
2025-09-15 21:54:44,840 [INFO] ytcrawl: [VIDEO] 시작: id=GFMzQZWGWTY url=https://www.youtube.com/watch?v=GFMzQZWGWTY
2025-09-15 21:54:44,911 [INFO] ytcrawl: [CAP] 파싱 성공: lines=277, text_len=4968
2025-09-15 21:54:44,911 [INFO] ytcrawl: [VIDEO] 완료: id=VSECfHa4CCw, views=404479, subs=2520000, cap_len=4968, form=롱폼
2025-09-15 21:54:44,911 [INFO] ytcrawl: [VIDEO] 시작: id=fbPhQyQr7Ts url=https://www.youtube.com/watch?v=fbPhQyQr7Ts
2025-09-15 21:54:45,024 [DEBUG] ytcrawl: [HTTP] GET https://www.youtube.com/watch?v=U8GDLWNOz8c&hl=ko&gl=KR&persist_hl=1&persist_gl=1 -> 200, len=1011033
2025-09-15 21:54:45,054 [INFO] ytcrawl: [SUBS][WATCH] channel=UCsrRvYIUIzzzrg8oQDP3zrQ text='구독자 94명' -> 94
2025-09-15 21:54:45,304 [INFO] ytcrawl: [CAP] 'a.ko' 발견 → 원문 사용
2025-09-15 21:54:45,383 [INFO] ytcrawl: [CAP] 'a.ko' 발견 → 원문 사용
2025-09-15 21:54:45,553 [INFO] ytcrawl: [CAP] 파싱 성공: lines=17, text_len=315
2025-09-15 21:54:45,554 [INFO] ytcrawl: [VIDEO] 완료: id=U8GDLWNOz8c, views=18483, subs=94, cap_len=315, form=쇼츠
2025-09-15 21:54:45,554 [INFO] ytcrawl: [VIDEO] 시작: id=l12gy-_EMG8 url=https://www.youtube.com/watch?v=l12gy-_EMG8
2025-09-15 21:54:45,650 [INFO] ytcrawl: [CAP] 'a.ko' 발견 → 원문 사용
2025-09-15 21:54:45,774 [INFO] ytcrawl: [CAP] 파싱 성공: lines=383, text_len=6988
2025-09-15 21:54:45,774 [INFO] ytcrawl: [VIDEO] 완료: id=zXEiGOucYvo, views=567093, subs=50500, cap_len=6988, form=롱폼
2025-09-15 21:54:45,774 [INFO] ytcrawl: [VIDEO] 시작: id=LGdRymaxx78 url=https://www.youtube.com/watch?v=LGdRymaxx78
2025-09-15 21:54:45,802 [INFO] ytcrawl: [CAP] XML 자막 미확보
2025-09-15 21:54:45,802 [INFO] ytcrawl: [VIDEO] 완료: id=0iwF-2nugNY, views=922403, subs=19500, cap_len=0, form=롱폼
2025-09-15 21:54:45,802 [INFO] ytcrawl: [VIDEO] 시작: id=hj4-HfXzL84 url=https://www.youtube.com/watch?v=hj4-HfXzL84
2025-09-15 21:54:45,963 [INFO] ytcrawl: [CAP] 파싱 성공: lines=196, text_len=3432
2025-09-15 21:54:45,964 [INFO] ytcrawl: [VIDEO] 완료: id=4v5IQuWgzjg, views=110149, subs=119000, cap_len=3432, form=롱폼
2025-09-15 21:54:45,964 [INFO] ytcrawl: [VIDEO] 시작: id=s3brm61MF1o url=https://www.youtube.com/watch?v=s3brm61MF1o
2025-09-15 21:54:46,894 [INFO] ytcrawl: [CAP] XML 자막 미확보
2025-09-15 21:54:46,894 [INFO] ytcrawl: [VIDEO] 완료: id=fbPhQyQr7Ts, views=67894, subs=19000, cap_len=0, form=롱폼
2025-09-15 21:54:46,894 [INFO] ytcrawl: [VIDEO] 시작: id=UnVcViWGMlk url=https://www.youtube.com/watch?v=UnVcViWGMlk
2025-09-15 21:54:46,912 [INFO] ytcrawl: [CAP] 'a.ko' 발견 → 원문 사용
2025-09-15 21:54:47,082 [INFO] ytcrawl: [CAP] 'a.ko' 발견 → 원문 사용
2025-09-15 21:54:47,267 [INFO] ytcrawl: [CAP] 파싱 성공: lines=206, text_len=3447
2025-09-15 21:54:47,267 [INFO] ytcrawl: [VIDEO] 완료: id=GFMzQZWGWTY, views=280935, subs=119000, cap_len=3447, form=롱폼
2025-09-15 21:54:47,267 [INFO] ytcrawl: [VIDEO] 시작: id=YGAFaLEoK8M url=https://www.youtube.com/watch?v=YGAFaLEoK8M
2025-09-15 21:54:47,303 [INFO] ytcrawl: [CAP] 파싱 성공: lines=87, text_len=875
2025-09-15 21:54:47,304 [INFO] ytcrawl: [VIDEO] 완료: id=tZGP7n8N4qU, views=44270, subs=44500, cap_len=875, form=롱폼
2025-09-15 21:54:47,304 [INFO] ytcrawl: [VIDEO] 시작: id=66PJaMpeHWY url=https://www.youtube.com/watch?v=66PJaMpeHWY
2025-09-15 21:54:47,363 [INFO] ytcrawl: [CAP] 'a.ko' 발견 → 원문 사용
2025-09-15 21:54:47,577 [INFO] ytcrawl: [CAP] 파싱 성공: lines=19, text_len=213
2025-09-15 21:54:47,577 [INFO] ytcrawl: [VIDEO] 완료: id=n5x4byxGa1Q, views=67239, subs=3180, cap_len=213, form=쇼츠
2025-09-15 21:54:47,577 [INFO] ytcrawl: [VIDEO] 시작: id=ECUw6qC1BAc url=https://www.youtube.com/watch?v=ECUw6qC1BAc
2025-09-15 21:54:47,613 [INFO] ytcrawl: [CAP] XML 자막 미확보
2025-09-15 21:54:47,613 [INFO] ytcrawl: [VIDEO] 완료: id=LGdRymaxx78, views=1312843, subs=1580000, cap_len=0, form=롱폼
2025-09-15 21:54:47,613 [INFO] ytcrawl: [VIDEO] 시작: id=VAH4h9luOyU url=https://www.youtube.com/watch?v=VAH4h9luOyU
2025-09-15 21:54:47,631 [INFO] ytcrawl: [CAP] 'a.ko' 발견 → 원문 사용
2025-09-15 21:54:48,106 [INFO] ytcrawl: [CAP] 'a.ko' 발견 → 원문 사용
2025-09-15 21:54:48,313 [INFO] ytcrawl: [CAP] 'a.ko' 발견 → 원문 사용
2025-09-15 21:54:48,386 [INFO] ytcrawl: [CAP] 파싱 성공: lines=256, text_len=4699
2025-09-15 21:54:48,387 [INFO] ytcrawl: [VIDEO] 완료: id=hj4-HfXzL84, views=873706, subs=1200000, cap_len=4699, form=롱폼
2025-09-15 21:54:48,387 [INFO] ytcrawl: [VIDEO] 시작: id=Cyi8n1wbH3s url=https://www.youtube.com/watch?v=Cyi8n1wbH3s
2025-09-15 21:54:48,534 [INFO] ytcrawl: [CAP] 파싱 성공: lines=44, text_len=807
2025-09-15 21:54:48,534 [INFO] ytcrawl: [VIDEO] 완료: id=s3brm61MF1o, views=128888, subs=5020000, cap_len=807, form=롱폼
2025-09-15 21:54:48,534 [INFO] ytcrawl: [VIDEO] 시작: id=WHngGtx2op4 url=https://www.youtube.com/watch?v=WHngGtx2op4
2025-09-15 21:54:48,961 [INFO] ytcrawl: [CAP] 'a.ko' 발견 → 원문 사용
2025-09-15 21:54:49,266 [INFO] ytcrawl: [CAP] 파싱 성공: lines=300, text_len=5541
2025-09-15 21:54:49,266 [INFO] ytcrawl: [VIDEO] 완료: id=UnVcViWGMlk, views=169338, subs=50500, cap_len=5541, form=롱폼
2025-09-15 21:54:49,266 [INFO] ytcrawl: [VIDEO] 시작: id=S3iIp9ZUp08 url=https://www.youtube.com/watch?v=S3iIp9ZUp08
2025-09-15 21:54:49,313 [INFO] ytcrawl: [CAP] 'a.ko' 발견 → 원문 사용
2025-09-15 21:54:49,546 [INFO] ytcrawl: [CAP] 'a.ko' 발견 → 원문 사용
2025-09-15 21:54:49,646 [INFO] ytcrawl: [CAP] XML 자막 미확보
2025-09-15 21:54:49,647 [INFO] ytcrawl: [VIDEO] 완료: id=VAH4h9luOyU, views=25777, subs=19000, cap_len=0, form=롱폼
2025-09-15 21:54:49,647 [INFO] ytcrawl: [VIDEO] 시작: id=zQXtyQCHYzg url=https://www.youtube.com/watch?v=zQXtyQCHYzg
2025-09-15 21:54:49,668 [DEBUG] ytcrawl: [HTTP] GET https://www.youtube.com/watch?v=YGAFaLEoK8M&hl=ko&gl=KR&persist_hl=1&persist_gl=1 -> 200, len=1053899
2025-09-15 21:54:49,696 [INFO] ytcrawl: [SUBS][WATCH] channel=UCwRFj9gC3meixU8fqKJdgxA text='구독자 9.57만명' -> 95700
2025-09-15 21:54:49,699 [INFO] ytcrawl: [CAP] 파싱 성공: lines=287, text_len=3738
2025-09-15 21:54:49,700 [INFO] ytcrawl: [VIDEO] 완료: id=66PJaMpeHWY, views=835238, subs=2050000, cap_len=3738, form=롱폼
2025-09-15 21:54:49,700 [INFO] ytcrawl: [VIDEO] 시작: id=Et7epC6J888 url=https://www.youtube.com/watch?v=Et7epC6J888
2025-09-15 21:54:49,774 [INFO] ytcrawl: [CAP] 파싱 성공: lines=25, text_len=423
2025-09-15 21:54:49,775 [INFO] ytcrawl: [VIDEO] 완료: id=ECUw6qC1BAc, views=96975, subs=4700000, cap_len=423, form=롱폼
2025-09-15 21:54:49,775 [INFO] ytcrawl: [VIDEO] 시작: id=Q4XAIc8DQe8 url=https://www.youtube.com/watch?v=Q4XAIc8DQe8
2025-09-15 21:54:50,025 [INFO] ytcrawl: [CAP] 'a.ko' 발견 → 원문 사용
2025-09-15 21:54:50,326 [INFO] ytcrawl: [CAP] 파싱 성공: lines=316, text_len=5619
2025-09-15 21:54:50,326 [INFO] ytcrawl: [VIDEO] 완료: id=YGAFaLEoK8M, views=827891, subs=95700, cap_len=5619, form=롱폼
2025-09-15 21:54:50,326 [INFO] ytcrawl: [VIDEO] 시작: id=VjgDFnxrTiQ url=https://www.youtube.com/watch?v=VjgDFnxrTiQ
2025-09-15 21:54:50,902 [INFO] ytcrawl: [CAP] 'a.ko' 발견 → 원문 사용
2025-09-15 21:54:50,986 [DEBUG] ytcrawl: [HTTP] GET https://www.youtube.com/watch?v=WHngGtx2op4&hl=ko&gl=KR&persist_hl=1&persist_gl=1 -> 200, len=1033764
2025-09-15 21:54:51,016 [INFO] ytcrawl: [SUBS][WATCH] channel=UCvJerBapqbvF6wwniM2ef1Q text='구독자 7.72천명' -> 7720
2025-09-15 21:54:51,207 [INFO] ytcrawl: [CAP] 파싱 성공: lines=290, text_len=4469
2025-09-15 21:54:51,207 [INFO] ytcrawl: [VIDEO] 완료: id=Cyi8n1wbH3s, views=961686, subs=2050000, cap_len=4469, form=롱폼
2025-09-15 21:54:51,207 [INFO] ytcrawl: [VIDEO] 시작: id=ZnntNzXiRKc url=https://www.youtube.com/watch?v=ZnntNzXiRKc
2025-09-15 21:54:51,258 [INFO] ytcrawl: [CAP] 'ko' 발견 → 원문 사용
2025-09-15 21:54:51,517 [INFO] ytcrawl: [CAP] 파싱 성공: lines=26, text_len=589
2025-09-15 21:54:51,517 [INFO] ytcrawl: [VIDEO] 완료: id=WHngGtx2op4, views=1006176, subs=7720, cap_len=589, form=롱폼
2025-09-15 21:54:51,518 [INFO] ytcrawl: [VIDEO] 시작: id=GM0mtx_mMSk url=https://www.youtube.com/watch?v=GM0mtx_mMSk
2025-09-15 21:54:51,623 [INFO] ytcrawl: [CAP] 'a.ko' 발견 → 원문 사용
2025-09-15 21:54:51,890 [INFO] ytcrawl: [CAP] 파싱 성공: lines=177, text_len=2467
2025-09-15 21:54:51,891 [INFO] ytcrawl: [VIDEO] 완료: id=S3iIp9ZUp08, views=537269, subs=2050000, cap_len=2467, form=롱폼
2025-09-15 21:54:51,891 [INFO] ytcrawl: [VIDEO] 시작: id=NCb04XKCYvU url=https://www.youtube.com/watch?v=NCb04XKCYvU
2025-09-15 21:54:52,104 [INFO] ytcrawl: [CAP] 'a.ko' 발견 → 원문 사용
2025-09-15 21:54:52,203 [INFO] ytcrawl: [CAP] 'a.ko' 발견 → 원문 사용
2025-09-15 21:54:52,224 [DEBUG] ytcrawl: [HTTP] GET https://www.youtube.com/watch?v=Et7epC6J888&hl=ko&gl=KR&persist_hl=1&persist_gl=1 -> 200, len=1211994
2025-09-15 21:54:52,251 [INFO] ytcrawl: [SUBS][WATCH] channel=UCRxAB8kAoxyICjcZHna1Ncw text='구독자 6.54천명' -> 6540
2025-09-15 21:54:52,433 [INFO] ytcrawl: [CAP] 파싱 성공: lines=710, text_len=10422
2025-09-15 21:54:52,433 [INFO] ytcrawl: [VIDEO] 완료: id=Q4XAIc8DQe8, views=48722, subs=12300, cap_len=10422, form=롱폼
2025-09-15 21:54:52,434 [INFO] ytcrawl: [VIDEO] 시작: id=S2GzWrMSeDw url=https://www.youtube.com/watch?v=S2GzWrMSeDw
2025-09-15 21:54:52,478 [INFO] ytcrawl: [CAP] 'a.ko' 발견 → 원문 사용
2025-09-15 21:54:52,515 [INFO] ytcrawl: [CAP] 파싱 성공: lines=174, text_len=2798
2025-09-15 21:54:52,515 [INFO] ytcrawl: [VIDEO] 완료: id=zQXtyQCHYzg, views=289146, subs=325000, cap_len=2798, form=롱폼
2025-09-15 21:54:52,516 [INFO] ytcrawl: [VIDEO] 시작: id=_aQlnAMBZFw url=https://www.youtube.com/watch?v=_aQlnAMBZFw
2025-09-15 21:54:52,680 [INFO] ytcrawl: [CAP] 파싱 성공: lines=52, text_len=989
2025-09-15 21:54:52,680 [INFO] ytcrawl: [VIDEO] 완료: id=Et7epC6J888, views=29034, subs=6540, cap_len=989, form=롱폼
2025-09-15 21:54:52,680 [INFO] ytcrawl: [VIDEO] 시작: id=jmAhwp3i_Ec url=https://www.youtube.com/watch?v=jmAhwp3i_Ec
2025-09-15 21:54:53,236 [DEBUG] ytcrawl: [HTTP] GET https://www.youtube.com/watch?v=VjgDFnxrTiQ&hl=ko&gl=KR&persist_hl=1&persist_gl=1 -> 200, len=1415614
2025-09-15 21:54:53,271 [INFO] ytcrawl: [SUBS][WATCH] channel=UCHxKSivB6JLZ1SEMdxd1fAg text='구독자 149만명' -> 1490000
2025-09-15 21:54:53,303 [INFO] ytcrawl: [CAP] 'a.ko' 발견 → 원문 사용
2025-09-15 21:54:53,582 [INFO] ytcrawl: [CAP] 'a.ko' 발견 → 원문 사용
2025-09-15 21:54:53,682 [INFO] ytcrawl: [CAP] 파싱 성공: lines=705, text_len=13103
2025-09-15 21:54:53,683 [INFO] ytcrawl: [VIDEO] 완료: id=ZnntNzXiRKc, views=508407, subs=50500, cap_len=13103, form=롱폼
2025-09-15 21:54:53,683 [INFO] ytcrawl: [VIDEO] 시작: id=dHR6x4j7nbE url=https://www.youtube.com/watch?v=dHR6x4j7nbE
2025-09-15 21:54:53,812 [INFO] ytcrawl: [CAP] 'a.ko' 발견 → 원문 사용
2025-09-15 21:54:54,024 [INFO] ytcrawl: [CAP] 파싱 성공: lines=927, text_len=15984
2025-09-15 21:54:54,024 [INFO] ytcrawl: [VIDEO] 완료: id=GM0mtx_mMSk, views=108629, subs=120000, cap_len=15984, form=롱폼
2025-09-15 21:54:54,025 [INFO] ytcrawl: [VIDEO] 시작: id=44GrGxC7Gss url=https://www.youtube.com/watch?v=44GrGxC7Gss
2025-09-15 21:54:54,193 [INFO] ytcrawl: [CAP] 'ko' 발견 → 원문 사용
2025-09-15 21:54:54,217 [INFO] ytcrawl: [CAP] 파싱 성공: lines=1106, text_len=18502
2025-09-15 21:54:54,218 [INFO] ytcrawl: [VIDEO] 완료: id=VjgDFnxrTiQ, views=733931, subs=1490000, cap_len=18502, form=롱폼
2025-09-15 21:54:54,218 [INFO] ytcrawl: [VIDEO] 시작: id=ac62Jmj6g5k url=https://www.youtube.com/watch?v=ac62Jmj6g5k
2025-09-15 21:54:54,400 [INFO] ytcrawl: [CAP] 파싱 성공: lines=64, text_len=1563
2025-09-15 21:54:54,400 [INFO] ytcrawl: [VIDEO] 완료: id=_aQlnAMBZFw, views=2481555, subs=7720, cap_len=1563, form=롱폼
2025-09-15 21:54:54,401 [INFO] ytcrawl: [VIDEO] 시작: id=kJ9kazhXco4 url=https://www.youtube.com/watch?v=kJ9kazhXco4
2025-09-15 21:54:54,626 [DEBUG] ytcrawl: [HTTP] GET https://www.youtube.com/watch?v=NCb04XKCYvU&hl=ko&gl=KR&persist_hl=1&persist_gl=1 -> 200, len=1532452
2025-09-15 21:54:54,660 [INFO] ytcrawl: [SUBS][WATCH] channel=UCnDcpS7XLQ9KFPqULb9TH8g text='구독자 19.6만명' -> 196000
2025-09-15 21:54:54,736 [INFO] ytcrawl: [CAP] 'a.ko' 발견 → 원문 사용
2025-09-15 21:54:55,007 [INFO] ytcrawl: [CAP] 파싱 성공: lines=25, text_len=425
2025-09-15 21:54:55,007 [INFO] ytcrawl: [VIDEO] 완료: id=S2GzWrMSeDw, views=44615, subs=1050, cap_len=425, form=쇼츠
2025-09-15 21:54:55,007 [INFO] ytcrawl: [VIDEO] 시작: id=5Bk9U7xwCSA url=https://www.youtube.com/watch?v=5Bk9U7xwCSA
2025-09-15 21:54:56,043 [INFO] ytcrawl: [CAP] XML 자막 미확보
2025-09-15 21:54:56,043 [INFO] ytcrawl: [VIDEO] 완료: id=44GrGxC7Gss, views=86417, subs=44500, cap_len=0, form=롱폼
2025-09-15 21:54:56,043 [INFO] ytcrawl: [VIDEO] 시작: id=BtCLKtz0pRY url=https://www.youtube.com/watch?v=BtCLKtz0pRY
2025-09-15 21:54:56,063 [INFO] ytcrawl: [CAP] 'ko' 발견 → 원문 사용
2025-09-15 21:54:56,292 [INFO] ytcrawl: [CAP] 파싱 성공: lines=174, text_len=2687
2025-09-15 21:54:56,292 [INFO] ytcrawl: [VIDEO] 완료: id=dHR6x4j7nbE, views=278061, subs=1580000, cap_len=2687, form=롱폼
2025-09-15 21:54:56,292 [INFO] ytcrawl: [VIDEO] 시작: id=Km6pPSAC4n8 url=https://www.youtube.com/watch?v=Km6pPSAC4n8
2025-09-15 21:54:56,468 [INFO] ytcrawl: [CAP] 'a.ko' 발견 → 원문 사용
2025-09-15 21:54:56,520 [DEBUG] ytcrawl: [HTTP] GET https://www.youtube.com/watch?v=jmAhwp3i_Ec&hl=ko&gl=KR&persist_hl=1&persist_gl=1 -> 200, len=1646420
2025-09-15 21:54:56,557 [INFO] ytcrawl: [SUBS][WATCH] channel=UCrKSaegnzewdj9-YLsUhoZw text='구독자 5.85만명' -> 58500
2025-09-15 21:54:56,682 [DEBUG] ytcrawl: [HTTP] GET https://www.youtube.com/watch?v=ac62Jmj6g5k&hl=ko&gl=KR&persist_hl=1&persist_gl=1 -> 200, len=1018378
2025-09-15 21:54:56,714 [INFO] ytcrawl: [SUBS][WATCH] channel=UCtP4PUP26G7oNgr4yl9K82A text='구독자 343명' -> 343
2025-09-15 21:54:56,724 [INFO] ytcrawl: [CAP] 'a.ko' 발견 → 원문 사용
2025-09-15 21:54:56,725 [INFO] ytcrawl: [CAP] 파싱 성공: lines=163, text_len=1844
2025-09-15 21:54:56,725 [INFO] ytcrawl: [VIDEO] 완료: id=kJ9kazhXco4, views=571777, subs=2050000, cap_len=1844, form=롱폼
2025-09-15 21:54:56,725 [INFO] ytcrawl: [VIDEO] 시작: id=J27PjJO55as url=https://www.youtube.com/watch?v=J27PjJO55as
2025-09-15 21:54:56,967 [INFO] ytcrawl: [CAP] 'a.ko' 발견 → 원문 사용
2025-09-15 21:54:57,090 [INFO] ytcrawl: [CAP] 파싱 성공: lines=1121, text_len=17456
2025-09-15 21:54:57,090 [INFO] ytcrawl: [VIDEO] 완료: id=NCb04XKCYvU, views=68186, subs=196000, cap_len=17456, form=롱폼
2025-09-15 21:54:57,091 [INFO] ytcrawl: [VIDEO] 시작: id=ZymIANR6Z2Y url=https://www.youtube.com/watch?v=ZymIANR6Z2Y
2025-09-15 21:54:57,112 [INFO] ytcrawl: [CAP] 'a.ko' 발견 → 원문 사용
2025-09-15 21:54:57,139 [INFO] ytcrawl: [CAP] 'a.ko' 발견 → 원문 사용
2025-09-15 21:54:57,229 [INFO] ytcrawl: [CAP] 파싱 성공: lines=7, text_len=65
2025-09-15 21:54:57,230 [INFO] ytcrawl: [VIDEO] 완료: id=ac62Jmj6g5k, views=4241, subs=343, cap_len=65, form=쇼츠
2025-09-15 21:54:57,230 [INFO] ytcrawl: [VIDEO] 시작: id=PR3w_rPXtrw url=https://www.youtube.com/watch?v=PR3w_rPXtrw
2025-09-15 21:54:57,474 [INFO] ytcrawl: [CAP] 파싱 성공: lines=665, text_len=11168
2025-09-15 21:54:57,474 [INFO] ytcrawl: [VIDEO] 완료: id=5Bk9U7xwCSA, views=74969, subs=180000, cap_len=11168, form=롱폼
2025-09-15 21:54:57,474 [INFO] ytcrawl: [VIDEO] 시작: id=Qpjrzf3IUcA url=https://www.youtube.com/watch?v=Qpjrzf3IUcA
2025-09-15 21:54:57,711 [INFO] ytcrawl: [CAP] 파싱 성공: lines=1619, text_len=30476
2025-09-15 21:54:57,712 [INFO] ytcrawl: [VIDEO] 완료: id=jmAhwp3i_Ec, views=103070, subs=58500, cap_len=30476, form=롱폼
2025-09-15 21:54:57,712 [INFO] ytcrawl: [VIDEO] 시작: id=of0LLOJtVxY url=https://www.youtube.com/watch?v=of0LLOJtVxY
2025-09-15 21:54:58,012 [INFO] ytcrawl: [CAP] 파싱 성공: lines=429, text_len=8266
2025-09-15 21:54:58,012 [INFO] ytcrawl: [VIDEO] 완료: id=l12gy-_EMG8, views=884858, subs=50500, cap_len=8266, form=롱폼
2025-09-15 21:54:58,012 [INFO] ytcrawl: [VIDEO] 시작: id=kdWEFisJrhA url=https://www.youtube.com/watch?v=kdWEFisJrhA
2025-09-15 21:54:58,452 [INFO] ytcrawl: [CAP] XML 자막 미확보
2025-09-15 21:54:58,453 [INFO] ytcrawl: [VIDEO] 완료: id=BtCLKtz0pRY, views=60037, subs=44500, cap_len=0, form=롱폼
2025-09-15 21:54:58,453 [INFO] ytcrawl: [VIDEO] 시작: id=ySB-3NqypBo url=https://www.youtube.com/watch?v=ySB-3NqypBo
2025-09-15 21:54:58,492 [INFO] ytcrawl: [CAP] XML 자막 미확보
2025-09-15 21:54:58,492 [INFO] ytcrawl: [VIDEO] 완료: id=J27PjJO55as, views=12144, subs=44500, cap_len=0, form=롱폼
2025-09-15 21:54:58,493 [INFO] ytcrawl: [VIDEO] 시작: id=rEEZ6kDGazc url=https://www.youtube.com/watch?v=rEEZ6kDGazc
2025-09-15 21:54:58,571 [INFO] ytcrawl: [CAP] XML 자막 미확보
2025-09-15 21:54:58,571 [INFO] ytcrawl: [VIDEO] 완료: id=Km6pPSAC4n8, views=14754, subs=19000, cap_len=0, form=롱폼
2025-09-15 21:54:58,571 [INFO] ytcrawl: [VIDEO] 시작: id=dJUjXNETDYY url=https://www.youtube.com/watch?v=dJUjXNETDYY
2025-09-15 21:54:59,266 [INFO] ytcrawl: [CAP] 'a.ko' 발견 → 원문 사용
2025-09-15 21:54:59,371 [INFO] ytcrawl: [CAP] XML 자막 미확보
2025-09-15 21:54:59,371 [INFO] ytcrawl: [VIDEO] 완료: id=of0LLOJtVxY, views=11342, subs=19000, cap_len=0, form=롱폼
2025-09-15 21:54:59,371 [INFO] ytcrawl: [VIDEO] 시작: id=QtuO9qdc9ck url=https://www.youtube.com/watch?v=QtuO9qdc9ck
2025-09-15 21:54:59,532 [INFO] ytcrawl: [CAP] 파싱 성공: lines=40, text_len=743
2025-09-15 21:54:59,533 [INFO] ytcrawl: [VIDEO] 완료: id=Qpjrzf3IUcA, views=113325, subs=13600, cap_len=743, form=롱폼
2025-09-15 21:54:59,533 [INFO] ytcrawl: [VIDEO] 시작: id=26iwnfFoqak url=https://www.youtube.com/watch?v=26iwnfFoqak
2025-09-15 21:55:00,017 [DEBUG] ytcrawl: [HTTP] GET https://www.youtube.com/watch?v=ZymIANR6Z2Y&hl=ko&gl=KR&persist_hl=1&persist_gl=1 -> 200, len=1484061
2025-09-15 21:55:00,051 [INFO] ytcrawl: [SUBS][WATCH] channel=UCunQJrd9yphZEH0Etwjnabw text='구독자 20.7만명' -> 207000
2025-09-15 21:55:00,360 [INFO] ytcrawl: [CAP] 'a.ko' 발견 → 원문 사용
2025-09-15 21:55:00,676 [INFO] ytcrawl: [CAP] 파싱 성공: lines=356, text_len=4756
2025-09-15 21:55:00,676 [INFO] ytcrawl: [VIDEO] 완료: id=ZymIANR6Z2Y, views=310146, subs=207000, cap_len=4756, form=롱폼
2025-09-15 21:55:00,676 [INFO] ytcrawl: [VIDEO] 시작: id=xPqlC3jAlKo url=https://www.youtube.com/watch?v=xPqlC3jAlKo
2025-09-15 21:55:00,860 [DEBUG] ytcrawl: [HTTP] GET https://www.youtube.com/watch?v=kdWEFisJrhA&hl=ko&gl=KR&persist_hl=1&persist_gl=1 -> 200, len=1393534
2025-09-15 21:55:00,889 [INFO] ytcrawl: [SUBS][WATCH] channel=UCw_3Ok00XW61VIF607Zwrcw text='구독자 460명' -> 460
2025-09-15 21:55:00,890 [INFO] ytcrawl: [CAP] XML 자막 미확보
2025-09-15 21:55:00,890 [INFO] ytcrawl: [VIDEO] 완료: id=kdWEFisJrhA, views=83837, subs=460, cap_len=0, form=롱폼
2025-09-15 21:55:00,903 [INFO] ytcrawl: [VIDEO] 시작: id=20KsJd3Tef8 url=https://www.youtube.com/watch?v=20KsJd3Tef8
2025-09-15 21:55:01,155 [INFO] ytcrawl: [CAP] 'a.ko' 발견 → 원문 사용
2025-09-15 21:55:01,324 [INFO] ytcrawl: [CAP] 'a.ko' 발견 → 원문 사용
2025-09-15 21:55:01,414 [INFO] ytcrawl: [CAP] 파싱 성공: lines=145, text_len=1852
2025-09-15 21:55:01,414 [INFO] ytcrawl: [VIDEO] 완료: id=ySB-3NqypBo, views=834022, subs=1580000, cap_len=1852, form=롱폼
2025-09-15 21:55:01,414 [INFO] ytcrawl: [VIDEO] 시작: id=3uPTXs0j5tk url=https://www.youtube.com/watch?v=3uPTXs0j5tk
2025-09-15 21:55:01,437 [DEBUG] ytcrawl: [HTTP] GET https://www.youtube.com/watch?v=rEEZ6kDGazc&hl=ko&gl=KR&persist_hl=1&persist_gl=1 -> 200, len=1618696
2025-09-15 21:55:01,474 [INFO] ytcrawl: [SUBS][WATCH] channel=UC5FrwbjA_vjmU9nGbjpbwyg text='구독자 56.5만명' -> 565000
2025-09-15 21:55:01,573 [INFO] ytcrawl: [CAP] 파싱 성공: lines=62, text_len=642
2025-09-15 21:55:01,573 [INFO] ytcrawl: [VIDEO] 완료: id=QtuO9qdc9ck, views=680710, subs=2050000, cap_len=642, form=롱폼
2025-09-15 21:55:01,574 [INFO] ytcrawl: [VIDEO] 시작: id=OWPDnig57F8 url=https://www.youtube.com/watch?v=OWPDnig57F8
2025-09-15 21:55:01,813 [INFO] ytcrawl: [CAP] 'a.ko' 발견 → 원문 사용
2025-09-15 21:55:01,825 [INFO] ytcrawl: [CAP] 'a.ko' 발견 → 원문 사용
2025-09-15 21:55:02,114 [INFO] ytcrawl: [CAP] 파싱 성공: lines=134, text_len=1441
2025-09-15 21:55:02,114 [INFO] ytcrawl: [VIDEO] 완료: id=26iwnfFoqak, views=427554, subs=45000, cap_len=1441, form=롱폼
2025-09-15 21:55:02,114 [INFO] ytcrawl: [VIDEO] 시작: id=NQAj0eF7XBE url=https://www.youtube.com/watch?v=NQAj0eF7XBE
2025-09-15 21:55:02,153 [INFO] ytcrawl: [CAP] 파싱 성공: lines=265, text_len=4783
2025-09-15 21:55:02,154 [INFO] ytcrawl: [VIDEO] 완료: id=rEEZ6kDGazc, views=231618, subs=565000, cap_len=4783, form=롱폼
2025-09-15 21:55:02,154 [INFO] ytcrawl: [VIDEO] 시작: id=fr0thYEYeyw url=https://www.youtube.com/watch?v=fr0thYEYeyw
2025-09-15 21:55:02,329 [DEBUG] ytcrawl: [HTTP] GET https://www.youtube.com/watch?v=PR3w_rPXtrw&hl=ko&gl=KR&persist_hl=1&persist_gl=1 -> 200, len=1601138
2025-09-15 21:55:02,363 [INFO] ytcrawl: [SUBS][WATCH] channel=UC-uIpGINZDL-VIHQQzJW8jw text='구독자 140만명' -> 1400000
2025-09-15 21:55:02,703 [INFO] ytcrawl: [CAP] 'ko' 발견 → 원문 사용
2025-09-15 21:55:03,033 [INFO] ytcrawl: [CAP] 파싱 성공: lines=976, text_len=18277
2025-09-15 21:55:03,034 [INFO] ytcrawl: [VIDEO] 완료: id=PR3w_rPXtrw, views=3938703, subs=1400000, cap_len=18277, form=롱폼
2025-09-15 21:55:03,034 [INFO] ytcrawl: [VIDEO] 시작: id=Sk75m9y7dqc url=https://www.youtube.com/watch?v=Sk75m9y7dqc
2025-09-15 21:55:03,070 [DEBUG] ytcrawl: [HTTP] GET https://www.youtube.com/watch?v=xPqlC3jAlKo&hl=ko&gl=KR&persist_hl=1&persist_gl=1 -> 200, len=1267664
2025-09-15 21:55:03,104 [INFO] ytcrawl: [SUBS][WATCH] channel=UC1K3xLtg0kG7vQXPuvZd28Q text='구독자 3.58천명' -> 3580
2025-09-15 21:55:03,530 [INFO] ytcrawl: [CAP] 'a.ko' 발견 → 원문 사용
2025-09-15 21:55:03,634 [INFO] ytcrawl: [CAP] XML 자막 미확보
2025-09-15 21:55:03,634 [INFO] ytcrawl: [VIDEO] 완료: id=3uPTXs0j5tk, views=29187, subs=148, cap_len=0, form=쇼츠
2025-09-15 21:55:03,634 [INFO] ytcrawl: [VIDEO] 시작: id=tnRCXz7266E url=https://www.youtube.com/watch?v=tnRCXz7266E
2025-09-15 21:55:03,895 [INFO] ytcrawl: [CAP] 'a.ko' 발견 → 원문 사용
2025-09-15 21:55:04,020 [DEBUG] ytcrawl: [HTTP] GET https://www.youtube.com/watch?v=20KsJd3Tef8&hl=ko&gl=KR&persist_hl=1&persist_gl=1 -> 200, len=1857293
2025-09-15 21:55:04,081 [INFO] ytcrawl: [SUBS][WATCH] channel=UCw1DsweY9b2AKGjV4kGJP1A text='구독자 163만명' -> 1630000
2025-09-15 21:55:04,150 [INFO] ytcrawl: [CAP] 파싱 성공: lines=425, text_len=5402
2025-09-15 21:55:04,150 [INFO] ytcrawl: [VIDEO] 완료: id=xPqlC3jAlKo, views=467, subs=3580, cap_len=5402, form=롱폼
2025-09-15 21:55:04,150 [INFO] ytcrawl: [VIDEO] 시작: id=92IhjtQdWZM url=https://www.youtube.com/watch?v=92IhjtQdWZM
2025-09-15 21:55:04,293 [INFO] ytcrawl: [CAP] 'a.ko' 발견 → 원문 사용
2025-09-15 21:55:04,447 [INFO] ytcrawl: [CAP] 'a.ko' 발견 → 원문 사용
2025-09-15 21:55:04,452 [INFO] ytcrawl: [CAP] 파싱 성공: lines=778, text_len=12694
2025-09-15 21:55:04,452 [INFO] ytcrawl: [VIDEO] 완료: id=OWPDnig57F8, views=485733, subs=4560000, cap_len=12694, form=롱폼
2025-09-15 21:55:04,452 [INFO] ytcrawl: [VIDEO] 시작: id=EoGXBXoJguI url=https://www.youtube.com/watch?v=EoGXBXoJguI
2025-09-15 21:55:04,471 [INFO] ytcrawl: [CAP] 'a.ko' 발견 → 원문 사용
2025-09-15 21:55:04,525 [INFO] ytcrawl: [CAP] 파싱 성공: lines=53, text_len=719
2025-09-15 21:55:04,525 [INFO] ytcrawl: [VIDEO] 완료: id=fr0thYEYeyw, views=476956, subs=36200, cap_len=719, form=롱폼
2025-09-15 21:55:04,525 [INFO] ytcrawl: [VIDEO] 시작: id=iEq0aXGr3bE url=https://www.youtube.com/watch?v=iEq0aXGr3bE
2025-09-15 21:55:04,577 [DEBUG] ytcrawl: [HTTP] GET https://www.youtube.com/watch?v=dJUjXNETDYY&hl=ko&gl=KR&persist_hl=1&persist_gl=1 -> 200, len=1263752
2025-09-15 21:55:04,611 [INFO] ytcrawl: [SUBS][WATCH] channel=UCIJswzd07JQofhj7MpRBjKQ text='구독자 24.9만명' -> 249000
2025-09-15 21:55:04,734 [DEBUG] ytcrawl: [CAP] 번역(en) 응답: 429, len=1103
2025-09-15 21:55:04,755 [INFO] ytcrawl: [CAP] 파싱 성공: lines=267, text_len=4493
2025-09-15 21:55:04,755 [INFO] ytcrawl: [VIDEO] 완료: id=NQAj0eF7XBE, views=2586724, subs=1630000, cap_len=4493, form=롱폼
2025-09-15 21:55:04,755 [INFO] ytcrawl: [VIDEO] 시작: id=SETvPnjt1B8 url=https://www.youtube.com/watch?v=SETvPnjt1B8
2025-09-15 21:55:04,851 [INFO] ytcrawl: [CAP] 'a.ko' 발견 → 원문 사용
2025-09-15 21:55:04,870 [INFO] ytcrawl: [CAP] 파싱 성공: lines=706, text_len=11621
2025-09-15 21:55:04,870 [INFO] ytcrawl: [VIDEO] 완료: id=20KsJd3Tef8, views=985288, subs=1630000, cap_len=11621, form=롱폼
2025-09-15 21:55:04,870 [INFO] ytcrawl: [VIDEO] 시작: id=LEapGARcTac url=https://www.youtube.com/watch?v=LEapGARcTac
2025-09-15 21:55:04,995 [DEBUG] ytcrawl: [CAP][PR] GET https://www.youtube.com/api/timedtext?v=Sk75m9y7dqc&ei=pwzIaMGhMdKYvcAPnp3ByAI&caps=asr&opi=112496729&exp=xpe&xoaf=5&xowf=1&hl=en&ip=0.0.0.0&ipbits=0&expire=1757966103&sparams=ip,ipbits,expire,v,ei,caps,opi,exp,xoaf&signature=381014036DDD85714FFC2C4CD319BC2BE815DC01.EABC30C8B0572EA3D6C0C02A8DE9E14E5EC642E2&key=yt8&lang=en&fmt=srv3&tlang=ko -> 429, len=1103
2025-09-15 21:55:04,995 [INFO] ytcrawl: [CAP] XML 자막 미확보
2025-09-15 21:55:04,995 [INFO] ytcrawl: [VIDEO] 완료: id=Sk75m9y7dqc, views=643525, subs=2050000, cap_len=0, form=롱폼
2025-09-15 21:55:04,995 [INFO] ytcrawl: [VIDEO] 시작: id=JQ3YhvFI15M url=https://www.youtube.com/watch?v=JQ3YhvFI15M
2025-09-15 21:55:05,125 [INFO] ytcrawl: [CAP] 파싱 성공: lines=44, text_len=809
2025-09-15 21:55:05,125 [INFO] ytcrawl: [VIDEO] 완료: id=dJUjXNETDYY, views=90286, subs=249000, cap_len=809, form=롱폼
2025-09-15 21:55:05,125 [INFO] ytcrawl: [VIDEO] 시작: id=uXheI1yQ-8A url=https://www.youtube.com/watch?v=uXheI1yQ-8A
2025-09-15 21:55:06,057 [DEBUG] ytcrawl: [HTTP] GET https://www.youtube.com/watch?v=tnRCXz7266E&hl=ko&gl=KR&persist_hl=1&persist_gl=1 -> 200, len=1215845
2025-09-15 21:55:06,086 [INFO] ytcrawl: [SUBS][WATCH] channel=UCQFIex9N4WFyfGfkhqljPRg text='구독자 2.35만명' -> 23500
2025-09-15 21:55:06,202 [INFO] ytcrawl: [CAP] 'a.ko' 발견 → 원문 사용
2025-09-15 21:55:06,483 [INFO] ytcrawl: [CAP] XML 자막 미확보
2025-09-15 21:55:06,484 [INFO] ytcrawl: [VIDEO] 완료: id=iEq0aXGr3bE, views=59196, subs=44500, cap_len=0, form=롱폼
2025-09-15 21:55:06,484 [INFO] ytcrawl: [VIDEO] 시작: id=KKQOgydY8_s url=https://www.youtube.com/watch?v=KKQOgydY8_s
2025-09-15 21:55:06,504 [INFO] ytcrawl: [CAP] 파싱 성공: lines=47, text_len=838
2025-09-15 21:55:06,504 [INFO] ytcrawl: [VIDEO] 완료: id=92IhjtQdWZM, views=57429, subs=5960000, cap_len=838, form=롱폼
2025-09-15 21:55:06,504 [INFO] ytcrawl: [VIDEO] 시작: id=gHiyN2gE-Uk url=https://www.youtube.com/watch?v=gHiyN2gE-Uk
2025-09-15 21:55:06,522 [INFO] ytcrawl: [CAP] 'a.ko' 발견 → 원문 사용
2025-09-15 21:55:06,789 [INFO] ytcrawl: [CAP] XML 자막 미확보
2025-09-15 21:55:06,792 [INFO] ytcrawl: [VIDEO] 완료: id=SETvPnjt1B8, views=20107, subs=19000, cap_len=0, form=롱폼
2025-09-15 21:55:06,793 [INFO] ytcrawl: [VIDEO] 시작: id=YwrKtbSMfqY url=https://www.youtube.com/watch?v=YwrKtbSMfqY
2025-09-15 21:55:06,846 [INFO] ytcrawl: [CAP] 파싱 성공: lines=238, text_len=3284
2025-09-15 21:55:06,846 [INFO] ytcrawl: [VIDEO] 완료: id=tnRCXz7266E, views=89, subs=23500, cap_len=3284, form=롱폼
2025-09-15 21:55:06,846 [INFO] ytcrawl: [VIDEO] 시작: id=zMyxN79AmxI url=https://www.youtube.com/watch?v=zMyxN79AmxI
2025-09-15 21:55:06,969 [INFO] ytcrawl: [CAP] 'a.ko' 발견 → 원문 사용
2025-09-15 21:55:07,005 [INFO] ytcrawl: [CAP] 'a.ko' 발견 → 원문 사용
2025-09-15 21:55:07,101 [INFO] ytcrawl: [CAP] 'a.ko' 발견 → 원문 사용
2025-09-15 21:55:07,296 [INFO] ytcrawl: [CAP] 파싱 성공: lines=348, text_len=4667
2025-09-15 21:55:07,296 [INFO] ytcrawl: [VIDEO] 완료: id=JQ3YhvFI15M, views=449554, subs=12300, cap_len=4667, form=롱폼
2025-09-15 21:55:07,296 [INFO] ytcrawl: [VIDEO] 시작: id=JWDFccTFXnw url=https://www.youtube.com/watch?v=JWDFccTFXnw
2025-09-15 21:55:07,318 [INFO] ytcrawl: [CAP] 파싱 성공: lines=271, text_len=4296
2025-09-15 21:55:07,318 [INFO] ytcrawl: [VIDEO] 완료: id=LEapGARcTac, views=593237, subs=119000, cap_len=4296, form=롱폼
2025-09-15 21:55:07,319 [INFO] ytcrawl: [VIDEO] 시작: id=QhkE1ckWog4 url=https://www.youtube.com/watch?v=QhkE1ckWog4
2025-09-15 21:55:07,339 [INFO] ytcrawl: [CAP] 파싱 성공: lines=22, text_len=420
2025-09-15 21:55:07,339 [INFO] ytcrawl: [VIDEO] 완료: id=uXheI1yQ-8A, views=106094, subs=4700000, cap_len=420, form=쇼츠
2025-09-15 21:55:07,339 [INFO] ytcrawl: [VIDEO] 시작: id=9jQwVjKqADI url=https://www.youtube.com/watch?v=9jQwVjKqADI
2025-09-15 21:55:08,980 [INFO] ytcrawl: [CAP] 'a.ko' 발견 → 원문 사용
2025-09-15 21:55:09,185 [INFO] ytcrawl: [CAP] 'a.ko' 발견 → 원문 사용
2025-09-15 21:55:09,218 [INFO] ytcrawl: [CAP] 'a.ko' 발견 → 원문 사용
2025-09-15 21:55:09,313 [INFO] ytcrawl: [CAP] 'a.ko' 발견 → 원문 사용
2025-09-15 21:55:09,334 [INFO] ytcrawl: [CAP] 파싱 성공: lines=418, text_len=7817
2025-09-15 21:55:09,334 [INFO] ytcrawl: [VIDEO] 완료: id=YwrKtbSMfqY, views=1987940, subs=947000, cap_len=7817, form=롱폼
2025-09-15 21:55:09,334 [INFO] ytcrawl: [VIDEO] 시작: id=-ippGqkVm4I url=https://www.youtube.com/watch?v=-ippGqkVm4I
2025-09-15 21:55:09,407 [INFO] ytcrawl: [CAP] 'a.ko' 발견 → 원문 사용
2025-09-15 21:55:09,549 [INFO] ytcrawl: [CAP] 파싱 성공: lines=673, text_len=11717
2025-09-15 21:55:09,550 [INFO] ytcrawl: [VIDEO] 완료: id=zMyxN79AmxI, views=1813999, subs=2050000, cap_len=11717, form=롱폼
2025-09-15 21:55:09,550 [INFO] ytcrawl: [VIDEO] 시작: id=9SKEQWRFGrE url=https://www.youtube.com/watch?v=9SKEQWRFGrE
2025-09-15 21:55:09,570 [DEBUG] ytcrawl: [CAP] 번역(a.en) 응답: 429, len=1103
2025-09-15 21:55:09,578 [INFO] ytcrawl: [CAP] 파싱 성공: lines=188, text_len=2050
2025-09-15 21:55:09,578 [INFO] ytcrawl: [VIDEO] 완료: id=EoGXBXoJguI, views=2900894, subs=762000, cap_len=2050, form=롱폼
2025-09-15 21:55:09,579 [INFO] ytcrawl: [VIDEO] 시작: id=5vMjqxfTs7o url=https://www.youtube.com/watch?v=5vMjqxfTs7o
2025-09-15 21:55:09,605 [INFO] ytcrawl: [CAP] 파싱 성공: lines=1028, text_len=12831
2025-09-15 21:55:09,605 [INFO] ytcrawl: [VIDEO] 완료: id=gHiyN2gE-Uk, views=836836, subs=433000, cap_len=12831, form=롱폼
2025-09-15 21:55:09,605 [INFO] ytcrawl: [VIDEO] 시작: id=0wj7pO_kMB4 url=https://www.youtube.com/watch?v=0wj7pO_kMB4
2025-09-15 21:55:09,671 [INFO] ytcrawl: [CAP] 파싱 성공: lines=52, text_len=881
2025-09-15 21:55:09,671 [INFO] ytcrawl: [VIDEO] 완료: id=QhkE1ckWog4, views=184662, subs=63700, cap_len=881, form=롱폼
2025-09-15 21:55:09,671 [INFO] ytcrawl: [VIDEO] 시작: id=3QR9sroPLjI url=https://www.youtube.com/watch?v=3QR9sroPLjI
2025-09-15 21:55:09,833 [DEBUG] ytcrawl: [HTTP] GET https://www.youtube.com/watch?v=KKQOgydY8_s&hl=ko&gl=KR&persist_hl=1&persist_gl=1 -> 200, len=1543469
2025-09-15 21:55:09,883 [INFO] ytcrawl: [SUBS][WATCH] channel=UC-7di7QmDGOTZmMlZXJjhaA text='구독자 2.01만명' -> 20099
2025-09-15 21:55:10,019 [DEBUG] ytcrawl: [CAP][PR] GET https://www.youtube.com/api/timedtext?v=JWDFccTFXnw&ei=rAzIaNCBA42LqL8PjbeG0Qk&caps=asr&opi=112496729&exp=xpe&xoaf=5&hl=en&ip=0.0.0.0&ipbits=0&expire=1757966108&sparams=ip,ipbits,expire,v,ei,caps,opi,exp,xoaf&signature=6D74EBAD16484BA7F135F598C77C280AD655E7B5.25899F3DF3CD9AF58896945DDC360CA488F38A27&key=yt8&kind=asr&lang=en&fmt=srv3&tlang=ko -> 429, len=1103
2025-09-15 21:55:10,019 [INFO] ytcrawl: [CAP] XML 자막 미확보
2025-09-15 21:55:10,019 [INFO] ytcrawl: [VIDEO] 완료: id=JWDFccTFXnw, views=95459, subs=124000, cap_len=0, form=롱폼
2025-09-15 21:55:10,019 [INFO] ytcrawl: [VIDEO] 시작: id=C0RWQ_-dwaU url=https://www.youtube.com/watch?v=C0RWQ_-dwaU
2025-09-15 21:55:10,160 [INFO] ytcrawl: [CAP] 'ko' 발견 → 원문 사용
2025-09-15 21:55:10,434 [INFO] ytcrawl: [CAP] 파싱 성공: lines=576, text_len=8060
2025-09-15 21:55:10,434 [INFO] ytcrawl: [VIDEO] 완료: id=KKQOgydY8_s, views=780745, subs=20099, cap_len=8060, form=롱폼
2025-09-15 21:55:10,434 [INFO] ytcrawl: [VIDEO] 시작: id=mwrElQlODew url=https://www.youtube.com/watch?v=mwrElQlODew
2025-09-15 21:55:10,521 [DEBUG] ytcrawl: [HTTP] GET https://www.youtube.com/watch?v=9jQwVjKqADI&hl=ko&gl=KR&persist_hl=1&persist_gl=1 -> 200, len=1011658
2025-09-15 21:55:10,549 [INFO] ytcrawl: [SUBS][WATCH] channel=UCAAruFrNe_f2Txol_z8xUrA text='구독자 5.06천명' -> 5060
2025-09-15 21:55:10,808 [INFO] ytcrawl: [CAP] 'a.ko' 발견 → 원문 사용
2025-09-15 21:55:11,011 [INFO] ytcrawl: [CAP] 파싱 성공: lines=6, text_len=62
2025-09-15 21:55:11,011 [INFO] ytcrawl: [VIDEO] 완료: id=9jQwVjKqADI, views=286, subs=5060, cap_len=62, form=쇼츠
2025-09-15 21:55:11,011 [INFO] ytcrawl: [VIDEO] 시작: id=Knp_ThXOQkw url=https://www.youtube.com/watch?v=Knp_ThXOQkw
2025-09-15 21:55:11,198 [INFO] ytcrawl: [CAP] XML 자막 미확보
2025-09-15 21:55:11,198 [INFO] ytcrawl: [VIDEO] 완료: id=9SKEQWRFGrE, views=8075, subs=19000, cap_len=0, form=롱폼
2025-09-15 21:55:11,199 [INFO] ytcrawl: [VIDEO] 시작: id=-_Eo5HbYpsA url=https://www.youtube.com/watch?v=-_Eo5HbYpsA
2025-09-15 21:55:11,635 [INFO] ytcrawl: [CAP] 'a.ko' 발견 → 원문 사용
2025-09-15 21:55:12,041 [INFO] ytcrawl: [CAP] 파싱 성공: lines=1287, text_len=24586
2025-09-15 21:55:12,041 [INFO] ytcrawl: [VIDEO] 완료: id=0wj7pO_kMB4, views=66234, subs=58500, cap_len=24586, form=롱폼
2025-09-15 21:55:12,041 [INFO] ytcrawl: [VIDEO] 시작: id=T23IfhBnaeg url=https://www.youtube.com/watch?v=T23IfhBnaeg
2025-09-15 21:55:12,208 [DEBUG] ytcrawl: [HTTP] GET https://www.youtube.com/watch?v=-ippGqkVm4I&hl=ko&gl=KR&persist_hl=1&persist_gl=1 -> 200, len=1096418
2025-09-15 21:55:12,242 [INFO] ytcrawl: [SUBS][WATCH] channel=UCvnFC-va-ClX9nlvrQW9piw text='구독자 3.63천명' -> 3630
2025-09-15 21:55:12,314 [DEBUG] ytcrawl: [HTTP] GET https://www.youtube.com/watch?v=3QR9sroPLjI&hl=ko&gl=KR&persist_hl=1&persist_gl=1 -> 200, len=1073993
2025-09-15 21:55:12,345 [INFO] ytcrawl: [SUBS][WATCH] channel=UCu976UrWTIh3-3c8WImzVFA text='구독자 27.5만명' -> 275000
2025-09-15 21:55:12,368 [DEBUG] ytcrawl: [HTTP] GET https://www.youtube.com/watch?v=5vMjqxfTs7o&hl=ko&gl=KR&persist_hl=1&persist_gl=1 -> 200, len=1460848
2025-09-15 21:55:12,397 [INFO] ytcrawl: [SUBS][WATCH] channel=UCyoSQyaCrZHro6F_nBiXIYg text='구독자 30.2만명' -> 302000
2025-09-15 21:55:12,569 [INFO] ytcrawl: [CAP] 'a.ko' 발견 → 원문 사용
2025-09-15 21:55:12,607 [INFO] ytcrawl: [CAP] 'a.ko' 발견 → 원문 사용
2025-09-15 21:55:12,763 [INFO] ytcrawl: [CAP] 'a.ko' 발견 → 원문 사용
2025-09-15 21:55:12,785 [INFO] ytcrawl: [CAP] 파싱 성공: lines=18, text_len=231
2025-09-15 21:55:12,785 [INFO] ytcrawl: [VIDEO] 완료: id=3QR9sroPLjI, views=213057, subs=275000, cap_len=231, form=쇼츠
2025-09-15 21:55:12,785 [INFO] ytcrawl: [VIDEO] 시작: id=WjKRnQOCTTM url=https://www.youtube.com/watch?v=WjKRnQOCTTM
2025-09-15 21:55:12,860 [DEBUG] ytcrawl: [CAP] 번역(en) 응답: 429, len=1103
2025-09-15 21:55:12,905 [INFO] ytcrawl: [CAP] 파싱 성공: lines=491, text_len=5879
2025-09-15 21:55:12,905 [INFO] ytcrawl: [VIDEO] 완료: id=-ippGqkVm4I, views=2943108, subs=3630, cap_len=5879, form=롱폼
2025-09-15 21:55:12,905 [INFO] ytcrawl: [VIDEO] 시작: id=BZyxD4u-PCU url=https://www.youtube.com/watch?v=BZyxD4u-PCU
2025-09-15 21:55:12,974 [INFO] ytcrawl: [CAP] 'ko' 발견 → 원문 사용
2025-09-15 21:55:13,102 [DEBUG] ytcrawl: [CAP][PR] GET https://www.youtube.com/api/timedtext?v=C0RWQ_-dwaU&ei=rgzIaOHjNLqWvcAPkZOFCA&caps=asr&opi=112496729&exp=xpe&xoaf=5&hl=en&ip=0.0.0.0&ipbits=0&expire=1757966110&sparams=ip,ipbits,expire,v,ei,caps,opi,exp,xoaf&signature=CFE8B1E808F265B45AE0D8705AD9A85B448ACAC8.E2888D2765A9918757FD24EA6799C323E0A7F55B&key=yt8&lang=en&fmt=srv3&tlang=ko -> 429, len=1103
2025-09-15 21:55:13,102 [INFO] ytcrawl: [CAP] XML 자막 미확보
2025-09-15 21:55:13,102 [INFO] ytcrawl: [VIDEO] 완료: id=C0RWQ_-dwaU, views=2840430, subs=2050000, cap_len=0, form=롱폼
2025-09-15 21:55:13,102 [INFO] ytcrawl: [VIDEO] 시작: id=Knokw4eesdQ url=https://www.youtube.com/watch?v=Knokw4eesdQ
2025-09-15 21:55:13,180 [INFO] ytcrawl: [CAP] 파싱 성공: lines=568, text_len=7019
2025-09-15 21:55:13,181 [INFO] ytcrawl: [VIDEO] 완료: id=5vMjqxfTs7o, views=434092, subs=302000, cap_len=7019, form=롱폼
2025-09-15 21:55:13,181 [INFO] ytcrawl: [VIDEO] 시작: id=oXhLJeFGTX0 url=https://www.youtube.com/watch?v=oXhLJeFGTX0
2025-09-15 21:55:13,225 [INFO] ytcrawl: [CAP] 'a.ko' 발견 → 원문 사용
2025-09-15 21:55:13,251 [INFO] ytcrawl: [CAP] 파싱 성공: lines=485, text_len=5618
2025-09-15 21:55:13,252 [INFO] ytcrawl: [VIDEO] 완료: id=mwrElQlODew, views=814271, subs=1580000, cap_len=5618, form=롱폼
2025-09-15 21:55:13,252 [INFO] ytcrawl: [VIDEO] 시작: id=0ooH_dOKf7g url=https://www.youtube.com/watch?v=0ooH_dOKf7g
2025-09-15 21:55:13,484 [INFO] ytcrawl: [CAP] 파싱 성공: lines=157, text_len=2796
2025-09-15 21:55:13,484 [INFO] ytcrawl: [VIDEO] 완료: id=Knp_ThXOQkw, views=27393, subs=20099, cap_len=2796, form=롱폼
2025-09-15 21:55:13,484 [INFO] ytcrawl: [VIDEO] 시작: id=g11_jzqSu74 url=https://www.youtube.com/watch?v=g11_jzqSu74
2025-09-15 21:55:14,660 [INFO] ytcrawl: [CAP] 'a.ko' 발견 → 원문 사용
2025-09-15 21:55:14,974 [INFO] ytcrawl: [CAP] XML 자막 미확보
2025-09-15 21:55:14,974 [INFO] ytcrawl: [VIDEO] 완료: id=BZyxD4u-PCU, views=28465, subs=44500, cap_len=0, form=롱폼
2025-09-15 21:55:14,974 [INFO] ytcrawl: [VIDEO] 시작: id=u23H-HWUFow url=https://www.youtube.com/watch?v=u23H-HWUFow
2025-09-15 21:55:15,004 [DEBUG] ytcrawl: [HTTP] GET https://www.youtube.com/watch?v=-_Eo5HbYpsA&hl=ko&gl=KR&persist_hl=1&persist_gl=1 -> 200, len=1040326
2025-09-15 21:55:15,036 [INFO] ytcrawl: [SUBS][WATCH] channel=UCYSjF7_K6jBVzYVuqrE0uZA text='구독자 80.6만명' -> 806000
2025-09-15 21:55:15,037 [INFO] ytcrawl: [CAP] XML 자막 미확보
2025-09-15 21:55:15,039 [INFO] ytcrawl: [CAP] 파싱 성공: lines=373, text_len=4277
2025-09-15 21:55:15,039 [INFO] ytcrawl: [VIDEO] 완료: id=-_Eo5HbYpsA, views=2012541, subs=806000, cap_len=0, form=롱폼
2025-09-15 21:55:15,039 [INFO] ytcrawl: [VIDEO] 완료: id=T23IfhBnaeg, views=2331309, subs=12300, cap_len=4277, form=롱폼
2025-09-15 21:55:15,039 [INFO] ytcrawl: [VIDEO] 시작: id=gyRhpO-CBYM url=https://www.youtube.com/watch?v=gyRhpO-CBYM
2025-09-15 21:55:15,040 [INFO] ytcrawl: [VIDEO] 시작: id=--R7Px_A84w url=https://www.youtube.com/watch?v=--R7Px_A84w
2025-09-15 21:55:15,334 [INFO] ytcrawl: [CAP] 'a.ko' 발견 → 원문 사용
2025-09-15 21:55:15,544 [DEBUG] ytcrawl: [HTTP] GET https://www.youtube.com/watch?v=WjKRnQOCTTM&hl=ko&gl=KR&persist_hl=1&persist_gl=1 -> 200, len=1445457
2025-09-15 21:55:15,575 [INFO] ytcrawl: [SUBS][WATCH] channel=UCN_NQvieqUqfq1gIQF1jzeA text='구독자 2.48만명' -> 24800
2025-09-15 21:55:15,575 [INFO] ytcrawl: [CAP] 파싱 성공: lines=22, text_len=372
2025-09-15 21:55:15,576 [INFO] ytcrawl: [VIDEO] 완료: id=oXhLJeFGTX0, views=22764, subs=1050, cap_len=372, form=쇼츠
2025-09-15 21:55:15,576 [INFO] ytcrawl: [VIDEO] 시작: id=9UIEp4r5y-k url=https://www.youtube.com/watch?v=9UIEp4r5y-k
2025-09-15 21:55:15,768 [INFO] ytcrawl: [CAP] XML 자막 미확보
2025-09-15 21:55:15,768 [INFO] ytcrawl: [VIDEO] 완료: id=Knokw4eesdQ, views=54716, subs=44500, cap_len=0, form=롱폼
2025-09-15 21:55:15,768 [INFO] ytcrawl: [VIDEO] 시작: id=UsOUuf69jjc url=https://www.youtube.com/watch?v=UsOUuf69jjc
2025-09-15 21:55:15,968 [INFO] ytcrawl: [CAP] 'a.ko' 발견 → 원문 사용
2025-09-15 21:55:16,203 [INFO] ytcrawl: [CAP] 'a.ko' 발견 → 원문 사용
2025-09-15 21:55:16,445 [INFO] ytcrawl: [CAP] 'ko' 발견 → 원문 사용
2025-09-15 21:55:16,593 [INFO] ytcrawl: [CAP] 파싱 성공: lines=282, text_len=5399
2025-09-15 21:55:16,593 [INFO] ytcrawl: [VIDEO] 완료: id=g11_jzqSu74, views=103303, subs=124000, cap_len=5399, form=롱폼
2025-09-15 21:55:16,593 [INFO] ytcrawl: [VIDEO] 시작: id=OcD7Z4zEQC8 url=https://www.youtube.com/watch?v=OcD7Z4zEQC8
2025-09-15 21:55:16,674 [INFO] ytcrawl: [CAP] 파싱 성공: lines=0, text_len=0
2025-09-15 21:55:16,674 [INFO] ytcrawl: [VIDEO] 완료: id=0ooH_dOKf7g, views=1887631, subs=1580000, cap_len=0, form=롱폼
2025-09-15 21:55:16,674 [INFO] ytcrawl: [VIDEO] 시작: id=ckPyePoUmgA url=https://www.youtube.com/watch?v=ckPyePoUmgA
2025-09-15 21:55:16,719 [INFO] ytcrawl: [CAP] 파싱 성공: lines=631, text_len=8565
2025-09-15 21:55:16,719 [INFO] ytcrawl: [VIDEO] 완료: id=WjKRnQOCTTM, views=12576, subs=24800, cap_len=8565, form=롱폼
2025-09-15 21:55:16,719 [INFO] ytcrawl: [VIDEO] 시작: id=RgtcVg4x4Vg url=https://www.youtube.com/watch?v=RgtcVg4x4Vg
2025-09-15 21:55:17,330 [INFO] ytcrawl: [CAP] 'ko' 발견 → 원문 사용
2025-09-15 21:55:17,485 [INFO] ytcrawl: [CAP] 'a.ko' 발견 → 원문 사용
2025-09-15 21:55:17,555 [INFO] ytcrawl: [CAP] 파싱 성공: lines=121, text_len=2338
2025-09-15 21:55:17,555 [INFO] ytcrawl: [VIDEO] 완료: id=--R7Px_A84w, views=5822, subs=24200, cap_len=2338, form=롱폼
2025-09-15 21:55:17,556 [INFO] ytcrawl: [VIDEO] 시작: id=lNrfp6__99w url=https://www.youtube.com/watch?v=lNrfp6__99w
2025-09-15 21:55:17,981 [INFO] ytcrawl: [CAP] 'ko' 발견 → 원문 사용
2025-09-15 21:55:17,993 [INFO] ytcrawl: [CAP] 'ko' 발견 → 원문 사용
2025-09-15 21:55:18,092 [INFO] ytcrawl: [CAP] 파싱 성공: lines=269, text_len=3950
2025-09-15 21:55:18,092 [INFO] ytcrawl: [VIDEO] 완료: id=gyRhpO-CBYM, views=53476, subs=81800, cap_len=3950, form=롱폼
2025-09-15 21:55:18,092 [INFO] ytcrawl: [VIDEO] 시작: id=Zy7PyAxyo7E url=https://www.youtube.com/watch?v=Zy7PyAxyo7E
2025-09-15 21:55:18,191 [DEBUG] ytcrawl: [HTTP] GET https://www.youtube.com/watch?v=9UIEp4r5y-k&hl=ko&gl=KR&persist_hl=1&persist_gl=1 -> 200, len=1532327
2025-09-15 21:55:18,221 [INFO] ytcrawl: [SUBS][WATCH] channel=UCUyfkq9e9ZfPzxOW5WQ9rzQ text='구독자 202만명' -> 2020000
2025-09-15 21:55:18,226 [INFO] ytcrawl: [CAP] 파싱 성공: lines=406, text_len=5043
2025-09-15 21:55:18,226 [INFO] ytcrawl: [VIDEO] 완료: id=u23H-HWUFow, views=812408, subs=2050000, cap_len=5043, form=롱폼
2025-09-15 21:55:18,226 [INFO] ytcrawl: [VIDEO] 시작: id=L3WoQUHdhAg url=https://www.youtube.com/watch?v=L3WoQUHdhAg
2025-09-15 21:55:18,253 [INFO] ytcrawl: [CAP] 파싱 성공: lines=313, text_len=6582
2025-09-15 21:55:18,253 [INFO] ytcrawl: [VIDEO] 완료: id=UsOUuf69jjc, views=1044135, subs=7720, cap_len=6582, form=롱폼
2025-09-15 21:55:18,253 [INFO] ytcrawl: [VIDEO] 시작: id=58yfku-fqWE url=https://www.youtube.com/watch?v=58yfku-fqWE
2025-09-15 21:55:18,563 [INFO] ytcrawl: [CAP] 'a.ko' 발견 → 원문 사용
2025-09-15 21:55:18,943 [INFO] ytcrawl: [CAP] 파싱 성공: lines=589, text_len=8171
2025-09-15 21:55:18,943 [INFO] ytcrawl: [VIDEO] 완료: id=9UIEp4r5y-k, views=1091008, subs=2020000, cap_len=8171, form=롱폼
2025-09-15 21:55:18,943 [INFO] ytcrawl: [VIDEO] 시작: id=1Wtxxo2ussU url=https://www.youtube.com/watch?v=1Wtxxo2ussU
2025-09-15 21:55:19,183 [INFO] ytcrawl: [CAP] 'a.ko' 발견 → 원문 사용
2025-09-15 21:55:19,892 [INFO] ytcrawl: [CAP] 파싱 성공: lines=1319, text_len=24783
2025-09-15 21:55:19,892 [INFO] ytcrawl: [VIDEO] 완료: id=OcD7Z4zEQC8, views=35193, subs=58500, cap_len=24783, form=롱폼
2025-09-15 21:55:19,892 [INFO] ytcrawl: [VIDEO] 시작: id=45YldlCfMYI url=https://www.youtube.com/watch?v=45YldlCfMYI
2025-09-15 21:55:20,037 [INFO] ytcrawl: [CAP] 'a.ko' 발견 → 원문 사용
2025-09-15 21:55:20,293 [INFO] ytcrawl: [CAP] 파싱 성공: lines=100, text_len=1298
2025-09-15 21:55:20,293 [INFO] ytcrawl: [VIDEO] 완료: id=58yfku-fqWE, views=2158123, subs=3580, cap_len=1298, form=롱폼
2025-09-15 21:55:20,293 [INFO] ytcrawl: [VIDEO] 시작: id=09fxyrIrkY0 url=https://www.youtube.com/watch?v=09fxyrIrkY0
2025-09-15 21:55:20,319 [INFO] ytcrawl: [CAP] 'ko' 발견 → 원문 사용
2025-09-15 21:55:20,365 [INFO] ytcrawl: [CAP] 'a.ko' 발견 → 원문 사용
2025-09-15 21:55:20,504 [DEBUG] ytcrawl: [HTTP] GET https://www.youtube.com/watch?v=RgtcVg4x4Vg&hl=ko&gl=KR&persist_hl=1&persist_gl=1 -> 200, len=1670192
2025-09-15 21:55:20,545 [INFO] ytcrawl: [SUBS][WATCH] channel=UCRoDQ1HzA04fokSU8bxgJZQ text='구독자 3.79천명' -> 3790
2025-09-15 21:55:20,682 [INFO] ytcrawl: [CAP] 파싱 성공: lines=302, text_len=4559
2025-09-15 21:55:20,683 [INFO] ytcrawl: [VIDEO] 완료: id=L3WoQUHdhAg, views=29654, subs=12300, cap_len=4559, form=롱폼
2025-09-15 21:55:20,683 [INFO] ytcrawl: [VIDEO] 시작: id=GyY3YDx9xfA url=https://www.youtube.com/watch?v=GyY3YDx9xfA
2025-09-15 21:55:20,687 [INFO] ytcrawl: [CAP] 파싱 성공: lines=158, text_len=2199
2025-09-15 21:55:20,687 [INFO] ytcrawl: [VIDEO] 완료: id=Zy7PyAxyo7E, views=1118356, subs=20099, cap_len=2199, form=롱폼
2025-09-15 21:55:20,710 [INFO] ytcrawl: [VIDEO] 시작: id=GxbV8_4PPng url=https://www.youtube.com/watch?v=GxbV8_4PPng
2025-09-15 21:55:20,809 [INFO] ytcrawl: [CAP] 'a.ko' 발견 → 원문 사용
2025-09-15 21:55:20,823 [DEBUG] ytcrawl: [HTTP] GET https://www.youtube.com/watch?v=lNrfp6__99w&hl=ko&gl=KR&persist_hl=1&persist_gl=1 -> 200, len=1410167
2025-09-15 21:55:20,855 [INFO] ytcrawl: [SUBS][WATCH] channel=UCo8GDxojnSfPVb6z_e-cEww text='구독자 20명' -> 20
2025-09-15 21:55:20,856 [INFO] ytcrawl: [CAP] XML 자막 미확보
2025-09-15 21:55:20,856 [INFO] ytcrawl: [VIDEO] 완료: id=lNrfp6__99w, views=22770, subs=20, cap_len=0, form=롱폼
2025-09-15 21:55:20,857 [INFO] ytcrawl: [VIDEO] 시작: id=f4srG9Nw418 url=https://www.youtube.com/watch?v=f4srG9Nw418
2025-09-15 21:55:21,490 [INFO] ytcrawl: [CAP] 파싱 성공: lines=231, text_len=2008
2025-09-15 21:55:21,491 [INFO] ytcrawl: [VIDEO] 완료: id=RgtcVg4x4Vg, views=529840, subs=3790, cap_len=2008, form=롱폼
2025-09-15 21:55:21,491 [INFO] ytcrawl: [VIDEO] 시작: id=0ZOkQFLV8g4 url=https://www.youtube.com/watch?v=0ZOkQFLV8g4
2025-09-15 21:55:21,956 [DEBUG] ytcrawl: [HTTP] GET https://www.youtube.com/watch?v=1Wtxxo2ussU&hl=ko&gl=KR&persist_hl=1&persist_gl=1 -> 200, len=1051004
2025-09-15 21:55:21,990 [INFO] ytcrawl: [SUBS][WATCH] channel=UCgqNgH-9Xnare48KVWCpczA text='구독자 1.72만명' -> 17200
2025-09-15 21:55:22,023 [INFO] ytcrawl: [CAP] 'a.ko' 발견 → 원문 사용
2025-09-15 21:55:22,213 [INFO] ytcrawl: [CAP] 'a.ko' 발견 → 원문 사용
2025-09-15 21:55:22,364 [INFO] ytcrawl: [CAP] 파싱 성공: lines=478, text_len=8843
2025-09-15 21:55:22,365 [INFO] ytcrawl: [VIDEO] 완료: id=45YldlCfMYI, views=453641, subs=3150000, cap_len=8843, form=롱폼
2025-09-15 21:55:22,365 [INFO] ytcrawl: [VIDEO] 시작: id=yEgx8eQ5UiI url=https://www.youtube.com/watch?v=yEgx8eQ5UiI
2025-09-15 21:55:22,426 [INFO] ytcrawl: [CAP] 파싱 성공: lines=23, text_len=410
2025-09-15 21:55:22,426 [INFO] ytcrawl: [VIDEO] 완료: id=1Wtxxo2ussU, views=5859, subs=17200, cap_len=410, form=쇼츠
2025-09-15 21:55:22,426 [INFO] ytcrawl: [VIDEO] 시작: id=MPcUGG8zvrc url=https://www.youtube.com/watch?v=MPcUGG8zvrc
2025-09-15 21:55:22,568 [DEBUG] ytcrawl: [HTTP] GET https://www.youtube.com/watch?v=ckPyePoUmgA&hl=ko&gl=KR&persist_hl=1&persist_gl=1 -> 200, len=1459707
2025-09-15 21:55:22,605 [INFO] ytcrawl: [SUBS][WATCH] channel=UClbBdInoII9WB-U70s3Et2w text='구독자 261명' -> 261
2025-09-15 21:55:22,646 [INFO] ytcrawl: [CAP] 'a.ko' 발견 → 원문 사용
2025-09-15 21:55:22,811 [INFO] ytcrawl: [CAP] 'ko' 발견 → 원문 사용
2025-09-15 21:55:22,936 [INFO] ytcrawl: [CAP] 파싱 성공: lines=187, text_len=2517
2025-09-15 21:55:22,937 [INFO] ytcrawl: [VIDEO] 완료: id=GxbV8_4PPng, views=1329356, subs=119000, cap_len=2517, form=롱폼
2025-09-15 21:55:22,937 [INFO] ytcrawl: [VIDEO] 시작: id=_79xkU2z1V8 url=https://www.youtube.com/watch?v=_79xkU2z1V8
2025-09-15 21:55:23,015 [INFO] ytcrawl: [CAP] 파싱 성공: lines=7, text_len=173
2025-09-15 21:55:23,015 [INFO] ytcrawl: [VIDEO] 완료: id=ckPyePoUmgA, views=87333, subs=261, cap_len=173, form=롱폼
2025-09-15 21:55:23,016 [INFO] ytcrawl: [VIDEO] 시작: id=Ce5Dk0zeC1M url=https://www.youtube.com/watch?v=Ce5Dk0zeC1M
2025-09-15 21:55:23,600 [INFO] ytcrawl: [CAP] XML 자막 미확보
2025-09-15 21:55:23,600 [INFO] ytcrawl: [VIDEO] 완료: id=GyY3YDx9xfA, views=141183, subs=19000, cap_len=0, form=롱폼
2025-09-15 21:55:23,600 [INFO] ytcrawl: [VIDEO] 시작: id=Utd2eLpnZ1U url=https://www.youtube.com/watch?v=Utd2eLpnZ1U
2025-09-15 21:55:24,011 [INFO] ytcrawl: [CAP] 'a.ko' 발견 → 원문 사용
2025-09-15 21:55:24,288 [DEBUG] ytcrawl: [HTTP] GET https://www.youtube.com/watch?v=f4srG9Nw418&hl=ko&gl=KR&persist_hl=1&persist_gl=1 -> 200, len=1013839
2025-09-15 21:55:24,321 [INFO] ytcrawl: [SUBS][WATCH] channel=UCLNF5UFqzfEC4IB3mbHmj4A text='구독자 5.51만명' -> 55100
2025-09-15 21:55:24,322 [INFO] ytcrawl: [CAP] 파싱 성공: lines=197, text_len=2386
2025-09-15 21:55:24,322 [INFO] ytcrawl: [VIDEO] 완료: id=09fxyrIrkY0, views=819509, subs=24800, cap_len=2386, form=롱폼
2025-09-15 21:55:24,323 [INFO] ytcrawl: [VIDEO] 시작: id=bj8Y3AXuu1o url=https://www.youtube.com/watch?v=bj8Y3AXuu1o
2025-09-15 21:55:24,383 [INFO] ytcrawl: [CAP] 'a.ko' 발견 → 원문 사용
2025-09-15 21:55:24,660 [INFO] ytcrawl: [CAP] 파싱 성공: lines=292, text_len=4739
2025-09-15 21:55:24,660 [INFO] ytcrawl: [VIDEO] 완료: id=yEgx8eQ5UiI, views=121345, subs=119000, cap_len=4739, form=롱폼
2025-09-15 21:55:24,660 [INFO] ytcrawl: [VIDEO] 시작: id=RMbpD41n-b4 url=https://www.youtube.com/watch?v=RMbpD41n-b4
2025-09-15 21:55:24,681 [DEBUG] ytcrawl: [CAP][PR] GET https://www.youtube.com/api/timedtext?v=f4srG9Nw418&ei=uQzIaIzBJ5Hf29gPp-r26AQ&caps=asr&opi=112496729&exp=xpe&xoaf=5&hl=en&ip=0.0.0.0&ipbits=0&expire=1757966121&sparams=ip,ipbits,expire,v,ei,caps,opi,exp,xoaf&signature=65043FB58D85FC07A206A04F4A149521AB4D9F19.11CB2196369591C11D16DF0506043202166868E2&key=yt8&kind=asr&lang=ro&fmt=srv3&tlang=ko -> 429, len=1103
2025-09-15 21:55:24,682 [INFO] ytcrawl: [CAP] XML 자막 미확보
2025-09-15 21:55:24,682 [INFO] ytcrawl: [VIDEO] 완료: id=f4srG9Nw418, views=44462, subs=55100, cap_len=0, form=쇼츠
2025-09-15 21:55:24,682 [INFO] ytcrawl: [VIDEO] 시작: id=zXc--QfNyYs url=https://www.youtube.com/watch?v=zXc--QfNyYs
2025-09-15 21:55:24,879 [DEBUG] ytcrawl: [HTTP] GET https://www.youtube.com/watch?v=0ZOkQFLV8g4&hl=ko&gl=KR&persist_hl=1&persist_gl=1 -> 200, len=1396310
2025-09-15 21:55:24,911 [INFO] ytcrawl: [SUBS][WATCH] channel=UCobTIrypPeWqzeAQF0Eq-Jw text='구독자 29.5만명' -> 295000
2025-09-15 21:55:24,998 [INFO] ytcrawl: [CAP] 'a.ko' 발견 → 원문 사용
2025-09-15 21:55:25,193 [INFO] ytcrawl: [CAP] 'a.ko' 발견 → 원문 사용
2025-09-15 21:55:25,337 [INFO] ytcrawl: [CAP] 'a.ko' 발견 → 원문 사용
2025-09-15 21:55:25,520 [INFO] ytcrawl: [CAP] 파싱 성공: lines=92, text_len=1744
2025-09-15 21:55:25,520 [INFO] ytcrawl: [VIDEO] 완료: id=0ZOkQFLV8g4, views=22620, subs=295000, cap_len=1744, form=롱폼
2025-09-15 21:55:25,520 [INFO] ytcrawl: [VIDEO] 시작: id=VsRsA4wODKY url=https://www.youtube.com/watch?v=VsRsA4wODKY
2025-09-15 21:55:25,554 [INFO] ytcrawl: [CAP] 파싱 성공: lines=13, text_len=217
2025-09-15 21:55:25,554 [INFO] ytcrawl: [VIDEO] 완료: id=Ce5Dk0zeC1M, views=49648, subs=317000, cap_len=217, form=쇼츠
2025-09-15 21:55:25,554 [INFO] ytcrawl: [VIDEO] 시작: id=72omctSeAJQ url=https://www.youtube.com/watch?v=72omctSeAJQ
2025-09-15 21:55:25,595 [INFO] ytcrawl: [CAP] 'a.ko' 발견 → 원문 사용
2025-09-15 21:55:25,696 [INFO] ytcrawl: [CAP] 파싱 성공: lines=527, text_len=9054
2025-09-15 21:55:25,697 [INFO] ytcrawl: [VIDEO] 완료: id=MPcUGG8zvrc, views=2971240, subs=1580000, cap_len=9054, form=롱폼
2025-09-15 21:55:25,697 [INFO] ytcrawl: [CAP] 'a.ko' 발견 → 원문 사용
2025-09-15 21:55:25,697 [INFO] ytcrawl: [VIDEO] 시작: id=YHGnpqXLX9k url=https://www.youtube.com/watch?v=YHGnpqXLX9k
2025-09-15 21:55:25,864 [INFO] ytcrawl: [CAP] 파싱 성공: lines=101, text_len=1619
2025-09-15 21:55:25,864 [INFO] ytcrawl: [VIDEO] 완료: id=_79xkU2z1V8, views=44460, subs=22799, cap_len=1619, form=롱폼
2025-09-15 21:55:25,864 [INFO] ytcrawl: [VIDEO] 시작: id=LBFtk9DLDUI url=https://www.youtube.com/watch?v=LBFtk9DLDUI
2025-09-15 21:55:25,931 [INFO] ytcrawl: [CAP] 파싱 성공: lines=38, text_len=553
2025-09-15 21:55:25,932 [INFO] ytcrawl: [VIDEO] 완료: id=Utd2eLpnZ1U, views=159947, subs=1580000, cap_len=553, form=롱폼
2025-09-15 21:55:25,932 [INFO] ytcrawl: [VIDEO] 시작: id=s_VyNLYVZA4 url=https://www.youtube.com/watch?v=s_VyNLYVZA4
2025-09-15 21:55:27,575 [INFO] ytcrawl: [CAP] 'a.ko' 발견 → 원문 사용
2025-09-15 21:55:27,694 [INFO] ytcrawl: [CAP] 'a.ko' 발견 → 원문 사용
2025-09-15 21:55:27,856 [INFO] ytcrawl: [CAP] 파싱 성공: lines=251, text_len=2534
2025-09-15 21:55:27,856 [INFO] ytcrawl: [VIDEO] 완료: id=bj8Y3AXuu1o, views=37940, subs=3790, cap_len=2534, form=롱폼
2025-09-15 21:55:27,857 [INFO] ytcrawl: [VIDEO] 시작: id=wiWsW1gmAE0 url=https://www.youtube.com/watch?v=wiWsW1gmAE0
2025-09-15 21:55:27,885 [DEBUG] ytcrawl: [HTTP] GET https://www.youtube.com/watch?v=RMbpD41n-b4&hl=ko&gl=KR&persist_hl=1&persist_gl=1 -> 200, len=1387221
2025-09-15 21:55:27,914 [INFO] ytcrawl: [SUBS][WATCH] channel=UCdQgyDU-_AtPfDpcoKGTECg text='구독자 1.13만명' -> 11299
2025-09-15 21:55:27,983 [INFO] ytcrawl: [CAP] 'ko' 발견 → 원문 사용
2025-09-15 21:55:27,984 [INFO] ytcrawl: [CAP] 파싱 성공: lines=115, text_len=1041
2025-09-15 21:55:27,984 [INFO] ytcrawl: [VIDEO] 완료: id=72omctSeAJQ, views=404584, subs=2050000, cap_len=1041, form=롱폼
2025-09-15 21:55:27,984 [INFO] ytcrawl: [VIDEO] 시작: id=znnNMC4DFd4 url=https://www.youtube.com/watch?v=znnNMC4DFd4
2025-09-15 21:55:28,128 [DEBUG] ytcrawl: [HTTP] GET https://www.youtube.com/watch?v=zXc--QfNyYs&hl=ko&gl=KR&persist_hl=1&persist_gl=1 -> 200, len=1288819
2025-09-15 21:55:28,164 [INFO] ytcrawl: [SUBS][WATCH] channel=UCRpdlPk671uOMiBtf5HtB3Q text='구독자 43.8만명' -> 438000
2025-09-15 21:55:28,220 [INFO] ytcrawl: [CAP] 'a.ko' 발견 → 원문 사용
2025-09-15 21:55:28,222 [DEBUG] ytcrawl: [CAP] 번역(en) 응답: 429, len=1103
2025-09-15 21:55:28,294 [INFO] ytcrawl: [CAP] 파싱 성공: lines=736, text_len=10967
2025-09-15 21:55:28,294 [INFO] ytcrawl: [VIDEO] 완료: id=VsRsA4wODKY, views=252268, subs=20099, cap_len=10967, form=롱폼
2025-09-15 21:55:28,294 [INFO] ytcrawl: [VIDEO] 시작: id=8cTdfQmUTPo url=https://www.youtube.com/watch?v=8cTdfQmUTPo
2025-09-15 21:55:28,476 [INFO] ytcrawl: [CAP] 파싱 성공: lines=64, text_len=1105
2025-09-15 21:55:28,476 [INFO] ytcrawl: [VIDEO] 완료: id=RMbpD41n-b4, views=40440, subs=11299, cap_len=1105, form=롱폼
2025-09-15 21:55:28,476 [INFO] ytcrawl: [VIDEO] 시작: id=xLzrTuV11wc url=https://www.youtube.com/watch?v=xLzrTuV11wc
2025-09-15 21:55:28,503 [DEBUG] ytcrawl: [CAP][PR] GET https://www.youtube.com/api/timedtext?v=s_VyNLYVZA4&ei=vgzIaLbtLuaS1d8PzPyB4AY&caps=asr&opi=112496729&exp=xpe&xoaf=5&hl=en&ip=0.0.0.0&ipbits=0&expire=1757966126&sparams=ip,ipbits,expire,v,ei,caps,opi,exp,xoaf&signature=F122A4D0C254D6ED28C8A434E79B8BBBEC9201FC.C186460F71E61E740878734D790E6C3D1C7968DA&key=yt8&lang=en&fmt=srv3&tlang=ko -> 429, len=1103
2025-09-15 21:55:28,503 [INFO] ytcrawl: [CAP] XML 자막 미확보
2025-09-15 21:55:28,503 [INFO] ytcrawl: [VIDEO] 완료: id=s_VyNLYVZA4, views=207654, subs=22799, cap_len=0, form=롱폼
2025-09-15 21:55:28,503 [INFO] ytcrawl: [VIDEO] 시작: id=e3rkCXuFTuQ url=https://www.youtube.com/watch?v=e3rkCXuFTuQ
2025-09-15 21:55:28,544 [DEBUG] ytcrawl: [CAP] 번역(en) 응답: 429, len=1103
2025-09-15 21:55:28,547 [INFO] ytcrawl: [CAP] 'a.ko' 발견 → 원문 사용
2025-09-15 21:55:28,803 [DEBUG] ytcrawl: [CAP][PR] GET https://www.youtube.com/api/timedtext?v=YHGnpqXLX9k&ei=vgzIaK_ZH86UvcAP05eUuAo&caps=asr&opi=112496729&exp=xpe&xoaf=5&xowf=1&hl=en&ip=0.0.0.0&ipbits=0&expire=1757966126&sparams=ip,ipbits,expire,v,ei,caps,opi,exp,xoaf&signature=5F1FD91AA239DE64E971D4E8A05957AC31EF519E.C081D7643A6B03C1933FD26791252CCA6C7E31BB&key=yt8&lang=en&fmt=srv3&tlang=ko -> 429, len=1103
2025-09-15 21:55:28,804 [INFO] ytcrawl: [CAP] XML 자막 미확보
2025-09-15 21:55:28,807 [INFO] ytcrawl: [VIDEO] 완료: id=YHGnpqXLX9k, views=276443, subs=22799, cap_len=0, form=롱폼
2025-09-15 21:55:28,807 [INFO] ytcrawl: [VIDEO] 시작: id=Klz8gd7CO9s url=https://www.youtube.com/watch?v=Klz8gd7CO9s
2025-09-15 21:55:28,895 [INFO] ytcrawl: [CAP] 파싱 성공: lines=427, text_len=6745
2025-09-15 21:55:28,895 [INFO] ytcrawl: [VIDEO] 완료: id=zXc--QfNyYs, views=3789, subs=438000, cap_len=6745, form=롱폼
2025-09-15 21:55:28,896 [INFO] ytcrawl: [VIDEO] 시작: id=MGPjpYMiv4U url=https://www.youtube.com/watch?v=MGPjpYMiv4U
2025-09-15 21:55:30,059 [INFO] ytcrawl: [CAP] 'a.ko' 발견 → 원문 사용
2025-09-15 21:55:30,351 [DEBUG] ytcrawl: [HTTP] GET https://www.youtube.com/watch?v=LBFtk9DLDUI&hl=ko&gl=KR&persist_hl=1&persist_gl=1 -> 200, len=1563704
2025-09-15 21:55:30,381 [INFO] ytcrawl: [SUBS][WATCH] channel=UCWYzc_p0GgfCepIWDHGFmEg text='구독자 416만명' -> 4160000
2025-09-15 21:55:30,407 [INFO] ytcrawl: [CAP] 파싱 성공: lines=229, text_len=4290
2025-09-15 21:55:30,407 [INFO] ytcrawl: [VIDEO] 완료: id=wiWsW1gmAE0, views=446060, subs=2050000, cap_len=4290, form=롱폼
2025-09-15 21:55:30,407 [INFO] ytcrawl: [VIDEO] 시작: id=bRkdZovEs24 url=https://www.youtube.com/watch?v=bRkdZovEs24
2025-09-15 21:55:30,814 [INFO] ytcrawl: [CAP] 'a.ko' 발견 → 원문 사용
2025-09-15 21:55:30,826 [INFO] ytcrawl: [CAP] XML 자막 미확보
2025-09-15 21:55:30,826 [INFO] ytcrawl: [VIDEO] 완료: id=8cTdfQmUTPo, views=85854, subs=1630000, cap_len=0, form=롱폼
2025-09-15 21:55:30,826 [INFO] ytcrawl: [VIDEO] 시작: id=Plm_PCSPXeQ url=https://www.youtube.com/watch?v=Plm_PCSPXeQ
2025-09-15 21:55:31,039 [INFO] ytcrawl: [CAP] 'a.ko' 발견 → 원문 사용
2025-09-15 21:55:31,043 [INFO] ytcrawl: [CAP] 'a.ko' 발견 → 원문 사용
2025-09-15 21:55:31,066 [INFO] ytcrawl: [CAP] 'a.ko' 발견 → 원문 사용
2025-09-15 21:55:31,170 [INFO] ytcrawl: [CAP] 파싱 성공: lines=423, text_len=6645
2025-09-15 21:55:31,170 [INFO] ytcrawl: [VIDEO] 완료: id=LBFtk9DLDUI, views=19028, subs=4160000, cap_len=6645, form=롱폼
2025-09-15 21:55:31,171 [INFO] ytcrawl: [VIDEO] 시작: id=VibtQYzzcHE url=https://www.youtube.com/watch?v=VibtQYzzcHE
2025-09-15 21:55:31,344 [INFO] ytcrawl: [CAP] 파싱 성공: lines=159, text_len=1770
2025-09-15 21:55:31,344 [INFO] ytcrawl: [CAP] 파싱 성공: lines=19, text_len=220
2025-09-15 21:55:31,344 [INFO] ytcrawl: [VIDEO] 완료: id=xLzrTuV11wc, views=651872, subs=2050000, cap_len=1770, form=롱폼
2025-09-15 21:55:31,344 [INFO] ytcrawl: [VIDEO] 완료: id=MGPjpYMiv4U, views=4103, subs=782, cap_len=220, form=쇼츠
2025-09-15 21:55:31,345 [INFO] ytcrawl: [VIDEO] 시작: id=YK51xtsbNG0 url=https://www.youtube.com/watch?v=YK51xtsbNG0
2025-09-15 21:55:31,347 [INFO] ytcrawl: [VIDEO] 시작: id=AAr6XqH4UBc url=https://www.youtube.com/watch?v=AAr6XqH4UBc
2025-09-15 21:55:31,367 [INFO] ytcrawl: [CAP] 파싱 성공: lines=225, text_len=3377
2025-09-15 21:55:31,367 [INFO] ytcrawl: [VIDEO] 완료: id=e3rkCXuFTuQ, views=722852, subs=1630000, cap_len=3377, form=롱폼
2025-09-15 21:55:31,367 [INFO] ytcrawl: [VIDEO] 시작: id=XHKhRk0bZxE url=https://www.youtube.com/watch?v=XHKhRk0bZxE
2025-09-15 21:55:31,688 [DEBUG] ytcrawl: [HTTP] GET https://www.youtube.com/watch?v=znnNMC4DFd4&hl=ko&gl=KR&persist_hl=1&persist_gl=1 -> 200, len=1412150
2025-09-15 21:55:31,718 [INFO] ytcrawl: [SUBS][WATCH] channel=UC85YMmuPjs8i3D5P7XviAmA text='구독자 7.29천명' -> 7290
2025-09-15 21:55:31,734 [DEBUG] ytcrawl: [CAP][PR] GET https://www.youtube.com/api/timedtext?v=Klz8gd7CO9s&ei=wgzIaN6jBNaSvcAPg4zBsAQ&caps=asr&opi=112496729&exp=xpe&xoaf=5&xowf=1&hl=en&ip=0.0.0.0&ipbits=0&expire=1757966130&sparams=ip,ipbits,expire,v,ei,caps,opi,exp,xoaf&signature=54EC690522064487D1B126D5B3F03AD4AB9C9B49.5E561D07F3E130CE09CFF86D66FA687FE13566CA&key=yt8&lang=zh&fmt=srv3&tlang=ko -> 429, len=1103
2025-09-15 21:55:31,734 [INFO] ytcrawl: [CAP] XML 자막 미확보
2025-09-15 21:55:31,734 [INFO] ytcrawl: [VIDEO] 완료: id=Klz8gd7CO9s, views=92230, subs=22799, cap_len=0, form=롱폼
2025-09-15 21:55:31,734 [INFO] ytcrawl: [VIDEO] 시작: id=aEDOzYe37dA url=https://www.youtube.com/watch?v=aEDOzYe37dA
2025-09-15 21:55:31,986 [INFO] ytcrawl: [CAP] 'a.ko' 발견 → 원문 사용
2025-09-15 21:55:32,192 [INFO] ytcrawl: [CAP] 파싱 성공: lines=64, text_len=1245
2025-09-15 21:55:32,192 [INFO] ytcrawl: [VIDEO] 완료: id=znnNMC4DFd4, views=3036, subs=7290, cap_len=1245, form=롱폼
2025-09-15 21:55:32,192 [INFO] ytcrawl: [VIDEO] 시작: id=LNpSwyOjl-Q url=https://www.youtube.com/watch?v=LNpSwyOjl-Q
2025-09-15 21:55:32,196 [INFO] ytcrawl: [CAP] 'ko' 발견 → 원문 사용
2025-09-15 21:55:32,426 [INFO] ytcrawl: [CAP] 파싱 성공: lines=1, text_len=5
2025-09-15 21:55:32,426 [INFO] ytcrawl: [VIDEO] 완료: id=bRkdZovEs24, views=738694, subs=2050000, cap_len=5, form=롱폼
2025-09-15 21:55:32,426 [INFO] ytcrawl: [VIDEO] 시작: id=y2DcU0hxH50 url=https://www.youtube.com/watch?v=y2DcU0hxH50
2025-09-15 21:55:32,673 [DEBUG] ytcrawl: [CAP] 번역(en) 응답: 429, len=1103
2025-09-15 21:55:32,973 [DEBUG] ytcrawl: [CAP][PR] GET https://www.youtube.com/api/timedtext?v=Plm_PCSPXeQ&ei=wwzIaJzJKvzh29gP_aLZ2AM&caps=asr&opi=112496729&exp=xpe&xoaf=5&xowf=1&hl=en&ip=0.0.0.0&ipbits=0&expire=1757966131&sparams=ip,ipbits,expire,v,ei,caps,opi,exp,xoaf&signature=8B0262B3F2B0EA2AC8449E527807C7657424CFF9.C8FAF693F3BFF7A87F0037523DFA81EB44288C18&key=yt8&lang=en&fmt=srv3&tlang=ko -> 429, len=1103
2025-09-15 21:55:32,974 [INFO] ytcrawl: [CAP] XML 자막 미확보
2025-09-15 21:55:32,974 [INFO] ytcrawl: [VIDEO] 완료: id=Plm_PCSPXeQ, views=668930, subs=2050000, cap_len=0, form=롱폼
2025-09-15 21:55:32,974 [INFO] ytcrawl: [VIDEO] 시작: id=dAx8gAIJpDs url=https://www.youtube.com/watch?v=dAx8gAIJpDs
2025-09-15 21:55:33,981 [DEBUG] ytcrawl: [HTTP] GET https://www.youtube.com/watch?v=VibtQYzzcHE&hl=ko&gl=KR&persist_hl=1&persist_gl=1 -> 200, len=1437524
2025-09-15 21:55:34,011 [INFO] ytcrawl: [SUBS][WATCH] channel=UC_DmPHjNkUlOY3x2UBvBWZg text='구독자 6.08만명' -> 60800
2025-09-15 21:55:34,012 [INFO] ytcrawl: [CAP] XML 자막 미확보
2025-09-15 21:55:34,012 [INFO] ytcrawl: [VIDEO] 완료: id=VibtQYzzcHE, views=1416344, subs=60800, cap_len=0, form=롱폼
2025-09-15 21:55:34,012 [INFO] ytcrawl: [VIDEO] 시작: id=yyWIo9s4VDk url=https://www.youtube.com/watch?v=yyWIo9s4VDk
2025-09-15 21:55:34,225 [INFO] ytcrawl: [CAP] 'a.ko' 발견 → 원문 사용
2025-09-15 21:55:34,277 [DEBUG] ytcrawl: [HTTP] GET https://www.youtube.com/watch?v=aEDOzYe37dA&hl=ko&gl=KR&persist_hl=1&persist_gl=1 -> 200, len=1477408
2025-09-15 21:55:34,306 [INFO] ytcrawl: [SUBS][WATCH] channel=UC-VbFgagk6GJGDJgRQIMpZw text='구독자 117만명' -> 1170000
2025-09-15 21:55:34,456 [DEBUG] ytcrawl: [HTTP] GET https://www.youtube.com/watch?v=AAr6XqH4UBc&hl=ko&gl=KR&persist_hl=1&persist_gl=1 -> 200, len=1429675
2025-09-15 21:55:34,487 [INFO] ytcrawl: [SUBS][WATCH] channel=UCnBAW0hXx9O3SpZXvmSMq2w text='구독자 4.76만명' -> 47600
2025-09-15 21:55:34,544 [INFO] ytcrawl: [CAP] 파싱 성공: lines=118, text_len=1278
2025-09-15 21:55:34,544 [INFO] ytcrawl: [VIDEO] 완료: id=LNpSwyOjl-Q, views=789580, subs=2050000, cap_len=1278, form=롱폼
2025-09-15 21:55:34,544 [INFO] ytcrawl: [VIDEO] 시작: id=_eHMLsNPWCE url=https://www.youtube.com/watch?v=_eHMLsNPWCE
2025-09-15 21:55:34,754 [DEBUG] ytcrawl: [HTTP] GET https://www.youtube.com/watch?v=YK51xtsbNG0&hl=ko&gl=KR&persist_hl=1&persist_gl=1 -> 200, len=1417395
2025-09-15 21:55:34,785 [INFO] ytcrawl: [SUBS][WATCH] channel=UCvejyifMonPNXGLX-QFmYyw text='구독자 15.1만명' -> 151000
2025-09-15 21:55:34,794 [DEBUG] ytcrawl: [HTTP] GET https://www.youtube.com/watch?v=XHKhRk0bZxE&hl=ko&gl=KR&persist_hl=1&persist_gl=1 -> 200, len=1340947
2025-09-15 21:55:34,825 [INFO] ytcrawl: [SUBS][WATCH] channel=UCUQVGXF4U-PupGCPdIRX4Qw text='구독자 43.6만명' -> 436000
2025-09-15 21:55:34,843 [INFO] ytcrawl: [CAP] 'a.ko' 발견 → 원문 사용
2025-09-15 21:55:34,984 [DEBUG] ytcrawl: [CAP][PR] GET https://www.youtube.com/api/timedtext?v=aEDOzYe37dA&ei=xAzIaJDcJM6M29gP5IiI-AQ&caps=asr&opi=112496729&exp=xpe&xoaf=5&hl=en&ip=0.0.0.0&ipbits=0&expire=1757966132&sparams=ip,ipbits,expire,v,ei,caps,opi,exp,xoaf&signature=596E12D140536576EBBF0BC2BD53955ADACF7408.30AD98148FF0D3009AD3D15E93D1A2E9707316B7&key=yt8&kind=asr&lang=es&fmt=srv3&tlang=ko -> 429, len=1103
2025-09-15 21:55:34,984 [INFO] ytcrawl: [CAP] XML 자막 미확보
2025-09-15 21:55:34,984 [INFO] ytcrawl: [VIDEO] 완료: id=aEDOzYe37dA, views=35473, subs=1170000, cap_len=0, form=롱폼
2025-09-15 21:55:34,984 [INFO] ytcrawl: [VIDEO] 시작: id=DcuXwfY5ozI url=https://www.youtube.com/watch?v=DcuXwfY5ozI
2025-09-15 21:55:35,182 [INFO] ytcrawl: [CAP] 파싱 성공: lines=352, text_len=6636
2025-09-15 21:55:35,182 [INFO] ytcrawl: [VIDEO] 완료: id=AAr6XqH4UBc, views=326886, subs=47600, cap_len=6636, form=롱폼
2025-09-15 21:55:35,183 [INFO] ytcrawl: [VIDEO] 시작: id=6AmMchuCKYk url=https://www.youtube.com/watch?v=6AmMchuCKYk
2025-09-15 21:55:35,218 [INFO] ytcrawl: [CAP] 'ko' 발견 → 원문 사용
2025-09-15 21:55:35,266 [INFO] ytcrawl: [CAP] 'a.ko' 발견 → 원문 사용
2025-09-15 21:55:35,325 [DEBUG] ytcrawl: [CAP] 번역(a.en) 응답: 429, len=1103
2025-09-15 21:55:35,376 [DEBUG] ytcrawl: [HTTP] GET https://www.youtube.com/watch?v=y2DcU0hxH50&hl=ko&gl=KR&persist_hl=1&persist_gl=1 -> 200, len=1228989
2025-09-15 21:55:35,407 [INFO] ytcrawl: [SUBS][WATCH] channel=UClrOoF0fL19y_lENqCVohVA text='구독자 1.59천명' -> 1590
2025-09-15 21:55:35,408 [INFO] ytcrawl: [CAP] XML 자막 미확보
2025-09-15 21:55:35,408 [INFO] ytcrawl: [VIDEO] 완료: id=y2DcU0hxH50, views=3446, subs=1590, cap_len=0, form=롱폼
2025-09-15 21:55:35,408 [INFO] ytcrawl: [VIDEO] 시작: id=clqUt7_4Dx0 url=https://www.youtube.com/watch?v=clqUt7_4Dx0
2025-09-15 21:55:35,478 [INFO] ytcrawl: [CAP] 파싱 성공: lines=1, text_len=6
2025-09-15 21:55:35,478 [INFO] ytcrawl: [VIDEO] 완료: id=dAx8gAIJpDs, views=106018, subs=1580000, cap_len=6, form=롱폼
2025-09-15 21:55:35,478 [INFO] ytcrawl: [VIDEO] 시작: id=8bnXJJSCay0 url=https://www.youtube.com/watch?v=8bnXJJSCay0
2025-09-15 21:55:35,539 [INFO] ytcrawl: [CAP] 파싱 성공: lines=163, text_len=2967
2025-09-15 21:55:35,539 [INFO] ytcrawl: [VIDEO] 완료: id=XHKhRk0bZxE, views=74291, subs=436000, cap_len=2967, form=롱폼
2025-09-15 21:55:35,540 [INFO] ytcrawl: [VIDEO] 시작: id=bvpX2AMvoaU url=https://www.youtube.com/watch?v=bvpX2AMvoaU
2025-09-15 21:55:35,674 [DEBUG] ytcrawl: [CAP][PR] GET https://www.youtube.com/api/timedtext?v=YK51xtsbNG0&ei=xAzIaKDdB5-MvcAPy_mswQ4&caps=asr&opi=112496729&exp=xpe&xoaf=5&hl=en&ip=0.0.0.0&ipbits=0&expire=1757966132&sparams=ip,ipbits,expire,v,ei,caps,opi,exp,xoaf&signature=31F28D21BD9D8664E6A16711AAED14F73B3B71FC.7E06F65757F54525BBDD15451C0382A696C8DA90&key=yt8&kind=asr&lang=en&fmt=srv3&tlang=ko -> 429, len=1103
2025-09-15 21:55:35,674 [INFO] ytcrawl: [CAP] XML 자막 미확보
2025-09-15 21:55:35,674 [INFO] ytcrawl: [VIDEO] 완료: id=YK51xtsbNG0, views=208015, subs=151000, cap_len=0, form=롱폼
2025-09-15 21:55:35,674 [INFO] ytcrawl: [VIDEO] 시작: id=KP1FMO-3s_g url=https://www.youtube.com/watch?v=KP1FMO-3s_g
2025-09-15 21:55:35,954 [INFO] ytcrawl: [CAP] 'a.ko' 발견 → 원문 사용
2025-09-15 21:55:36,225 [INFO] ytcrawl: [CAP] 파싱 성공: lines=125, text_len=2347
2025-09-15 21:55:36,225 [INFO] ytcrawl: [VIDEO] 완료: id=yyWIo9s4VDk, views=66800, subs=3840, cap_len=2347, form=롱폼
2025-09-15 21:55:36,225 [INFO] ytcrawl: [VIDEO] 시작: id=R_OMpvXtIjA url=https://www.youtube.com/watch?v=R_OMpvXtIjA
2025-09-15 21:55:36,754 [INFO] ytcrawl: [CAP] 'a.ko' 발견 → 원문 사용
2025-09-15 21:55:37,164 [INFO] ytcrawl: [CAP] 파싱 성공: lines=152, text_len=2826
2025-09-15 21:55:37,164 [INFO] ytcrawl: [VIDEO] 완료: id=_eHMLsNPWCE, views=30069, subs=5020000, cap_len=2826, form=롱폼
2025-09-15 21:55:37,164 [INFO] ytcrawl: [VIDEO] 시작: id=1krPQenyMRM url=https://www.youtube.com/watch?v=1krPQenyMRM
2025-09-15 21:55:37,430 [INFO] ytcrawl: [CAP] XML 자막 미확보
2025-09-15 21:55:37,430 [INFO] ytcrawl: [VIDEO] 완료: id=KP1FMO-3s_g, views=2074, subs=19000, cap_len=0, form=롱폼
2025-09-15 21:55:37,442 [INFO] ytcrawl: [VIDEO] 시작: id=c9_tEJ00GE8 url=https://www.youtube.com/watch?v=c9_tEJ00GE8
2025-09-15 21:55:37,487 [INFO] ytcrawl: [CAP] 'a.ko' 발견 → 원문 사용
2025-09-15 21:55:37,553 [DEBUG] ytcrawl: [CAP] 번역(a.en) 응답: 429, len=1103
2025-09-15 21:55:37,725 [INFO] ytcrawl: [CAP] 파싱 성공: lines=110, text_len=2008
2025-09-15 21:55:37,725 [INFO] ytcrawl: [VIDEO] 완료: id=DcuXwfY5ozI, views=271795, subs=1580000, cap_len=2008, form=롱폼
2025-09-15 21:55:37,748 [INFO] ytcrawl: [CAP] 'a.ko' 발견 → 원문 사용
2025-09-15 21:55:37,916 [DEBUG] ytcrawl: [CAP][PR] GET https://www.youtube.com/api/timedtext?v=6AmMchuCKYk&ei=xwzIaPaTOq2W1d8PnujNmQM&caps=asr&opi=112496729&exp=xpe&xoaf=5&hl=en&ip=0.0.0.0&ipbits=0&expire=1757966135&sparams=ip,ipbits,expire,v,ei,caps,opi,exp,xoaf&signature=66BAF6BF796F2E8516FF768F507D3B3424FFC3B5.E68D53065DAB234119F962A67B0E1CD87F888FA5&key=yt8&kind=asr&lang=en&fmt=srv3&tlang=ko -> 429, len=1103
2025-09-15 21:55:37,917 [INFO] ytcrawl: [CAP] XML 자막 미확보
2025-09-15 21:55:37,918 [INFO] ytcrawl: [VIDEO] 완료: id=6AmMchuCKYk, views=42412, subs=4160000, cap_len=0, form=롱폼
2025-09-15 21:55:37,983 [INFO] ytcrawl: [CAP] 'a.ko' 발견 → 원문 사용
2025-09-15 21:55:38,053 [INFO] ytcrawl: [CAP] 파싱 성공: lines=148, text_len=1655
2025-09-15 21:55:38,053 [INFO] ytcrawl: [VIDEO] 완료: id=bvpX2AMvoaU, views=4077, subs=462000, cap_len=1655, form=롱폼
2025-09-15 21:55:38,194 [INFO] ytcrawl: [CAP] 파싱 성공: lines=41, text_len=750
2025-09-15 21:55:38,194 [INFO] ytcrawl: [VIDEO] 완료: id=R_OMpvXtIjA, views=14973, subs=37500, cap_len=750, form=쇼츠
2025-09-15 21:55:38,408 [DEBUG] ytcrawl: [HTTP] GET https://www.youtube.com/watch?v=8bnXJJSCay0&hl=ko&gl=KR&persist_hl=1&persist_gl=1 -> 200, len=1397862
2025-09-15 21:55:38,438 [INFO] ytcrawl: [SUBS][WATCH] channel=UCrVcyz6_kxd9bx0zaSg50FQ text='구독자 4.29만명' -> 42900
2025-09-15 21:55:38,676 [INFO] ytcrawl: [CAP] 'a.ko' 발견 → 원문 사용
2025-09-15 21:55:38,916 [INFO] ytcrawl: [CAP] 파싱 성공: lines=87, text_len=1201
2025-09-15 21:55:38,917 [INFO] ytcrawl: [VIDEO] 완료: id=8bnXJJSCay0, views=3303, subs=42900, cap_len=1201, form=롱폼
2025-09-15 21:55:38,941 [DEBUG] ytcrawl: [HTTP] GET https://www.youtube.com/watch?v=clqUt7_4Dx0&hl=ko&gl=KR&persist_hl=1&persist_gl=1 -> 200, len=1019686
2025-09-15 21:55:38,967 [INFO] ytcrawl: [SUBS][WATCH] channel=UCA8vRM2iFMFcBqdZLS2DD-Q text='구독자 2.38만명' -> 23800
2025-09-15 21:55:39,257 [INFO] ytcrawl: [CAP] 'a.ko' 발견 → 원문 사용
2025-09-15 21:55:39,484 [INFO] ytcrawl: [CAP] 파싱 성공: lines=13, text_len=233
2025-09-15 21:55:39,484 [INFO] ytcrawl: [VIDEO] 완료: id=clqUt7_4Dx0, views=26562, subs=23800, cap_len=233, form=쇼츠
2025-09-15 21:55:39,613 [INFO] ytcrawl: [CAP] 'a.ko' 발견 → 원문 사용
2025-09-15 21:55:39,814 [INFO] ytcrawl: [CAP] 파싱 성공: lines=7, text_len=74
2025-09-15 21:55:39,815 [INFO] ytcrawl: [VIDEO] 완료: id=1krPQenyMRM, views=24719, subs=36200, cap_len=74, form=쇼츠
2025-09-15 21:55:40,153 [INFO] ytcrawl: [CAP] 'a.ko' 발견 → 원문 사용
2025-09-15 21:55:44,101 [INFO] ytcrawl: [CAP] 파싱 성공: lines=1196, text_len=21404
2025-09-15 21:55:44,101 [INFO] ytcrawl: [VIDEO] 완료: id=c9_tEJ00GE8, views=59324, subs=408000, cap_len=21404, form=롱폼
2025-09-15 21:55:44,108 [INFO] ytcrawl: [UI-SEARCH] 완료
2025-09-15 22:07:07,835 [INFO] ytcrawl: [UI] 검색 버튼: q='유튜브 쇼츠', count=500
2025-09-15 22:07:07,852 [INFO] ytcrawl: [UI-SEARCH] 시작: q='유튜브 쇼츠', want=500
2025-09-15 22:07:48,659 [INFO] ytcrawl: [UI-SEARCH] 대상(중복제거) 500개: ['TEtOrCuHRLE', 'Mi0jhF4DxTs', 'sZNS1Psz8Rk', '5gt8UodiSBY', 'unH3sDer6sA', 'Qc5npCL7CX8', 'HP2sCkEwC_c', 'wno5mlUm_e0', 'jYmrN7K4KM4', 'B3xHQmVp1V4', 'T8q72BgvTjo', 'Sgof2CqjSRk', 'M4ISHnIDubs', 'Xdn5h1C0up8', '2GhqZjnKQ9o', 'SlZi5mNSxs8', 'OVF9JzV_dWQ', '_37dEiAmYoA', 'AyyFdhmzhAE', 'TBN8zw3wKSs', 'IEkakvZRR78', 't63fd-craCI', 'SRwwjqVh5SA', '5J4iz3ZWkFI', 'O0rbPrnUgCA', '9FDaCP7ZVKw', 'GUztnIJlFww', 'UBV3bAFSOco', 'G9LVBpnet1Q', 'MWLheeCYAME', 'DRhhn2y_FTw', 'dq7Cs4DHtHc', 'l1A1JRcsu-Y', 'EQfl3_4IpG8', 'xPtPcD8Xy_Y', 'Dq3lJ0ENJP0', 'Wb94szYmSGI', 'us4C2lvHZd4', 'dRhP3qVmBbc', 'H5RAbu3Qinw', 'YEx3sJUwWw4', '1pwdmw7NS7I', 'zcx4vpZCgF0', 'fvG4B4BiMAc', 'hxAxU5k9eQE', 'NqKtYfqjmJU', '2QOxibTvfI8', 'tE6vqusRuhc', 'spDhIhspuuE', '-kSVO-koKPs', 'XEsNOQrcv9I', 't5pyyfPKRu4', 'LjIZGx0wBjw', 'jF6UhCX-Cuo', 'bbTZ7ndJoYs', 'wGEzxjaUydw', 'rNYE4k_2uNI', 'iRg9FUQsUTM', 'h0IlhCvTGYM', 'JRJtg4-sDYQ', 'FkgRikEFa3o', 'oKBSNyDOknI', 'e2EZmEYtq98', 'SpfZLpw8K3E', 'fkKLrZd-IQI', 'twnvr2slWNU', 'wpqD-JmGLnQ', 'yXY6WyetXq8', '8MThQ3PN5kY', 'eqJOahv3Xyk', 'hz7uMn9m_eQ', '7Wdd_Tc99Fg', '52j5dsnEa0g', '2mV_Vw12wl8', 'okQ5oVObfhk', 'fK1CWltl1F4', '18z1GkY5Dmc', 'UjiRr_GSCb0', 'awCbmQCdbJ4', 'V974VRwIVYo', 'GOc1KyxpDBg', 'UvKFunrc8ms', 'SDo_5rUn0iQ', 'DoUOngre_Xc', 'kLqLCPo5zpQ', 'ZJJ8Whp9b88', 'Zuz9ICVQ77A', 'ngpA6mhlQrw', '9o2l4fam7cE', 'KhAhU5phDUU', 'fzYrzsdABOM', '3_OfEf0ddtg', 'OUjqGqaFG5E', 'OXMeS6cGjnY', 'iBUl06QbXrY', 'CKgZdcBKetg', '16gx-rLItMg', 'ofRbNDo-dY4', 'vKBCrBhc2rw', 'uz1GMLjoQeo', 'dIHmPvmxYUE', 'b89yXHiD6Ys', '6dznY2-P6RI', 'Y3GCQno5pfs', '92Sw5pEVP-w', 'D9TwxBVDW0w', 'OsU-XFbipV0', 'Iw8hgPHIuXQ', 'mCHZ6QUJ0m8', 'ZigtinJ9j28', 'Gj1FvlcWN04', 'QYdRwW7sigo', 'Qm6hATS_Q_8', 'Byh8qsyy5wQ', '0YejeMRLapY', 'NfFbhfElqGw', 'TQKVsq2URxY', 'CHEGqSsYCXs', '5nSzkrRl7hA', 'LTvpI2df2Go', 'zajHurQWOAc', 'p49wrVwUqnE', '5BmSn4fiGDY', 'h72hOilIK40', 'EabNefMzzIs', '9TsBYLwUEH0', 'jzV0xaC4T78', 'NPnT3TwAxH4', 'KZ7WFdK83zQ', 'kxOGdlrd6OY', 'Thwbt5S5am4', 'jNQGhjZliS8', '103tUAEhyIg', 'h8_EIQ9U1J4', '2yvGSAN4wNk', 'vd0U_cl4Fvs', 'WoDiCXp8YpU', 'fSOAGpjcvZk', '1oXVx0JPUXw', '9OGu7PZ-KkQ', 'lh_y0pY69SY', 'Wq9bLkTw16U', 'qavZfJQDhlo', 'rdBMG52sqkU', 'JyqDdj8L1_w', 'gGSwlyCYe58', 'VcD7NmhPXAg', 'tuDRkWv9xRw', 'RvU5nH2Esxg', 'ssoSwSgnsT4', 'ehSbPNa_0Yo', 'h1e06TIg9AQ', 'rB-jQwJW3aA', 'U_mxq-8bDfs', 'lf3_Q5DnEAo', '4P_rDKa1M4c', 'JatOH6JD5Ps', 'cU5Vro7jmOM', 'DdTkWNxfOT8', 'yBdyO8uNfk0', 'zCoz1ARBItU', 'NNu-2SxGmDg', '_I0ONxYwIr0', 'GCjnAYy8X7E', 'Vew4ZDD-_sw', '8UomkJm7dEU', 'k_ANHTu0XlA', '__kx6gjwVGE', 'NvpB58V0nzo', 'KHOZKS7sxrw', 'OXpGlmne7kQ', 'WscadFiTztA', 'kjvxKLh6g6o', 'vzPG5Af32ak', '7zq6_UwAJYY', 'rdMCdED55d0', 'YQNjKd08F-E', '0JwsXhzRBVY', 'hcN6u4QtJHo', 'Vg0xdg7iVnw', '0kiDUZ3Q7Wk', '_aHMNi08kys', 'EudBKNWA6B4', '-VC_kKS4Zuc', 'kHkrU_9SQuU', 'W2IeqohVcek', 'k-XQMhsovDM', 'I7l8PtJBYUY', '10deVIk17pQ', 'PNOWs2ECIO0', 'xETOGVXNvio', 'WMRquQkdr04', 'x8UVmKU0P8g', 'ejt505ooPFI', 'ouHZ2B1AYEw', 'etGuX0sKhkA', '0_MwAwCblAU', 'BKhtd6PCuqo', 'o2Ees0_IDxA', 'Kez2MXaUv6A', '4o_0DnkZ8Nc', '3_BByYvNLM8', 'rp4_RcUI8qA', 'u0zki-oR7_Q', 'jQ08jSd7jdM', 'AOC9ANE9T_s', 'TsEjMgVnswc', 'ElxIsY136FI', 'sUnyLQCuUMY', 'KzdIqi-mmVk', '6jfrOOUq27o', 'ETaHAlnX28Q', 'dmxlXq0epRs', '42AK0dkahYI', 'Ev-xoaAAq7E', 'o6g-zFzOtBY', 'zGGe7orD_ko', 'NeTiMYPwFJY', 'Q41b1PmtWbI', 'Kzl7S5pxTOs', 'ud5zMGWtsaE', 'qrAGhW2-HWk', '0ewRL1BqSIY', 'aEPDDHsq760', 'bHOHShHnVIg', '6mPSm_YtlC4', 'aFIgdVCUxDk', 'qgpanhw65ak', '2Hpf2F8yPJw', 'TR6qtGrx0Nk', 'MXch0irEUgg', 'CD9b7vZg8e4', '04oftbqGhVc', 'DA2t1NzpYxs', 'rp6NN525gfQ', 'QbNBh9xXRRM', '_V6gg6z0DCo', 'Ggl9OPrpbew', 'QuPgSBnTp0c', 'Hm9qqRunfXQ', '-P97XdKb2Zw', '1I4qr_Y-IyQ', 'AwS20eWejMs', 'pTmCtUIHKug', 'GbcKYix-xHc', 'AfklleYscwc', 'qNcKWif27Dk', 'TtXu3eGArrk', 'KJxLWUK4duo', 'jdZhNZhfM8s', 'gq5_x_CJVEk', 'ZHBZ8pHBV8g', 'gadedKEuLaQ', 'xsgfbeUA_7M', 'gxQ82c4vwEQ', 'FfixzRdlCoc', 'uy8xAUIMmIk', 'dQnvy5dlc-Q', 'MPb_IIymfZE', 'YavahxqPY9M', 'fVSyTjdAOAw', '9q_MUFtpHbU', '0nYmKsn7Q8s', 'gM4tPJcvfSo', 'fF1VoM2EiRk', '4aMTOuR9mxc', 'aM0UuHMQmPw', 'u3p0V4dTJc8', '_bx8MbeS0b8', 'g_LN1jiQ_mo', 'wBzH8CEM34g', '7bSuTDqyVYo', 'fUh7wXClnA4', 'EwvskNY4Jxw', 'Zf1Z1EKtoDg', 'FfWGDXM_mso', 'a9AEx4VELK8', 'DUUje4_AV6k', 'wvb6olddzQc', 'nRigq-y2Yos', 'B_3NT8YovGI', '28-3TYzQ6Ik', 'yTX9jyXNkIQ', 'FJL3ARjSqSI', 'AlxnoFXo2Tw', 'Wpc5vq3kixg', '25aY5b6tlYk', 'npdhGh1ABLs', 'tQdMi5PGqYQ', 'lZy_LIHt-4U', '9rgTY8rISbk', '9RyoagNDoMs', 'pJRNFxLsXiE', '7kmW9KLy1q8', 'CI-8nMW2pUY', 'puxR83uzxeE', '4-sjfBiJH04', 'FV9Wg4f3H2A', 'fd2dc_RsKQ4', 'CodB4lW1IWM', 'GApFM2Er5oc', 'kFGIoPNjdoc', 'wCYnkhuXe84', 'z0jRsVJsWsM', 'GRXdVek6MdQ', 'H4SH1_giyHk', 'QzB0uRM2myc', 'ABL-R559HXk', 'rf_RFVpP-Dg', 'agypqPSN--o', '6-mdgdRQhwQ', 'IlN5UAwhUDg', 'heMjJm77q3U', 'dTfacDcuEm8', 'CBGiAqesG4Y', 'sWBaK0u3_50', 'Iw-9I36yqHY', '38iB0XC61Do', 'HgRNBqUiwXk', '8nLeC6BvbgE', 'MRDXbH2jwF8', '4Pas0bKTtWg', '2CpBw4a3eQs', 'np8tgxyVG_Y', 'N4bJ1e1zC_A', 'Jakbwl5Dwyo', 'bSuRjO3n4Mc', 'V9pw4rgVcNM', 'o0C1ttwugz0', 'Wao4l59jqAw', '-onKmvgA2xg', 'OmU-h_D25VQ', 'gi-DHaje3mo', 'd8RCkmkbyzA', 'qErb0Rwil-M', 'S0ImThWB-ZM', 'GkwqxQuMV68', 'edKRLOUF-wQ', 'iNT-vPOzFBA', 'pw44gF3owGA', 'i_XC3s2zaGM', '5eMJy78YWTQ', 'lhbsPqtlWmk', 'BYkIgzVha4M', 'GkiT26jhMko', 'fWl8yGFpwJQ', 'eG5AOCGdbBA', 'hWYJSN-hicI', '0Wq361gTUw8', 'jA2uNzJnn4Y', '0HTDLJu-UNs', '-nNyF_e1eUw', 'MInmPXWpjLw', 'oovWBMyO8dU', 'nJRyY2LBYrQ', '8fbNfFSCWDs', 'DDxU79QkxwQ', 'chsVFj0pkG0', 'kKp1WZGg608', '8T7Dcy33k3I', '9BHTLtbnyfk', 't7NlkELJhV0', 'MvMkyqwwh68', 'ngJX8Aa0KOU', 'w9meAdQdcpM', 'XMrFhs_T5eg', 'ILTmOuss9h8', 'JxuKOY5Cep8', 'CrnrqWVxnMs', 'jRrZN4yVLHI', 'Au1CYC8Iuck', '-qesW9R9jr0', 'aUShO7gLx24', '80i46vxWSCA', 'VSLUfqT3-7E', 'hXAHOvMfTdE', '9DaAdACLCtY', '5UeozpDQEXU', 'cug_16N_kKI', 'laJZ5U0nits', '6wJBd6CBb7U', 'IzXrwftKOeU', 'QjjOg1PM1_E', 'm7tlemzPAwk', 'TJUwVD613hU', 'reeJIhAza4U', 'EFZ2uFUde1o', 'wdI1vhWqBhI', 'N6OK3Li3EXg', 'wGYQbZqoKMw', 'ymfO8J42ZPc', 'uiuVV9yFn54', 'e5TN2UyWDQc', 'SVEF8Z1VIjU', 'wgmV6Mxw-vs', 'YPvE92CF_xQ', 'mqBDxwlxdQM', 'h7Q4qGR90nA', 'nGoVrL2x_rM', '-3PIHxrCvxw', 'duFbqcKcKYM', 'pfgplnATGVc', 'FOj9nkZsjhc', 'GrTYeHXMsJw', 'AqZo_Uy3hsw', '_6n-aX0jBB4', '3FH8lcc5O54', '6QPa6luO-eY', 'wLM3Ywx8n0I', 'aHne87wMzF0', 'q6tfKOlSS38', 'ZnsIp0_Mk28', 'D_5EHu3vQH8', 'GL9apGiNowg', 'dunnWZdGO78', 'vieBGbP66b8', 'WxLgquWcVWQ', 'BSYLzbhy1hw', 'aitn5H-pIGc', 'uXfy5U8BfvA', 'S_Q__Zvc43E', 'in32v0UIB0U', 'y1ejwPm9yKQ', 'Nok0Yu_VhZ8', 'YcKZgbzJkJI', 'lxomK7gvue8', '2kP637gNVbM', 'gLAlDybsIpU', 'n71aV0h4dBQ', 'IOq0hFRzGf4', 'dF5HKYA4mKQ', 'WVaZgN_pnkg', 'FcY9MbUJm8E', '5q-84HD6EjM', 'gFt71PT6phM', 'koiSVB2AvxM', '8nML6B7poHM', 'uDLZplacMu8', 'eZmriXgkhAs', 'kP4_gtyUlKM', 'ketzC0LqBtE', 'tfTzhY7bNb0', 'Z-fQq6pyuFo', '1j91iIKe4Mc', 'G60PbSEozvE', 'RTd2DedNh7s', 'A38_RJ_mkBE', 'Iozm8iTofX0', 'Vh4t3jVN_Gw', 'bAcWxdsM-6A', 'MkHpD8aExZ4', 'QTgzKe0QhXM', '-nIOrMkO7rM', 'SfX6d--QoXI', 'j5xcWWGXIrs', '3jrs6TvFFZg', 'AbL9KGNNJeA', 'S3X_VyMEnJ8', '7J1phzZtP3E', 'CJB_QkgL7_A', '1-ybEC2Iqrw', 'FZHSKS1kDLY', 'iePJT_2LE2E', 'ocFYX2eVtas', 'd5XlWHmPGbA', '8ctASLwimig', 'oVlm8yeoMNY', 'E5oFS2CucFc', 'cXZW7vTlXYI', 'YH3ypz7k-ys', 'oT3p2lVLv6k', 'hexln55L3xQ', 'cByTHjWv6gc', 'RrdvbiRUiiE', 'RxhBub7IQRg', 'NaBfIzMzg8w', 'COxEcNt-ksU', 'qvo_eWf7BYU', 'fT5412aVAnc', 'KKDAzw8KJt0', 'mDtCpPXNeKY', 'JvgOTPRAi9g', 'Jn_UoJHQoeQ', 'x-oUQSbr9Xw', 'TODJ9JVKTr4', 'qawKMdOz9ZE', 'zYJFDc7D5kQ', 'hPVOMNFCcg4', 'XuMLjr0BpkM', 'pv6dGQ6GMFA', 'RDlQYbMeloc', 'nDMOxPVwNWM', '1k5wxY_lt7U', 'hnYmMIhld0U', '1u6fGS2nw6A', 'Cv77QcVLkyM', '5KUchjIS-8M', 'yoZxlYH6cB4', '1QHgF8ggmQc', 'RAP5y0fMokg']
2025-09-15 22:07:48,662 [INFO] ytcrawl: [VIDEO] 시작: id=TEtOrCuHRLE url=https://www.youtube.com/watch?v=TEtOrCuHRLE
2025-09-15 22:07:48,662 [INFO] ytcrawl: [VIDEO] 시작: id=Mi0jhF4DxTs url=https://www.youtube.com/watch?v=Mi0jhF4DxTs
2025-09-15 22:07:48,663 [INFO] ytcrawl: [VIDEO] 시작: id=sZNS1Psz8Rk url=https://www.youtube.com/watch?v=sZNS1Psz8Rk
2025-09-15 22:07:48,664 [INFO] ytcrawl: [VIDEO] 시작: id=5gt8UodiSBY url=https://www.youtube.com/watch?v=5gt8UodiSBY
2025-09-15 22:07:48,664 [INFO] ytcrawl: [VIDEO] 시작: id=unH3sDer6sA url=https://www.youtube.com/watch?v=unH3sDer6sA
2025-09-15 22:07:48,665 [INFO] ytcrawl: [VIDEO] 시작: id=Qc5npCL7CX8 url=https://www.youtube.com/watch?v=Qc5npCL7CX8
2025-09-15 22:07:48,665 [INFO] ytcrawl: [VIDEO] 시작: id=HP2sCkEwC_c url=https://www.youtube.com/watch?v=HP2sCkEwC_c
2025-09-15 22:07:48,665 [INFO] ytcrawl: [VIDEO] 시작: id=wno5mlUm_e0 url=https://www.youtube.com/watch?v=wno5mlUm_e0
2025-09-15 22:07:51,926 [DEBUG] ytcrawl: [HTTP] GET https://www.youtube.com/watch?v=unH3sDer6sA&hl=ko&gl=KR&persist_hl=1&persist_gl=1 -> 200, len=1035451
2025-09-15 22:07:51,991 [INFO] ytcrawl: [SUBS][WATCH] channel=UCmjjgsm51PYMPf5REDylbSA text='구독자 117만명' -> 1170000
2025-09-15 22:07:52,046 [DEBUG] ytcrawl: [HTTP] GET https://www.youtube.com/watch?v=sZNS1Psz8Rk&hl=ko&gl=KR&persist_hl=1&persist_gl=1 -> 200, len=1520080
2025-09-15 22:07:52,076 [INFO] ytcrawl: [SUBS][WATCH] channel=UC_IS6fXMkC72FSH7XLc41Lw text='구독자 8.82만명' -> 88200
2025-09-15 22:07:52,153 [DEBUG] ytcrawl: [HTTP] GET https://www.youtube.com/watch?v=Mi0jhF4DxTs&hl=ko&gl=KR&persist_hl=1&persist_gl=1 -> 200, len=1013315
2025-09-15 22:07:52,178 [INFO] ytcrawl: [SUBS][WATCH] channel=UCC4KDLbuCmAnP3fojCVxKFg text='구독자 29명' -> 29
2025-09-15 22:07:52,225 [DEBUG] ytcrawl: [HTTP] GET https://www.youtube.com/watch?v=wno5mlUm_e0&hl=ko&gl=KR&persist_hl=1&persist_gl=1 -> 200, len=1033601
2025-09-15 22:07:52,252 [INFO] ytcrawl: [SUBS][WATCH] channel=UC7raW5CP8mG0VrtiD-w5tzA text='구독자 15.9만명' -> 159000
2025-09-15 22:07:52,267 [DEBUG] ytcrawl: [HTTP] GET https://www.youtube.com/watch?v=TEtOrCuHRLE&hl=ko&gl=KR&persist_hl=1&persist_gl=1 -> 200, len=1489399
2025-09-15 22:07:52,296 [INFO] ytcrawl: [SUBS][WATCH] channel=UCTdGX5Qx_M9i1CADpnXkmTQ text='구독자 2.42만명' -> 24200
2025-09-15 22:07:52,296 [INFO] ytcrawl: [CAP] 'a.ko' 발견 → 원문 사용
2025-09-15 22:07:52,300 [DEBUG] ytcrawl: [HTTP] GET https://www.youtube.com/watch?v=Qc5npCL7CX8&hl=ko&gl=KR&persist_hl=1&persist_gl=1 -> 200, len=1059779
2025-09-15 22:07:52,329 [INFO] ytcrawl: [SUBS][WATCH] channel=UCmjjgsm51PYMPf5REDylbSA text='구독자 117만명' -> 1170000
2025-09-15 22:07:52,336 [DEBUG] ytcrawl: [HTTP] GET https://www.youtube.com/watch?v=5gt8UodiSBY&hl=ko&gl=KR&persist_hl=1&persist_gl=1 -> 200, len=1029349
2025-09-15 22:07:52,363 [INFO] ytcrawl: [SUBS][WATCH] channel=UCmPJ9PgIYaGx7wlB9Dtefsw text='구독자 2.5만명' -> 25000
2025-09-15 22:07:52,370 [DEBUG] ytcrawl: [HTTP] GET https://www.youtube.com/watch?v=HP2sCkEwC_c&hl=ko&gl=KR&persist_hl=1&persist_gl=1 -> 200, len=1062436
2025-09-15 22:07:52,400 [INFO] ytcrawl: [SUBS][WATCH] channel=UCs4wUolAHK6DONFmUBJIOHA text='구독자 122만명' -> 1220000
2025-09-15 22:07:52,422 [INFO] ytcrawl: [CAP] 'a.ko' 발견 → 원문 사용
2025-09-15 22:07:52,525 [INFO] ytcrawl: [CAP] 'a.ko' 발견 → 원문 사용
2025-09-15 22:07:52,544 [INFO] ytcrawl: [CAP] 'a.ko' 발견 → 원문 사용
2025-09-15 22:07:52,558 [INFO] ytcrawl: [CAP] 'a.ko' 발견 → 원문 사용
2025-09-15 22:07:52,561 [INFO] ytcrawl: [CAP] 'a.ko' 발견 → 원문 사용
2025-09-15 22:07:52,574 [INFO] ytcrawl: [CAP] 'a.ko' 발견 → 원문 사용
2025-09-15 22:07:52,574 [INFO] ytcrawl: [CAP] 파싱 성공: lines=21, text_len=369
2025-09-15 22:07:52,575 [INFO] ytcrawl: [VIDEO] 완료: id=unH3sDer6sA, views=1437377, subs=1170000, cap_len=369, form=쇼츠
2025-09-15 22:07:52,575 [INFO] ytcrawl: [VIDEO] 시작: id=jYmrN7K4KM4 url=https://www.youtube.com/watch?v=jYmrN7K4KM4
2025-09-15 22:07:52,642 [INFO] ytcrawl: [CAP] 파싱 성공: lines=25, text_len=424
2025-09-15 22:07:52,643 [INFO] ytcrawl: [VIDEO] 완료: id=Mi0jhF4DxTs, views=9090, subs=29, cap_len=424, form=쇼츠
2025-09-15 22:07:52,643 [INFO] ytcrawl: [VIDEO] 시작: id=B3xHQmVp1V4 url=https://www.youtube.com/watch?v=B3xHQmVp1V4
2025-09-15 22:07:52,675 [INFO] ytcrawl: [CAP] 'a.ko' 발견 → 원문 사용
2025-09-15 22:07:52,744 [INFO] ytcrawl: [CAP] 파싱 성공: lines=3, text_len=39
2025-09-15 22:07:52,744 [INFO] ytcrawl: [VIDEO] 완료: id=wno5mlUm_e0, views=6925402, subs=159000, cap_len=39, form=쇼츠
2025-09-15 22:07:52,744 [INFO] ytcrawl: [VIDEO] 시작: id=T8q72BgvTjo url=https://www.youtube.com/watch?v=T8q72BgvTjo
2025-09-15 22:07:52,822 [INFO] ytcrawl: [CAP] 파싱 성공: lines=16, text_len=303
2025-09-15 22:07:52,822 [INFO] ytcrawl: [VIDEO] 완료: id=Qc5npCL7CX8, views=1751754, subs=1170000, cap_len=303, form=쇼츠
2025-09-15 22:07:52,822 [INFO] ytcrawl: [VIDEO] 시작: id=Sgof2CqjSRk url=https://www.youtube.com/watch?v=Sgof2CqjSRk
2025-09-15 22:07:52,833 [INFO] ytcrawl: [CAP] 파싱 성공: lines=8, text_len=139
2025-09-15 22:07:52,833 [INFO] ytcrawl: [VIDEO] 완료: id=5gt8UodiSBY, views=2894542, subs=25000, cap_len=139, form=쇼츠
2025-09-15 22:07:52,833 [INFO] ytcrawl: [VIDEO] 시작: id=M4ISHnIDubs url=https://www.youtube.com/watch?v=M4ISHnIDubs
2025-09-15 22:07:52,859 [INFO] ytcrawl: [CAP] 파싱 성공: lines=137, text_len=2653
2025-09-15 22:07:52,859 [INFO] ytcrawl: [VIDEO] 완료: id=TEtOrCuHRLE, views=28395, subs=24200, cap_len=2653, form=롱폼
2025-09-15 22:07:52,859 [INFO] ytcrawl: [VIDEO] 시작: id=Xdn5h1C0up8 url=https://www.youtube.com/watch?v=Xdn5h1C0up8
2025-09-15 22:07:52,897 [INFO] ytcrawl: [CAP] 파싱 성공: lines=5, text_len=73
2025-09-15 22:07:52,897 [INFO] ytcrawl: [VIDEO] 완료: id=HP2sCkEwC_c, views=5670974, subs=1220000, cap_len=73, form=쇼츠
2025-09-15 22:07:52,897 [INFO] ytcrawl: [VIDEO] 시작: id=2GhqZjnKQ9o url=https://www.youtube.com/watch?v=2GhqZjnKQ9o
2025-09-15 22:07:52,976 [INFO] ytcrawl: [CAP] 파싱 성공: lines=1012, text_len=19269
2025-09-15 22:07:52,976 [INFO] ytcrawl: [VIDEO] 완료: id=sZNS1Psz8Rk, views=326572, subs=88200, cap_len=19269, form=롱폼
2025-09-15 22:07:52,976 [INFO] ytcrawl: [VIDEO] 시작: id=SlZi5mNSxs8 url=https://www.youtube.com/watch?v=SlZi5mNSxs8
2025-09-15 22:07:54,862 [INFO] ytcrawl: [CAP] 'a.ko' 발견 → 원문 사용
2025-09-15 22:07:54,883 [INFO] ytcrawl: [CAP] 'a.ko' 발견 → 원문 사용
2025-09-15 22:07:55,072 [INFO] ytcrawl: [CAP] 파싱 성공: lines=5, text_len=82
2025-09-15 22:07:55,072 [INFO] ytcrawl: [VIDEO] 완료: id=T8q72BgvTjo, views=3790413, subs=1220000, cap_len=82, form=쇼츠
2025-09-15 22:07:55,072 [INFO] ytcrawl: [VIDEO] 시작: id=OVF9JzV_dWQ url=https://www.youtube.com/watch?v=OVF9JzV_dWQ
2025-09-15 22:07:55,104 [INFO] ytcrawl: [CAP] 파싱 성공: lines=12, text_len=221
2025-09-15 22:07:55,104 [INFO] ytcrawl: [VIDEO] 완료: id=B3xHQmVp1V4, views=4260470, subs=1170000, cap_len=221, form=쇼츠
2025-09-15 22:07:55,104 [INFO] ytcrawl: [VIDEO] 시작: id=_37dEiAmYoA url=https://www.youtube.com/watch?v=_37dEiAmYoA
2025-09-15 22:07:55,259 [DEBUG] ytcrawl: [HTTP] GET https://www.youtube.com/watch?v=jYmrN7K4KM4&hl=ko&gl=KR&persist_hl=1&persist_gl=1 -> 200, len=1011946
2025-09-15 22:07:55,284 [INFO] ytcrawl: [SUBS][WATCH] channel=UCg7-faUDW0lreytkba_Wr8w text='구독자 1.46만명' -> 14600
2025-09-15 22:07:55,285 [INFO] ytcrawl: [CAP] XML 자막 미확보
2025-09-15 22:07:55,285 [INFO] ytcrawl: [VIDEO] 완료: id=jYmrN7K4KM4, views=546, subs=14600, cap_len=0, form=쇼츠
2025-09-15 22:07:55,285 [INFO] ytcrawl: [VIDEO] 시작: id=AyyFdhmzhAE url=https://www.youtube.com/watch?v=AyyFdhmzhAE
2025-09-15 22:07:55,383 [DEBUG] ytcrawl: [HTTP] GET https://www.youtube.com/watch?v=2GhqZjnKQ9o&hl=ko&gl=KR&persist_hl=1&persist_gl=1 -> 200, len=1052677
2025-09-15 22:07:55,412 [INFO] ytcrawl: [SUBS][WATCH] channel=UCOkr541W3GBtVwLP0aNpJbw text='구독자 46.9만명' -> 469000
2025-09-15 22:07:55,625 [DEBUG] ytcrawl: [HTTP] GET https://www.youtube.com/watch?v=Xdn5h1C0up8&hl=ko&gl=KR&persist_hl=1&persist_gl=1 -> 200, len=1238122
2025-09-15 22:07:55,672 [INFO] ytcrawl: [SUBS][WATCH] channel=UCnbQutaGtu6EOKYnwT35Etg text='구독자 55.6만명' -> 556000
2025-09-15 22:07:55,673 [INFO] ytcrawl: [CAP] 'a.ko' 발견 → 원문 사용
2025-09-15 22:07:55,706 [DEBUG] ytcrawl: [HTTP] GET https://www.youtube.com/watch?v=SlZi5mNSxs8&hl=ko&gl=KR&persist_hl=1&persist_gl=1 -> 200, len=1565741
2025-09-15 22:07:55,738 [INFO] ytcrawl: [SUBS][WATCH] channel=UCAboHrUEPc4QUeOrmwSn0BQ text='구독자 30.2만명' -> 302000
2025-09-15 22:07:55,903 [INFO] ytcrawl: [CAP] 파싱 성공: lines=16, text_len=263
2025-09-15 22:07:55,904 [INFO] ytcrawl: [VIDEO] 완료: id=2GhqZjnKQ9o, views=11289315, subs=469000, cap_len=263, form=쇼츠
2025-09-15 22:07:55,904 [INFO] ytcrawl: [VIDEO] 시작: id=TBN8zw3wKSs url=https://www.youtube.com/watch?v=TBN8zw3wKSs
2025-09-15 22:07:55,921 [INFO] ytcrawl: [CAP] 'a.ko' 발견 → 원문 사용
2025-09-15 22:07:55,926 [DEBUG] ytcrawl: [HTTP] GET https://www.youtube.com/watch?v=Sgof2CqjSRk&hl=ko&gl=KR&persist_hl=1&persist_gl=1 -> 200, len=1458634
2025-09-15 22:07:55,953 [INFO] ytcrawl: [SUBS][WATCH] channel=UC6w43bdyvx21dHu9gfQjS2g text='구독자 28.1만명' -> 281000
2025-09-15 22:07:56,011 [INFO] ytcrawl: [CAP] 'a.ko' 발견 → 원문 사용
2025-09-15 22:07:56,171 [INFO] ytcrawl: [CAP] 파싱 성공: lines=10, text_len=100
2025-09-15 22:07:56,172 [INFO] ytcrawl: [VIDEO] 완료: id=Xdn5h1C0up8, views=8598042, subs=556000, cap_len=100, form=쇼츠
2025-09-15 22:07:56,172 [INFO] ytcrawl: [VIDEO] 시작: id=IEkakvZRR78 url=https://www.youtube.com/watch?v=IEkakvZRR78
2025-09-15 22:07:56,263 [INFO] ytcrawl: [CAP] 파싱 성공: lines=134, text_len=2517
2025-09-15 22:07:56,264 [INFO] ytcrawl: [VIDEO] 완료: id=SlZi5mNSxs8, views=115148, subs=302000, cap_len=2517, form=롱폼
2025-09-15 22:07:56,264 [INFO] ytcrawl: [VIDEO] 시작: id=t63fd-craCI url=https://www.youtube.com/watch?v=t63fd-craCI
2025-09-15 22:07:56,319 [INFO] ytcrawl: [CAP] 'a.ko' 발견 → 원문 사용
2025-09-15 22:07:56,674 [INFO] ytcrawl: [CAP] 파싱 성공: lines=530, text_len=10267
2025-09-15 22:07:56,674 [INFO] ytcrawl: [VIDEO] 완료: id=Sgof2CqjSRk, views=262438, subs=281000, cap_len=10267, form=롱폼
2025-09-15 22:07:56,675 [INFO] ytcrawl: [VIDEO] 시작: id=SRwwjqVh5SA url=https://www.youtube.com/watch?v=SRwwjqVh5SA
2025-09-15 22:07:56,913 [INFO] ytcrawl: [CAP] 'a.ko' 발견 → 원문 사용
2025-09-15 22:07:57,173 [INFO] ytcrawl: [CAP] 파싱 성공: lines=12, text_len=227
2025-09-15 22:07:57,174 [INFO] ytcrawl: [VIDEO] 완료: id=M4ISHnIDubs, views=1895642, subs=1170000, cap_len=227, form=쇼츠
2025-09-15 22:07:57,174 [INFO] ytcrawl: [VIDEO] 시작: id=5J4iz3ZWkFI url=https://www.youtube.com/watch?v=5J4iz3ZWkFI
2025-09-15 22:07:57,282 [INFO] ytcrawl: [CAP] 'a.ko' 발견 → 원문 사용
2025-09-15 22:07:57,494 [INFO] ytcrawl: [CAP] 파싱 성공: lines=27, text_len=525
2025-09-15 22:07:57,494 [INFO] ytcrawl: [VIDEO] 완료: id=OVF9JzV_dWQ, views=3467431, subs=1170000, cap_len=525, form=쇼츠
2025-09-15 22:07:57,495 [INFO] ytcrawl: [VIDEO] 시작: id=O0rbPrnUgCA url=https://www.youtube.com/watch?v=O0rbPrnUgCA
2025-09-15 22:07:57,955 [DEBUG] ytcrawl: [HTTP] GET https://www.youtube.com/watch?v=AyyFdhmzhAE&hl=ko&gl=KR&persist_hl=1&persist_gl=1 -> 200, len=1036655
2025-09-15 22:07:57,980 [INFO] ytcrawl: [SUBS][WATCH] channel=UCVuiiq3gYUN6aSs2d2oUMsQ text='구독자 6.75천명' -> 6750
2025-09-15 22:07:58,017 [DEBUG] ytcrawl: [HTTP] GET https://www.youtube.com/watch?v=_37dEiAmYoA&hl=ko&gl=KR&persist_hl=1&persist_gl=1 -> 200, len=1021517
2025-09-15 22:07:58,042 [INFO] ytcrawl: [SUBS][WATCH] channel=UCdbQpZ9DzILpdb02hRimfxA text='구독자 913명' -> 913
2025-09-15 22:07:58,204 [DEBUG] ytcrawl: [HTTP] GET https://www.youtube.com/watch?v=TBN8zw3wKSs&hl=ko&gl=KR&persist_hl=1&persist_gl=1 -> 200, len=1014733
2025-09-15 22:07:58,230 [INFO] ytcrawl: [SUBS][WATCH] channel=UCK4HP20df3lqs05hHSsIFdg text='구독자 1.27천명' -> 1270
2025-09-15 22:07:58,253 [INFO] ytcrawl: [CAP] 'ko' 발견 → 원문 사용
2025-09-15 22:07:58,500 [INFO] ytcrawl: [CAP] 'a.ko' 발견 → 원문 사용
2025-09-15 22:07:58,501 [INFO] ytcrawl: [CAP] 'a.ko' 발견 → 원문 사용
2025-09-15 22:07:58,508 [INFO] ytcrawl: [CAP] 파싱 성공: lines=20, text_len=303
2025-09-15 22:07:58,508 [INFO] ytcrawl: [VIDEO] 완료: id=_37dEiAmYoA, views=51290, subs=913, cap_len=303, form=쇼츠
2025-09-15 22:07:58,508 [INFO] ytcrawl: [VIDEO] 시작: id=9FDaCP7ZVKw url=https://www.youtube.com/watch?v=9FDaCP7ZVKw
2025-09-15 22:07:58,675 [DEBUG] ytcrawl: [HTTP] GET https://www.youtube.com/watch?v=IEkakvZRR78&hl=ko&gl=KR&persist_hl=1&persist_gl=1 -> 200, len=1053341
2025-09-15 22:07:58,707 [INFO] ytcrawl: [SUBS][WATCH] channel=UCjziMcC5Wcot5oTruyubPRQ text='구독자 55.5만명' -> 555000
2025-09-15 22:07:58,714 [DEBUG] ytcrawl: [HTTP] GET https://www.youtube.com/watch?v=t63fd-craCI&hl=ko&gl=KR&persist_hl=1&persist_gl=1 -> 200, len=1025162
2025-09-15 22:07:58,743 [INFO] ytcrawl: [SUBS][WATCH] channel=UC4M-2V6CMWBCTOnQnrXTUYg text='구독자 9.02천명' -> 9020
2025-09-15 22:07:58,774 [INFO] ytcrawl: [CAP] 파싱 성공: lines=13, text_len=206
2025-09-15 22:07:58,774 [INFO] ytcrawl: [VIDEO] 완료: id=AyyFdhmzhAE, views=194953, subs=6750, cap_len=206, form=쇼츠
2025-09-15 22:07:58,774 [INFO] ytcrawl: [VIDEO] 시작: id=GUztnIJlFww url=https://www.youtube.com/watch?v=GUztnIJlFww
2025-09-15 22:07:58,792 [INFO] ytcrawl: [CAP] 파싱 성공: lines=4, text_len=60
2025-09-15 22:07:58,792 [INFO] ytcrawl: [VIDEO] 완료: id=TBN8zw3wKSs, views=166206, subs=1270, cap_len=60, form=쇼츠
2025-09-15 22:07:58,792 [INFO] ytcrawl: [VIDEO] 시작: id=UBV3bAFSOco url=https://www.youtube.com/watch?v=UBV3bAFSOco
2025-09-15 22:07:59,013 [INFO] ytcrawl: [CAP] 'a.ko' 발견 → 원문 사용
2025-09-15 22:07:59,053 [INFO] ytcrawl: [CAP] 'a.ko' 발견 → 원문 사용
2025-09-15 22:07:59,273 [INFO] ytcrawl: [CAP] 파싱 성공: lines=12, text_len=225
2025-09-15 22:07:59,273 [INFO] ytcrawl: [VIDEO] 완료: id=t63fd-craCI, views=273966, subs=9020, cap_len=225, form=쇼츠
2025-09-15 22:07:59,274 [INFO] ytcrawl: [VIDEO] 시작: id=G9LVBpnet1Q url=https://www.youtube.com/watch?v=G9LVBpnet1Q
2025-09-15 22:07:59,302 [INFO] ytcrawl: [CAP] 파싱 성공: lines=12, text_len=210
2025-09-15 22:07:59,302 [INFO] ytcrawl: [VIDEO] 완료: id=IEkakvZRR78, views=1979688, subs=555000, cap_len=210, form=쇼츠
2025-09-15 22:07:59,302 [INFO] ytcrawl: [VIDEO] 시작: id=MWLheeCYAME url=https://www.youtube.com/watch?v=MWLheeCYAME
2025-09-15 22:07:59,356 [DEBUG] ytcrawl: [HTTP] GET https://www.youtube.com/watch?v=SRwwjqVh5SA&hl=ko&gl=KR&persist_hl=1&persist_gl=1 -> 200, len=1061940
2025-09-15 22:07:59,385 [INFO] ytcrawl: [SUBS][WATCH] channel=UCdtRAcd3L_UpV4tMXCw63NQ text='구독자 308만명' -> 3080000
2025-09-15 22:07:59,679 [INFO] ytcrawl: [CAP] 'a.ko' 발견 → 원문 사용
2025-09-15 22:07:59,876 [INFO] ytcrawl: [CAP] 파싱 성공: lines=16, text_len=311
2025-09-15 22:07:59,876 [INFO] ytcrawl: [VIDEO] 완료: id=SRwwjqVh5SA, views=93964, subs=3080000, cap_len=311, form=쇼츠
2025-09-15 22:07:59,876 [INFO] ytcrawl: [VIDEO] 시작: id=DRhhn2y_FTw url=https://www.youtube.com/watch?v=DRhhn2y_FTw
2025-09-15 22:08:00,830 [DEBUG] ytcrawl: [HTTP] GET https://www.youtube.com/watch?v=O0rbPrnUgCA&hl=ko&gl=KR&persist_hl=1&persist_gl=1 -> 200, len=1040764
2025-09-15 22:08:00,860 [INFO] ytcrawl: [SUBS][WATCH] channel=UC9gOI0h5ngmbTjw65UFDvRA text='구독자 25만명' -> 250000
2025-09-15 22:08:00,948 [INFO] ytcrawl: [CAP] 'a.ko' 발견 → 원문 사용
2025-09-15 22:08:01,123 [INFO] ytcrawl: [CAP] 'a.ko' 발견 → 원문 사용
2025-09-15 22:08:01,142 [INFO] ytcrawl: [CAP] 파싱 성공: lines=7, text_len=113
2025-09-15 22:08:01,142 [INFO] ytcrawl: [VIDEO] 완료: id=G9LVBpnet1Q, views=9870314, subs=469000, cap_len=113, form=쇼츠
2025-09-15 22:08:01,142 [INFO] ytcrawl: [VIDEO] 시작: id=dq7Cs4DHtHc url=https://www.youtube.com/watch?v=dq7Cs4DHtHc
2025-09-15 22:08:01,292 [INFO] ytcrawl: [CAP] 'a.ko' 발견 → 원문 사용
2025-09-15 22:08:01,324 [INFO] ytcrawl: [CAP] 파싱 성공: lines=22, text_len=199
2025-09-15 22:08:01,324 [INFO] ytcrawl: [VIDEO] 완료: id=O0rbPrnUgCA, views=1380328, subs=250000, cap_len=199, form=쇼츠
2025-09-15 22:08:01,324 [INFO] ytcrawl: [VIDEO] 시작: id=l1A1JRcsu-Y url=https://www.youtube.com/watch?v=l1A1JRcsu-Y
2025-09-15 22:08:01,358 [DEBUG] ytcrawl: [HTTP] GET https://www.youtube.com/watch?v=UBV3bAFSOco&hl=ko&gl=KR&persist_hl=1&persist_gl=1 -> 200, len=1010193
2025-09-15 22:08:01,391 [INFO] ytcrawl: [SUBS][WATCH] channel=UCLYCSlC4vJp7yxaKcyU81Kw text='구독자 26.7만명' -> 267000
2025-09-15 22:08:01,397 [DEBUG] ytcrawl: [HTTP] GET https://www.youtube.com/watch?v=GUztnIJlFww&hl=ko&gl=KR&persist_hl=1&persist_gl=1 -> 200, len=1017736
2025-09-15 22:08:01,422 [INFO] ytcrawl: [SUBS][WATCH] channel=UCm2PiWccs-otbzhjiNXHu5g text='구독자 192만명' -> 1920000
2025-09-15 22:08:01,423 [INFO] ytcrawl: [CAP] XML 자막 미확보
2025-09-15 22:08:01,423 [INFO] ytcrawl: [VIDEO] 완료: id=GUztnIJlFww, views=6562595, subs=1920000, cap_len=0, form=쇼츠
2025-09-15 22:08:01,424 [INFO] ytcrawl: [VIDEO] 시작: id=EQfl3_4IpG8 url=https://www.youtube.com/watch?v=EQfl3_4IpG8
2025-09-15 22:08:01,446 [DEBUG] ytcrawl: [HTTP] GET https://www.youtube.com/watch?v=9FDaCP7ZVKw&hl=ko&gl=KR&persist_hl=1&persist_gl=1 -> 200, len=1007868
2025-09-15 22:08:01,481 [INFO] ytcrawl: [SUBS][WATCH] channel=UCmnHcT2EKv6b4TG1LecJ64g text='구독자 3.32만명' -> 33200
2025-09-15 22:08:01,486 [DEBUG] ytcrawl: [HTTP] GET https://www.youtube.com/watch?v=5J4iz3ZWkFI&hl=ko&gl=KR&persist_hl=1&persist_gl=1 -> 200, len=1227557
2025-09-15 22:08:01,534 [INFO] ytcrawl: [SUBS][WATCH] channel=UCWhiqHa4dVohOTSUQwK-l2g text='구독자 124만명' -> 1240000
2025-09-15 22:08:01,535 [INFO] ytcrawl: [CAP] XML 자막 미확보
2025-09-15 22:08:01,535 [INFO] ytcrawl: [VIDEO] 완료: id=5J4iz3ZWkFI, views=6205759, subs=1240000, cap_len=0, form=쇼츠
2025-09-15 22:08:01,535 [INFO] ytcrawl: [VIDEO] 시작: id=xPtPcD8Xy_Y url=https://www.youtube.com/watch?v=xPtPcD8Xy_Y
2025-09-15 22:08:01,611 [INFO] ytcrawl: [CAP] 파싱 성공: lines=375, text_len=7184
2025-09-15 22:08:01,612 [INFO] ytcrawl: [VIDEO] 완료: id=MWLheeCYAME, views=67814, subs=281000, cap_len=7184, form=롱폼
2025-09-15 22:08:01,612 [INFO] ytcrawl: [VIDEO] 시작: id=Dq3lJ0ENJP0 url=https://www.youtube.com/watch?v=Dq3lJ0ENJP0
2025-09-15 22:08:01,658 [INFO] ytcrawl: [CAP] 'a.ko' 발견 → 원문 사용
2025-09-15 22:08:01,776 [INFO] ytcrawl: [CAP] 'a.ko' 발견 → 원문 사용
2025-09-15 22:08:01,923 [INFO] ytcrawl: [CAP] 파싱 성공: lines=26, text_len=486
2025-09-15 22:08:01,925 [INFO] ytcrawl: [VIDEO] 완료: id=UBV3bAFSOco, views=674547, subs=267000, cap_len=486, form=쇼츠
2025-09-15 22:08:01,925 [INFO] ytcrawl: [VIDEO] 시작: id=Wb94szYmSGI url=https://www.youtube.com/watch?v=Wb94szYmSGI
2025-09-15 22:08:01,992 [INFO] ytcrawl: [CAP] 파싱 성공: lines=16, text_len=159
2025-09-15 22:08:01,993 [INFO] ytcrawl: [VIDEO] 완료: id=9FDaCP7ZVKw, views=500374, subs=33200, cap_len=159, form=쇼츠
2025-09-15 22:08:01,994 [INFO] ytcrawl: [VIDEO] 시작: id=us4C2lvHZd4 url=https://www.youtube.com/watch?v=us4C2lvHZd4
2025-09-15 22:08:02,706 [DEBUG] ytcrawl: [HTTP] GET https://www.youtube.com/watch?v=DRhhn2y_FTw&hl=ko&gl=KR&persist_hl=1&persist_gl=1 -> 200, len=1051045
2025-09-15 22:08:02,736 [INFO] ytcrawl: [SUBS][WATCH] channel=UC-6DLwseTZG-l4JprVV2MIQ text='구독자 13.5만명' -> 135000
2025-09-15 22:08:03,014 [INFO] ytcrawl: [CAP] 'a.ko' 발견 → 원문 사용
2025-09-15 22:08:03,140 [INFO] ytcrawl: [CAP] 'a.ko' 발견 → 원문 사용
2025-09-15 22:08:03,280 [INFO] ytcrawl: [CAP] 파싱 성공: lines=7, text_len=121
2025-09-15 22:08:03,280 [INFO] ytcrawl: [VIDEO] 완료: id=DRhhn2y_FTw, views=362069, subs=135000, cap_len=121, form=쇼츠
2025-09-15 22:08:03,280 [INFO] ytcrawl: [VIDEO] 시작: id=dRhP3qVmBbc url=https://www.youtube.com/watch?v=dRhP3qVmBbc
2025-09-15 22:08:03,372 [INFO] ytcrawl: [CAP] 파싱 성공: lines=15, text_len=293
2025-09-15 22:08:03,372 [INFO] ytcrawl: [VIDEO] 완료: id=dq7Cs4DHtHc, views=1740770, subs=1170000, cap_len=293, form=쇼츠
2025-09-15 22:08:03,372 [INFO] ytcrawl: [VIDEO] 시작: id=H5RAbu3Qinw url=https://www.youtube.com/watch?v=H5RAbu3Qinw
2025-09-15 22:08:03,453 [INFO] ytcrawl: [CAP] 'a.ko' 발견 → 원문 사용
2025-09-15 22:08:03,651 [INFO] ytcrawl: [CAP] 파싱 성공: lines=17, text_len=271
2025-09-15 22:08:03,652 [INFO] ytcrawl: [VIDEO] 완료: id=l1A1JRcsu-Y, views=8101816, subs=1220000, cap_len=271, form=쇼츠
2025-09-15 22:08:03,652 [INFO] ytcrawl: [VIDEO] 시작: id=YEx3sJUwWw4 url=https://www.youtube.com/watch?v=YEx3sJUwWw4
2025-09-15 22:08:04,012 [INFO] ytcrawl: [CAP] 'a.ko' 발견 → 원문 사용
2025-09-15 22:08:04,022 [INFO] ytcrawl: [CAP] 'a.ko' 발견 → 원문 사용
2025-09-15 22:08:04,106 [DEBUG] ytcrawl: [HTTP] GET https://www.youtube.com/watch?v=Dq3lJ0ENJP0&hl=ko&gl=KR&persist_hl=1&persist_gl=1 -> 200, len=1027791
2025-09-15 22:08:04,134 [INFO] ytcrawl: [SUBS][WATCH] channel=UCA9jn-kCSa-qP4aBIuR4lgA text='구독자 1.69천명' -> 1690
2025-09-15 22:08:04,138 [DEBUG] ytcrawl: [HTTP] GET https://www.youtube.com/watch?v=EQfl3_4IpG8&hl=ko&gl=KR&persist_hl=1&persist_gl=1 -> 200, len=1019146
2025-09-15 22:08:04,162 [INFO] ytcrawl: [SUBS][WATCH] channel=UC_tHBbScLRgokhFHQFo3HiQ text='구독자 1.71천명' -> 1710
2025-09-15 22:08:04,223 [INFO] ytcrawl: [CAP] 파싱 성공: lines=5, text_len=55
2025-09-15 22:08:04,223 [INFO] ytcrawl: [VIDEO] 완료: id=xPtPcD8Xy_Y, views=7010025, subs=1220000, cap_len=55, form=쇼츠
2025-09-15 22:08:04,223 [INFO] ytcrawl: [VIDEO] 시작: id=1pwdmw7NS7I url=https://www.youtube.com/watch?v=1pwdmw7NS7I
2025-09-15 22:08:04,243 [INFO] ytcrawl: [CAP] 파싱 성공: lines=15, text_len=292
2025-09-15 22:08:04,243 [INFO] ytcrawl: [VIDEO] 완료: id=Wb94szYmSGI, views=5079868, subs=1920000, cap_len=292, form=쇼츠
2025-09-15 22:08:04,244 [INFO] ytcrawl: [VIDEO] 시작: id=zcx4vpZCgF0 url=https://www.youtube.com/watch?v=zcx4vpZCgF0
2025-09-15 22:08:04,417 [INFO] ytcrawl: [CAP] 'a.ko' 발견 → 원문 사용
2025-09-15 22:08:04,588 [INFO] ytcrawl: [CAP] 'a.ko' 발견 → 원문 사용
2025-09-15 22:08:04,643 [INFO] ytcrawl: [CAP] 파싱 성공: lines=22, text_len=399
2025-09-15 22:08:04,643 [INFO] ytcrawl: [VIDEO] 완료: id=EQfl3_4IpG8, views=2985168, subs=1710, cap_len=399, form=쇼츠
2025-09-15 22:08:04,643 [INFO] ytcrawl: [VIDEO] 시작: id=fvG4B4BiMAc url=https://www.youtube.com/watch?v=fvG4B4BiMAc
2025-09-15 22:08:04,804 [DEBUG] ytcrawl: [HTTP] GET https://www.youtube.com/watch?v=us4C2lvHZd4&hl=ko&gl=KR&persist_hl=1&persist_gl=1 -> 200, len=1107651
2025-09-15 22:08:04,835 [INFO] ytcrawl: [SUBS][WATCH] channel=UCpAJ17cZfVrI10Eq4zaBLzg text='구독자 10.2만명' -> 102000
2025-09-15 22:08:04,874 [INFO] ytcrawl: [CAP] 파싱 성공: lines=18, text_len=331
2025-09-15 22:08:04,875 [INFO] ytcrawl: [VIDEO] 완료: id=Dq3lJ0ENJP0, views=17644, subs=1690, cap_len=331, form=쇼츠
2025-09-15 22:08:04,875 [INFO] ytcrawl: [VIDEO] 시작: id=hxAxU5k9eQE url=https://www.youtube.com/watch?v=hxAxU5k9eQE
2025-09-15 22:08:05,054 [INFO] ytcrawl: [CAP] 'a.ko' 발견 → 원문 사용
2025-09-15 22:08:05,312 [INFO] ytcrawl: [CAP] 파싱 성공: lines=17, text_len=321
2025-09-15 22:08:05,313 [INFO] ytcrawl: [VIDEO] 완료: id=us4C2lvHZd4, views=62277, subs=102000, cap_len=321, form=쇼츠
2025-09-15 22:08:05,313 [INFO] ytcrawl: [VIDEO] 시작: id=NqKtYfqjmJU url=https://www.youtube.com/watch?v=NqKtYfqjmJU
2025-09-15 22:08:05,406 [INFO] ytcrawl: [CAP] 'a.ko' 발견 → 원문 사용
2025-09-15 22:08:05,623 [INFO] ytcrawl: [CAP] 파싱 성공: lines=3, text_len=15
2025-09-15 22:08:05,623 [INFO] ytcrawl: [VIDEO] 완료: id=H5RAbu3Qinw, views=11553238, subs=1220000, cap_len=15, form=쇼츠
2025-09-15 22:08:05,623 [INFO] ytcrawl: [VIDEO] 시작: id=2QOxibTvfI8 url=https://www.youtube.com/watch?v=2QOxibTvfI8
2025-09-15 22:08:06,165 [DEBUG] ytcrawl: [HTTP] GET https://www.youtube.com/watch?v=dRhP3qVmBbc&hl=ko&gl=KR&persist_hl=1&persist_gl=1 -> 200, len=1029584
2025-09-15 22:08:06,196 [INFO] ytcrawl: [SUBS][WATCH] channel=UCseRtCpOFnf7_R1N7gsL5wQ text='구독자 1.26만명' -> 12600
2025-09-15 22:08:06,394 [DEBUG] ytcrawl: [HTTP] GET https://www.youtube.com/watch?v=YEx3sJUwWw4&hl=ko&gl=KR&persist_hl=1&persist_gl=1 -> 200, len=1015442
2025-09-15 22:08:06,419 [INFO] ytcrawl: [SUBS][WATCH] channel=UC4VNLq614MfYZu2whrvIuvw text='구독자 492명' -> 492
2025-09-15 22:08:06,420 [INFO] ytcrawl: [CAP] 'a.ko' 발견 → 원문 사용
2025-09-15 22:08:06,616 [INFO] ytcrawl: [CAP] 'ko' 발견 → 원문 사용
2025-09-15 22:08:06,666 [INFO] ytcrawl: [CAP] 파싱 성공: lines=11, text_len=213
2025-09-15 22:08:06,666 [INFO] ytcrawl: [VIDEO] 완료: id=dRhP3qVmBbc, views=147390, subs=12600, cap_len=213, form=쇼츠
2025-09-15 22:08:06,666 [INFO] ytcrawl: [VIDEO] 시작: id=tE6vqusRuhc url=https://www.youtube.com/watch?v=tE6vqusRuhc
2025-09-15 22:08:06,839 [INFO] ytcrawl: [CAP] 파싱 성공: lines=10, text_len=240
2025-09-15 22:08:06,839 [INFO] ytcrawl: [VIDEO] 완료: id=YEx3sJUwWw4, views=84204, subs=492, cap_len=240, form=쇼츠
2025-09-15 22:08:06,839 [INFO] ytcrawl: [VIDEO] 시작: id=spDhIhspuuE url=https://www.youtube.com/watch?v=spDhIhspuuE
2025-09-15 22:08:07,013 [DEBUG] ytcrawl: [HTTP] GET https://www.youtube.com/watch?v=fvG4B4BiMAc&hl=ko&gl=KR&persist_hl=1&persist_gl=1 -> 200, len=1021735
2025-09-15 22:08:07,037 [INFO] ytcrawl: [SUBS][WATCH] channel=UCI-jZERBWRX_fwOtFiLKhrA text='구독자 14.3만명' -> 143000
2025-09-15 22:08:07,338 [DEBUG] ytcrawl: [HTTP] GET https://www.youtube.com/watch?v=1pwdmw7NS7I&hl=ko&gl=KR&persist_hl=1&persist_gl=1 -> 200, len=1043370
2025-09-15 22:08:07,365 [INFO] ytcrawl: [SUBS][WATCH] channel=UCb-AbqZutk9nTlJLZRcBinw text='구독자 46.2만명' -> 462000
2025-09-15 22:08:07,366 [DEBUG] ytcrawl: [CAP] 번역(a.en) 응답: 429, len=1103
2025-09-15 22:08:07,474 [DEBUG] ytcrawl: [HTTP] GET https://www.youtube.com/watch?v=zcx4vpZCgF0&hl=ko&gl=KR&persist_hl=1&persist_gl=1 -> 200, len=1023845
2025-09-15 22:08:07,500 [INFO] ytcrawl: [SUBS][WATCH] channel=UCKMOQaYYApxwA1Xj4KZHNOg text='구독자 1.92만명' -> 19200
2025-09-15 22:08:07,605 [INFO] ytcrawl: [CAP] 'a.ko' 발견 → 원문 사용
2025-09-15 22:08:07,798 [DEBUG] ytcrawl: [HTTP] GET https://www.youtube.com/watch?v=hxAxU5k9eQE&hl=ko&gl=KR&persist_hl=1&persist_gl=1 -> 200, len=1026436
2025-09-15 22:08:07,829 [INFO] ytcrawl: [SUBS][WATCH] channel=UCWc4x2Wf7MsVJD8Ap8jOzUw text='구독자 82.4만명' -> 824000
2025-09-15 22:08:07,829 [INFO] ytcrawl: [CAP] 파싱 성공: lines=26, text_len=496
2025-09-15 22:08:07,830 [DEBUG] ytcrawl: [CAP][PR] GET https://www.youtube.com/api/timedtext?v=fvG4B4BiMAc&ei=tQ_IaL7BGb_m29gP7bGbyAQ&caps=asr&opi=112496729&exp=xpe&xoaf=5&xowf=1&hl=en&ip=0.0.0.0&ipbits=0&expire=1757966885&sparams=ip,ipbits,expire,v,ei,caps,opi,exp,xoaf&signature=25A532455B1974312BEE995142629150B90CC7CE.51072F70D8928AF18928C85BB8D44B37A6A6E378&key=yt8&kind=asr&lang=en&fmt=srv3&tlang=ko -> 429, len=1103
2025-09-15 22:08:07,830 [INFO] ytcrawl: [CAP] XML 자막 미확보
2025-09-15 22:08:07,830 [INFO] ytcrawl: [VIDEO] 완료: id=1pwdmw7NS7I, views=29660, subs=462000, cap_len=496, form=쇼츠
2025-09-15 22:08:07,830 [INFO] ytcrawl: [VIDEO] 완료: id=fvG4B4BiMAc, views=7400060, subs=143000, cap_len=0, form=쇼츠
2025-09-15 22:08:07,831 [INFO] ytcrawl: [CAP] 'a.ko' 발견 → 원문 사용
2025-09-15 22:08:07,831 [INFO] ytcrawl: [VIDEO] 시작: id=-kSVO-koKPs url=https://www.youtube.com/watch?v=-kSVO-koKPs
2025-09-15 22:08:07,832 [INFO] ytcrawl: [VIDEO] 시작: id=XEsNOQrcv9I url=https://www.youtube.com/watch?v=XEsNOQrcv9I
2025-09-15 22:08:07,933 [INFO] ytcrawl: [CAP] 'a.ko' 발견 → 원문 사용
2025-09-15 22:08:08,050 [INFO] ytcrawl: [CAP] 'a.ko' 발견 → 원문 사용
2025-09-15 22:08:08,103 [DEBUG] ytcrawl: [HTTP] GET https://www.youtube.com/watch?v=NqKtYfqjmJU&hl=ko&gl=KR&persist_hl=1&persist_gl=1 -> 200, len=1022173
2025-09-15 22:08:08,104 [INFO] ytcrawl: [CAP] 파싱 성공: lines=62, text_len=1011
2025-09-15 22:08:08,129 [INFO] ytcrawl: [SUBS][WATCH] channel=UCWJsjxUR811xJA8DsQQqQkQ text='구독자 5.55천명' -> 5550
2025-09-15 22:08:08,129 [INFO] ytcrawl: [VIDEO] 완료: id=zcx4vpZCgF0, views=73969, subs=19200, cap_len=1011, form=쇼츠
2025-09-15 22:08:08,130 [INFO] ytcrawl: [VIDEO] 시작: id=t5pyyfPKRu4 url=https://www.youtube.com/watch?v=t5pyyfPKRu4
2025-09-15 22:08:08,183 [INFO] ytcrawl: [CAP] 파싱 성공: lines=23, text_len=433
2025-09-15 22:08:08,183 [INFO] ytcrawl: [VIDEO] 완료: id=2QOxibTvfI8, views=22940, subs=135000, cap_len=433, form=쇼츠
2025-09-15 22:08:08,184 [INFO] ytcrawl: [VIDEO] 시작: id=LjIZGx0wBjw url=https://www.youtube.com/watch?v=LjIZGx0wBjw
2025-09-15 22:08:08,260 [INFO] ytcrawl: [CAP] 파싱 성공: lines=6, text_len=69
2025-09-15 22:08:08,260 [INFO] ytcrawl: [VIDEO] 완료: id=hxAxU5k9eQE, views=5022866, subs=824000, cap_len=69, form=쇼츠
2025-09-15 22:08:08,260 [INFO] ytcrawl: [VIDEO] 시작: id=jF6UhCX-Cuo url=https://www.youtube.com/watch?v=jF6UhCX-Cuo
2025-09-15 22:08:08,394 [INFO] ytcrawl: [CAP] 'a.ko' 발견 → 원문 사용
2025-09-15 22:08:08,618 [INFO] ytcrawl: [CAP] 파싱 성공: lines=13, text_len=247
2025-09-15 22:08:08,618 [INFO] ytcrawl: [VIDEO] 완료: id=NqKtYfqjmJU, views=324373, subs=5550, cap_len=247, form=쇼츠
2025-09-15 22:08:08,618 [INFO] ytcrawl: [VIDEO] 시작: id=bbTZ7ndJoYs url=https://www.youtube.com/watch?v=bbTZ7ndJoYs
2025-09-15 22:08:08,690 [INFO] ytcrawl: [CAP] 'a.ko' 발견 → 원문 사용
2025-09-15 22:08:08,964 [INFO] ytcrawl: [CAP] 파싱 성공: lines=15, text_len=273
2025-09-15 22:08:08,964 [INFO] ytcrawl: [VIDEO] 완료: id=spDhIhspuuE, views=3052635, subs=1170000, cap_len=273, form=쇼츠
2025-09-15 22:08:08,965 [INFO] ytcrawl: [VIDEO] 시작: id=wGEzxjaUydw url=https://www.youtube.com/watch?v=wGEzxjaUydw
2025-09-15 22:08:09,348 [DEBUG] ytcrawl: [HTTP] GET https://www.youtube.com/watch?v=tE6vqusRuhc&hl=ko&gl=KR&persist_hl=1&persist_gl=1 -> 200, len=1046523
2025-09-15 22:08:09,376 [INFO] ytcrawl: [SUBS][WATCH] channel=UCNzn4cWu4ygeWTxXfP4ufug text='구독자 113만명' -> 1130000
2025-09-15 22:08:09,581 [INFO] ytcrawl: [CAP] 'a.ko' 발견 → 원문 사용
2025-09-15 22:08:10,238 [INFO] ytcrawl: [CAP] 파싱 성공: lines=15, text_len=213
2025-09-15 22:08:10,238 [INFO] ytcrawl: [VIDEO] 완료: id=tE6vqusRuhc, views=723194, subs=1130000, cap_len=213, form=쇼츠
2025-09-15 22:08:10,239 [INFO] ytcrawl: [VIDEO] 시작: id=rNYE4k_2uNI url=https://www.youtube.com/watch?v=rNYE4k_2uNI
2025-09-15 22:08:10,357 [INFO] ytcrawl: [CAP] 'a.ko' 발견 → 원문 사용
2025-09-15 22:08:10,522 [DEBUG] ytcrawl: [HTTP] GET https://www.youtube.com/watch?v=-kSVO-koKPs&hl=ko&gl=KR&persist_hl=1&persist_gl=1 -> 200, len=1012496
2025-09-15 22:08:10,548 [INFO] ytcrawl: [SUBS][WATCH] channel=UC19KdojvTDxL1lsOGLxFdZw text='구독자 3.23천명' -> 3230
2025-09-15 22:08:10,574 [INFO] ytcrawl: [CAP] 파싱 성공: lines=12, text_len=228
2025-09-15 22:08:10,574 [INFO] ytcrawl: [VIDEO] 완료: id=jF6UhCX-Cuo, views=1959579, subs=469000, cap_len=228, form=쇼츠
2025-09-15 22:08:10,574 [INFO] ytcrawl: [VIDEO] 시작: id=iRg9FUQsUTM url=https://www.youtube.com/watch?v=iRg9FUQsUTM
2025-09-15 22:08:10,609 [INFO] ytcrawl: [CAP] 'a.ko' 발견 → 원문 사용
2025-09-15 22:08:10,698 [INFO] ytcrawl: [CAP] 'a.ko' 발견 → 원문 사용
2025-09-15 22:08:10,774 [INFO] ytcrawl: [CAP] 'a.ko' 발견 → 원문 사용
2025-09-15 22:08:10,817 [INFO] ytcrawl: [CAP] 파싱 성공: lines=30, text_len=574
2025-09-15 22:08:10,817 [INFO] ytcrawl: [VIDEO] 완료: id=bbTZ7ndJoYs, views=2359092, subs=1170000, cap_len=574, form=쇼츠
2025-09-15 22:08:10,817 [INFO] ytcrawl: [VIDEO] 시작: id=h0IlhCvTGYM url=https://www.youtube.com/watch?v=h0IlhCvTGYM
2025-09-15 22:08:10,992 [INFO] ytcrawl: [CAP] 파싱 성공: lines=12, text_len=224
2025-09-15 22:08:10,992 [INFO] ytcrawl: [VIDEO] 완료: id=-kSVO-koKPs, views=2514727, subs=3230, cap_len=224, form=쇼츠
2025-09-15 22:08:10,992 [INFO] ytcrawl: [VIDEO] 시작: id=JRJtg4-sDYQ url=https://www.youtube.com/watch?v=JRJtg4-sDYQ
2025-09-15 22:08:11,009 [INFO] ytcrawl: [CAP] 파싱 성공: lines=12, text_len=204
2025-09-15 22:08:11,009 [INFO] ytcrawl: [CAP] 'a.ko' 발견 → 원문 사용
2025-09-15 22:08:11,009 [INFO] ytcrawl: [VIDEO] 완료: id=LjIZGx0wBjw, views=4068596, subs=1170000, cap_len=204, form=쇼츠
2025-09-15 22:08:11,010 [INFO] ytcrawl: [VIDEO] 시작: id=FkgRikEFa3o url=https://www.youtube.com/watch?v=FkgRikEFa3o
2025-09-15 22:08:11,067 [DEBUG] ytcrawl: [HTTP] GET https://www.youtube.com/watch?v=XEsNOQrcv9I&hl=ko&gl=KR&persist_hl=1&persist_gl=1 -> 200, len=1182541
2025-09-15 22:08:11,103 [INFO] ytcrawl: [SUBS][WATCH] channel=UCvgDqf0HGK58p3pRmCGOWRg text='구독자 28.6만명' -> 286000
2025-09-15 22:08:11,282 [INFO] ytcrawl: [CAP] 파싱 성공: lines=27, text_len=500
2025-09-15 22:08:11,282 [INFO] ytcrawl: [VIDEO] 완료: id=wGEzxjaUydw, views=126723, subs=102000, cap_len=500, form=쇼츠
2025-09-15 22:08:11,282 [INFO] ytcrawl: [VIDEO] 시작: id=oKBSNyDOknI url=https://www.youtube.com/watch?v=oKBSNyDOknI
2025-09-15 22:08:11,303 [INFO] ytcrawl: [CAP] 'a.ko' 발견 → 원문 사용
2025-09-15 22:08:11,518 [INFO] ytcrawl: [CAP] 파싱 성공: lines=19, text_len=377
2025-09-15 22:08:11,519 [INFO] ytcrawl: [VIDEO] 완료: id=XEsNOQrcv9I, views=1464928, subs=286000, cap_len=377, form=쇼츠
2025-09-15 22:08:11,519 [INFO] ytcrawl: [VIDEO] 시작: id=e2EZmEYtq98 url=https://www.youtube.com/watch?v=e2EZmEYtq98
2025-09-15 22:08:11,693 [DEBUG] ytcrawl: [HTTP] GET https://www.youtube.com/watch?v=t5pyyfPKRu4&hl=ko&gl=KR&persist_hl=1&persist_gl=1 -> 200, len=1050398
2025-09-15 22:08:11,722 [INFO] ytcrawl: [SUBS][WATCH] channel=UCOf4ytR1gLvcH5A8N0xf7SQ text='구독자 6.37천명' -> 6370
2025-09-15 22:08:11,918 [INFO] ytcrawl: [CAP] 'a.ko' 발견 → 원문 사용
2025-09-15 22:08:12,125 [INFO] ytcrawl: [CAP] 파싱 성공: lines=22, text_len=329
2025-09-15 22:08:12,125 [INFO] ytcrawl: [VIDEO] 완료: id=t5pyyfPKRu4, views=4736071, subs=6370, cap_len=329, form=쇼츠
2025-09-15 22:08:12,126 [INFO] ytcrawl: [VIDEO] 시작: id=SpfZLpw8K3E url=https://www.youtube.com/watch?v=SpfZLpw8K3E
2025-09-15 22:08:13,123 [INFO] ytcrawl: [CAP] 'a.ko' 발견 → 원문 사용
2025-09-15 22:08:13,261 [DEBUG] ytcrawl: [CAP] 번역(en) 응답: 429, len=1103
2025-09-15 22:08:13,299 [DEBUG] ytcrawl: [HTTP] GET https://www.youtube.com/watch?v=JRJtg4-sDYQ&hl=ko&gl=KR&persist_hl=1&persist_gl=1 -> 200, len=1031607
2025-09-15 22:08:13,326 [INFO] ytcrawl: [SUBS][WATCH] channel=UCLtKSD7xfWgnuiYYDApR3jQ text='구독자 8.41만명' -> 84100
2025-09-15 22:08:13,402 [INFO] ytcrawl: [CAP] 파싱 성공: lines=28, text_len=521
2025-09-15 22:08:13,402 [INFO] ytcrawl: [VIDEO] 완료: id=oKBSNyDOknI, views=1032450, subs=267000, cap_len=521, form=쇼츠
2025-09-15 22:08:13,402 [INFO] ytcrawl: [VIDEO] 시작: id=fkKLrZd-IQI url=https://www.youtube.com/watch?v=fkKLrZd-IQI
2025-09-15 22:08:13,548 [INFO] ytcrawl: [CAP] 'a.ko' 발견 → 원문 사용
2025-09-15 22:08:13,550 [DEBUG] ytcrawl: [CAP][PR] GET https://www.youtube.com/api/timedtext?v=h0IlhCvTGYM&ei=uw_IaJi6Jr-tvcAPiM2CqAM&caps=asr&opi=112496729&exp=xpe&xoaf=5&hl=en&ip=0.0.0.0&ipbits=0&expire=1757966891&sparams=ip,ipbits,expire,v,ei,caps,opi,exp,xoaf&signature=C7EE1F7E484D0375FE8248E1C506BCFB19210B49.DBEB06A8EA9968CBA512F40AE371603B2D8BD6A7&key=yt8&lang=en&fmt=srv3&tlang=ko -> 429, len=1103
2025-09-15 22:08:13,550 [INFO] ytcrawl: [CAP] XML 자막 미확보
2025-09-15 22:08:13,551 [INFO] ytcrawl: [VIDEO] 완료: id=h0IlhCvTGYM, views=1412457, subs=1240000, cap_len=0, form=롱폼
2025-09-15 22:08:13,551 [INFO] ytcrawl: [VIDEO] 시작: id=twnvr2slWNU url=https://www.youtube.com/watch?v=twnvr2slWNU
2025-09-15 22:08:13,839 [INFO] ytcrawl: [CAP] 파싱 성공: lines=6, text_len=108
2025-09-15 22:08:13,840 [INFO] ytcrawl: [VIDEO] 완료: id=JRJtg4-sDYQ, views=11592524, subs=84100, cap_len=108, form=쇼츠
2025-09-15 22:08:13,840 [INFO] ytcrawl: [VIDEO] 시작: id=wpqD-JmGLnQ url=https://www.youtube.com/watch?v=wpqD-JmGLnQ
2025-09-15 22:08:14,058 [DEBUG] ytcrawl: [HTTP] GET https://www.youtube.com/watch?v=iRg9FUQsUTM&hl=ko&gl=KR&persist_hl=1&persist_gl=1 -> 200, len=1016384
2025-09-15 22:08:14,084 [INFO] ytcrawl: [SUBS][WATCH] channel=UCx4x6SREEK5zLR2p1yOaI0A text='구독자 1.37천명' -> 1370
2025-09-15 22:08:14,167 [DEBUG] ytcrawl: [HTTP] GET https://www.youtube.com/watch?v=e2EZmEYtq98&hl=ko&gl=KR&persist_hl=1&persist_gl=1 -> 200, len=1036159
2025-09-15 22:08:14,197 [INFO] ytcrawl: [SUBS][WATCH] channel=UCK9PdJPUyAQy3iQIb7CnnEA text='구독자 47.7만명' -> 477000
2025-09-15 22:08:14,307 [INFO] ytcrawl: [CAP] 'a.ko' 발견 → 원문 사용
2025-09-15 22:08:14,463 [INFO] ytcrawl: [CAP] 'a.ko' 발견 → 원문 사용
2025-09-15 22:08:14,528 [INFO] ytcrawl: [CAP] 파싱 성공: lines=30, text_len=580
2025-09-15 22:08:14,528 [INFO] ytcrawl: [VIDEO] 완료: id=iRg9FUQsUTM, views=57865, subs=1370, cap_len=580, form=쇼츠
2025-09-15 22:08:14,528 [INFO] ytcrawl: [VIDEO] 시작: id=yXY6WyetXq8 url=https://www.youtube.com/watch?v=yXY6WyetXq8
2025-09-15 22:08:14,549 [DEBUG] ytcrawl: [HTTP] GET https://www.youtube.com/watch?v=rNYE4k_2uNI&hl=ko&gl=KR&persist_hl=1&persist_gl=1 -> 200, len=1023842
2025-09-15 22:08:14,576 [INFO] ytcrawl: [SUBS][WATCH] channel=UC1tW6t4UZJNzU-YN3hLlD9w text='구독자 12.8만명' -> 128000
2025-09-15 22:08:14,722 [INFO] ytcrawl: [CAP] 파싱 성공: lines=25, text_len=413
2025-09-15 22:08:14,722 [INFO] ytcrawl: [VIDEO] 완료: id=e2EZmEYtq98, views=1492307, subs=477000, cap_len=413, form=쇼츠
2025-09-15 22:08:14,723 [INFO] ytcrawl: [VIDEO] 시작: id=8MThQ3PN5kY url=https://www.youtube.com/watch?v=8MThQ3PN5kY
2025-09-15 22:08:14,817 [DEBUG] ytcrawl: [HTTP] GET https://www.youtube.com/watch?v=FkgRikEFa3o&hl=ko&gl=KR&persist_hl=1&persist_gl=1 -> 200, len=1017775
2025-09-15 22:08:14,843 [INFO] ytcrawl: [SUBS][WATCH] channel=UC4z3UbTpBrsi6qbyh5kLBIQ text='구독자 1.26천명' -> 1260
2025-09-15 22:08:14,857 [DEBUG] ytcrawl: [CAP][PR] GET https://www.youtube.com/api/timedtext?v=rNYE4k_2uNI&ei=uw_IaOvnGYPZ29gPwcbowAQ&caps=asr&opi=112496729&exp=xpe&xoaf=5&hl=en&ip=0.0.0.0&ipbits=0&expire=1757966891&sparams=ip,ipbits,expire,v,ei,caps,opi,exp,xoaf&signature=7112A1217EEDE173AE6EAD86A48B59488FBC31CD.D7E5F40507B64D6AB594F8BFB6C8C1921A35F18D&key=yt8&kind=asr&lang=th&fmt=srv3&tlang=ko -> 429, len=1103
2025-09-15 22:08:14,858 [INFO] ytcrawl: [CAP] XML 자막 미확보
2025-09-15 22:08:14,859 [INFO] ytcrawl: [VIDEO] 완료: id=rNYE4k_2uNI, views=2606370, subs=128000, cap_len=0, form=쇼츠
2025-09-15 22:08:14,859 [INFO] ytcrawl: [VIDEO] 시작: id=eqJOahv3Xyk url=https://www.youtube.com/watch?v=eqJOahv3Xyk
2025-09-15 22:08:14,879 [DEBUG] ytcrawl: [HTTP] GET https://www.youtube.com/watch?v=SpfZLpw8K3E&hl=ko&gl=KR&persist_hl=1&persist_gl=1 -> 200, len=1028874
2025-09-15 22:08:14,906 [INFO] ytcrawl: [SUBS][WATCH] channel=UCk2nFfFo5D2Yzxtj_5Jbc9A text='구독자 180명' -> 180
2025-09-15 22:08:15,094 [INFO] ytcrawl: [CAP] 'a.ko' 발견 → 원문 사용
2025-09-15 22:08:15,131 [INFO] ytcrawl: [CAP] 'a.ko' 발견 → 원문 사용
2025-09-15 22:08:15,342 [INFO] ytcrawl: [CAP] 파싱 성공: lines=19, text_len=361
2025-09-15 22:08:15,342 [INFO] ytcrawl: [VIDEO] 완료: id=SpfZLpw8K3E, views=3131, subs=180, cap_len=361, form=쇼츠
2025-09-15 22:08:15,342 [INFO] ytcrawl: [VIDEO] 시작: id=hz7uMn9m_eQ url=https://www.youtube.com/watch?v=hz7uMn9m_eQ
2025-09-15 22:08:15,364 [INFO] ytcrawl: [CAP] 파싱 성공: lines=17, text_len=318
2025-09-15 22:08:15,364 [INFO] ytcrawl: [VIDEO] 완료: id=FkgRikEFa3o, views=36105, subs=1260, cap_len=318, form=쇼츠
2025-09-15 22:08:15,364 [INFO] ytcrawl: [VIDEO] 시작: id=7Wdd_Tc99Fg url=https://www.youtube.com/watch?v=7Wdd_Tc99Fg
2025-09-15 22:08:16,443 [DEBUG] ytcrawl: [HTTP] GET https://www.youtube.com/watch?v=twnvr2slWNU&hl=ko&gl=KR&persist_hl=1&persist_gl=1 -> 200, len=1053275
2025-09-15 22:08:16,470 [INFO] ytcrawl: [SUBS][WATCH] channel=UCrMcLCFW9en-qEQayUrs0Bw text='구독자 4.32만명' -> 43200
2025-09-15 22:08:16,499 [INFO] ytcrawl: [CAP] 'a.ko' 발견 → 원문 사용
2025-09-15 22:08:16,670 [INFO] ytcrawl: [CAP] 'a.ko' 발견 → 원문 사용
2025-09-15 22:08:16,703 [INFO] ytcrawl: [CAP] 파싱 성공: lines=24, text_len=471
2025-09-15 22:08:16,703 [INFO] ytcrawl: [VIDEO] 완료: id=8MThQ3PN5kY, views=3855089, subs=1170000, cap_len=471, form=쇼츠
2025-09-15 22:08:16,703 [INFO] ytcrawl: [VIDEO] 시작: id=52j5dsnEa0g url=https://www.youtube.com/watch?v=52j5dsnEa0g
2025-09-15 22:08:16,758 [DEBUG] ytcrawl: [HTTP] GET https://www.youtube.com/watch?v=fkKLrZd-IQI&hl=ko&gl=KR&persist_hl=1&persist_gl=1 -> 200, len=1442762
2025-09-15 22:08:16,789 [INFO] ytcrawl: [SUBS][WATCH] channel=UCDATvKmotWRx5B3dAGSW6Ng text='구독자 1.56만명' -> 15600
2025-09-15 22:08:16,794 [DEBUG] ytcrawl: [HTTP] GET https://www.youtube.com/watch?v=wpqD-JmGLnQ&hl=ko&gl=KR&persist_hl=1&persist_gl=1 -> 200, len=1493722
2025-09-15 22:08:16,823 [INFO] ytcrawl: [SUBS][WATCH] channel=UC6D-5MYkjR6CVqIPYjMlfzA text='구독자 7.44천명' -> 7440
2025-09-15 22:08:16,900 [INFO] ytcrawl: [CAP] 파싱 성공: lines=7, text_len=124
2025-09-15 22:08:16,900 [INFO] ytcrawl: [VIDEO] 완료: id=twnvr2slWNU, views=1439200, subs=43200, cap_len=124, form=쇼츠
2025-09-15 22:08:16,900 [INFO] ytcrawl: [VIDEO] 시작: id=2mV_Vw12wl8 url=https://www.youtube.com/watch?v=2mV_Vw12wl8
2025-09-15 22:08:16,919 [DEBUG] ytcrawl: [HTTP] GET https://www.youtube.com/watch?v=yXY6WyetXq8&hl=ko&gl=KR&persist_hl=1&persist_gl=1 -> 200, len=1035124
2025-09-15 22:08:16,946 [INFO] ytcrawl: [SUBS][WATCH] channel=UCZuFnqJ-k_3MRmItazsEIFg text='구독자 4.94만명' -> 49400
2025-09-15 22:08:16,982 [INFO] ytcrawl: [CAP] 'a.ko' 발견 → 원문 사용
2025-09-15 22:08:17,104 [INFO] ytcrawl: [CAP] 'a.ko' 발견 → 원문 사용
2025-09-15 22:08:17,104 [INFO] ytcrawl: [CAP] 'a.ko' 발견 → 원문 사용
2025-09-15 22:08:17,171 [INFO] ytcrawl: [CAP] 'a.ko' 발견 → 원문 사용
2025-09-15 22:08:17,256 [INFO] ytcrawl: [CAP] 파싱 성공: lines=9, text_len=112
2025-09-15 22:08:17,256 [INFO] ytcrawl: [VIDEO] 완료: id=eqJOahv3Xyk, views=7819486, subs=824000, cap_len=112, form=쇼츠
2025-09-15 22:08:17,256 [INFO] ytcrawl: [VIDEO] 시작: id=okQ5oVObfhk url=https://www.youtube.com/watch?v=okQ5oVObfhk
2025-09-15 22:08:17,374 [INFO] ytcrawl: [CAP] 파싱 성공: lines=204, text_len=3893
2025-09-15 22:08:17,374 [INFO] ytcrawl: [VIDEO] 완료: id=fkKLrZd-IQI, views=25420, subs=15600, cap_len=3893, form=롱폼
2025-09-15 22:08:17,375 [INFO] ytcrawl: [VIDEO] 시작: id=fK1CWltl1F4 url=https://www.youtube.com/watch?v=fK1CWltl1F4
2025-09-15 22:08:17,400 [INFO] ytcrawl: [CAP] 파싱 성공: lines=24, text_len=442
2025-09-15 22:08:17,400 [INFO] ytcrawl: [VIDEO] 완료: id=yXY6WyetXq8, views=38157, subs=49400, cap_len=442, form=쇼츠
2025-09-15 22:08:17,400 [INFO] ytcrawl: [VIDEO] 시작: id=18z1GkY5Dmc url=https://www.youtube.com/watch?v=18z1GkY5Dmc
2025-09-15 22:08:17,423 [INFO] ytcrawl: [CAP] 파싱 성공: lines=271, text_len=5190
2025-09-15 22:08:17,424 [INFO] ytcrawl: [VIDEO] 완료: id=wpqD-JmGLnQ, views=217237, subs=7440, cap_len=5190, form=롱폼
2025-09-15 22:08:17,424 [INFO] ytcrawl: [VIDEO] 시작: id=UjiRr_GSCb0 url=https://www.youtube.com/watch?v=UjiRr_GSCb0
2025-09-15 22:08:18,256 [DEBUG] ytcrawl: [HTTP] GET https://www.youtube.com/watch?v=7Wdd_Tc99Fg&hl=ko&gl=KR&persist_hl=1&persist_gl=1 -> 200, len=1064145
2025-09-15 22:08:18,284 [INFO] ytcrawl: [SUBS][WATCH] channel=UCgY7PwYABVXoOWk8K_zODGQ text='구독자 83.3만명' -> 833000
2025-09-15 22:08:18,289 [DEBUG] ytcrawl: [HTTP] GET https://www.youtube.com/watch?v=hz7uMn9m_eQ&hl=ko&gl=KR&persist_hl=1&persist_gl=1 -> 200, len=1047218
2025-09-15 22:08:18,317 [INFO] ytcrawl: [SUBS][WATCH] channel=UCJPZt3WuPFHU6xe7l1qoq5g text='구독자 621만명' -> 6210000
2025-09-15 22:08:18,318 [INFO] ytcrawl: [CAP] XML 자막 미확보
2025-09-15 22:08:18,318 [INFO] ytcrawl: [VIDEO] 완료: id=hz7uMn9m_eQ, views=240159292, subs=6210000, cap_len=0, form=쇼츠
2025-09-15 22:08:18,318 [INFO] ytcrawl: [VIDEO] 시작: id=awCbmQCdbJ4 url=https://www.youtube.com/watch?v=awCbmQCdbJ4
2025-09-15 22:08:18,570 [INFO] ytcrawl: [CAP] 'a.ko' 발견 → 원문 사용
2025-09-15 22:08:18,834 [INFO] ytcrawl: [CAP] 파싱 성공: lines=6, text_len=68
2025-09-15 22:08:18,835 [INFO] ytcrawl: [VIDEO] 완료: id=7Wdd_Tc99Fg, views=2407459, subs=833000, cap_len=68, form=쇼츠
2025-09-15 22:08:18,835 [INFO] ytcrawl: [VIDEO] 시작: id=V974VRwIVYo url=https://www.youtube.com/watch?v=V974VRwIVYo
2025-09-15 22:08:18,879 [INFO] ytcrawl: [CAP] 'a.ko' 발견 → 원문 사용
2025-09-15 22:08:19,099 [INFO] ytcrawl: [CAP] 파싱 성공: lines=16, text_len=295
2025-09-15 22:08:19,101 [INFO] ytcrawl: [VIDEO] 완료: id=52j5dsnEa0g, views=11933853, subs=1920000, cap_len=295, form=쇼츠
2025-09-15 22:08:19,101 [INFO] ytcrawl: [VIDEO] 시작: id=GOc1KyxpDBg url=https://www.youtube.com/watch?v=GOc1KyxpDBg
2025-09-15 22:08:19,476 [INFO] ytcrawl: [CAP] 'a.ko' 발견 → 원문 사용
2025-09-15 22:08:19,645 [DEBUG] ytcrawl: [HTTP] GET https://www.youtube.com/watch?v=2mV_Vw12wl8&hl=ko&gl=KR&persist_hl=1&persist_gl=1 -> 200, len=1032038
2025-09-15 22:08:19,675 [INFO] ytcrawl: [SUBS][WATCH] channel=UCPqP8-18_tTGky0v990D0VQ text='구독자 4.79만명' -> 47900
2025-09-15 22:08:19,705 [INFO] ytcrawl: [CAP] 파싱 성공: lines=7, text_len=132
2025-09-15 22:08:19,705 [INFO] ytcrawl: [VIDEO] 완료: id=18z1GkY5Dmc, views=5855759, subs=84100, cap_len=132, form=쇼츠
2025-09-15 22:08:19,705 [INFO] ytcrawl: [VIDEO] 시작: id=UvKFunrc8ms url=https://www.youtube.com/watch?v=UvKFunrc8ms
2025-09-15 22:08:19,888 [INFO] ytcrawl: [CAP] 'a.ko' 발견 → 원문 사용
2025-09-15 22:08:20,098 [INFO] ytcrawl: [CAP] 파싱 성공: lines=20, text_len=346
2025-09-15 22:08:20,098 [INFO] ytcrawl: [VIDEO] 완료: id=2mV_Vw12wl8, views=51015, subs=47900, cap_len=346, form=쇼츠
2025-09-15 22:08:20,098 [INFO] ytcrawl: [VIDEO] 시작: id=SDo_5rUn0iQ url=https://www.youtube.com/watch?v=SDo_5rUn0iQ
2025-09-15 22:08:20,197 [DEBUG] ytcrawl: [HTTP] GET https://www.youtube.com/watch?v=fK1CWltl1F4&hl=ko&gl=KR&persist_hl=1&persist_gl=1 -> 200, len=1016081
2025-09-15 22:08:20,224 [INFO] ytcrawl: [SUBS][WATCH] channel=UCiDylH2p5d9mTZ5xr4n9Ivg text='구독자 111명' -> 111
2025-09-15 22:08:20,492 [INFO] ytcrawl: [CAP] 'a.ko' 발견 → 원문 사용
2025-09-15 22:08:20,710 [INFO] ytcrawl: [CAP] 파싱 성공: lines=16, text_len=315
2025-09-15 22:08:20,710 [INFO] ytcrawl: [VIDEO] 완료: id=fK1CWltl1F4, views=4076, subs=111, cap_len=315, form=쇼츠
2025-09-15 22:08:20,710 [INFO] ytcrawl: [VIDEO] 시작: id=DoUOngre_Xc url=https://www.youtube.com/watch?v=DoUOngre_Xc
2025-09-15 22:08:20,745 [DEBUG] ytcrawl: [HTTP] GET https://www.youtube.com/watch?v=UjiRr_GSCb0&hl=ko&gl=KR&persist_hl=1&persist_gl=1 -> 200, len=1133396
2025-09-15 22:08:20,780 [INFO] ytcrawl: [SUBS][WATCH] channel=UC8TCA15kPzNw9ppRaVZ937w text='구독자 1270만명' -> 12700000
2025-09-15 22:08:20,901 [INFO] ytcrawl: [CAP] 'a.ko' 발견 → 원문 사용
2025-09-15 22:08:20,950 [INFO] ytcrawl: [CAP] 'a.ko' 발견 → 원문 사용
2025-09-15 22:08:21,022 [INFO] ytcrawl: [CAP] 'a.ko' 발견 → 원문 사용
2025-09-15 22:08:21,095 [DEBUG] ytcrawl: [HTTP] GET https://www.youtube.com/watch?v=awCbmQCdbJ4&hl=ko&gl=KR&persist_hl=1&persist_gl=1 -> 200, len=1031725
2025-09-15 22:08:21,124 [INFO] ytcrawl: [SUBS][WATCH] channel=UCuKlbJzCBiFz3Psx2tgRzVA text='구독자 1.59만명' -> 15900
2025-09-15 22:08:21,148 [DEBUG] ytcrawl: [CAP][PR] GET https://www.youtube.com/api/timedtext?v=UjiRr_GSCb0&ei=wg_IaJmKEOOX1d8P75Wd4AQ&caps=asr&opi=112496729&exp=xpe&xoaf=5&hl=en&ip=0.0.0.0&ipbits=0&expire=1757966898&sparams=ip,ipbits,expire,v,ei,caps,opi,exp,xoaf&signature=31594D6046DE03F45CEC34EA168A277D77B34BBD.F07B65DE5E84CC5421B67EB0FA172627DF35A636&key=yt8&kind=asr&lang=ru&fmt=srv3&tlang=ko -> 429, len=1103
2025-09-15 22:08:21,148 [INFO] ytcrawl: [CAP] XML 자막 미확보
2025-09-15 22:08:21,148 [INFO] ytcrawl: [VIDEO] 완료: id=UjiRr_GSCb0, views=15867253, subs=12700000, cap_len=0, form=쇼츠
2025-09-15 22:08:21,148 [INFO] ytcrawl: [VIDEO] 시작: id=kLqLCPo5zpQ url=https://www.youtube.com/watch?v=kLqLCPo5zpQ
2025-09-15 22:08:21,165 [INFO] ytcrawl: [CAP] 파싱 성공: lines=25, text_len=465
2025-09-15 22:08:21,165 [INFO] ytcrawl: [VIDEO] 완료: id=V974VRwIVYo, views=31617, subs=102000, cap_len=465, form=쇼츠
2025-09-15 22:08:21,166 [INFO] ytcrawl: [VIDEO] 시작: id=ZJJ8Whp9b88 url=https://www.youtube.com/watch?v=ZJJ8Whp9b88
2025-09-15 22:08:21,193 [INFO] ytcrawl: [CAP] 파싱 성공: lines=14, text_len=251
2025-09-15 22:08:21,193 [INFO] ytcrawl: [VIDEO] 완료: id=okQ5oVObfhk, views=1220077, subs=1170000, cap_len=251, form=쇼츠
2025-09-15 22:08:21,194 [INFO] ytcrawl: [VIDEO] 시작: id=Zuz9ICVQ77A url=https://www.youtube.com/watch?v=Zuz9ICVQ77A
2025-09-15 22:08:21,229 [INFO] ytcrawl: [CAP] 파싱 성공: lines=27, text_len=504
2025-09-15 22:08:21,229 [INFO] ytcrawl: [VIDEO] 완료: id=GOc1KyxpDBg, views=89052, subs=135000, cap_len=504, form=쇼츠
2025-09-15 22:08:21,229 [INFO] ytcrawl: [VIDEO] 시작: id=ngpA6mhlQrw url=https://www.youtube.com/watch?v=ngpA6mhlQrw
2025-09-15 22:08:21,388 [INFO] ytcrawl: [CAP] 'a.ko' 발견 → 원문 사용
2025-09-15 22:08:21,658 [INFO] ytcrawl: [CAP] 파싱 성공: lines=3, text_len=34
2025-09-15 22:08:21,658 [INFO] ytcrawl: [VIDEO] 완료: id=awCbmQCdbJ4, views=521286, subs=15900, cap_len=34, form=쇼츠
2025-09-15 22:08:21,658 [INFO] ytcrawl: [VIDEO] 시작: id=9o2l4fam7cE url=https://www.youtube.com/watch?v=9o2l4fam7cE
2025-09-15 22:08:22,560 [INFO] ytcrawl: [CAP] 'a.ko' 발견 → 원문 사용
2025-09-15 22:08:22,807 [INFO] ytcrawl: [CAP] 파싱 성공: lines=27, text_len=509
2025-09-15 22:08:22,807 [INFO] ytcrawl: [VIDEO] 완료: id=UvKFunrc8ms, views=141735, subs=102000, cap_len=509, form=쇼츠
2025-09-15 22:08:22,808 [INFO] ytcrawl: [VIDEO] 시작: id=KhAhU5phDUU url=https://www.youtube.com/watch?v=KhAhU5phDUU
2025-09-15 22:08:23,262 [DEBUG] ytcrawl: [HTTP] GET https://www.youtube.com/watch?v=DoUOngre_Xc&hl=ko&gl=KR&persist_hl=1&persist_gl=1 -> 200, len=1057859
2025-09-15 22:08:23,291 [INFO] ytcrawl: [SUBS][WATCH] channel=UC3wA0h62pmP7wxSGRNMQTvQ text='구독자 71.7만명' -> 717000
2025-09-15 22:08:23,295 [DEBUG] ytcrawl: [HTTP] GET https://www.youtube.com/watch?v=SDo_5rUn0iQ&hl=ko&gl=KR&persist_hl=1&persist_gl=1 -> 200, len=1026092
2025-09-15 22:08:23,319 [INFO] ytcrawl: [SUBS][WATCH] channel=UCfAW2YkTFeVLdnXnzy8MHWg text='구독자 7.34천명' -> 7340
2025-09-15 22:08:23,535 [INFO] ytcrawl: [CAP] 'a.ko' 발견 → 원문 사용
2025-09-15 22:08:23,550 [INFO] ytcrawl: [CAP] 'a.ko' 발견 → 원문 사용
2025-09-15 22:08:23,734 [INFO] ytcrawl: [CAP] 파싱 성공: lines=16, text_len=285
2025-09-15 22:08:23,734 [INFO] ytcrawl: [VIDEO] 완료: id=SDo_5rUn0iQ, views=134231, subs=7340, cap_len=285, form=쇼츠
2025-09-15 22:08:23,735 [INFO] ytcrawl: [VIDEO] 시작: id=fzYrzsdABOM url=https://www.youtube.com/watch?v=fzYrzsdABOM
2025-09-15 22:08:23,834 [DEBUG] ytcrawl: [HTTP] GET https://www.youtube.com/watch?v=kLqLCPo5zpQ&hl=ko&gl=KR&persist_hl=1&persist_gl=1 -> 200, len=1078182
2025-09-15 22:08:23,864 [INFO] ytcrawl: [SUBS][WATCH] channel=UC6AClN1yUYmZxQxV4c3TXDw text='구독자 311만명' -> 3110000
2025-09-15 22:08:23,864 [INFO] ytcrawl: [CAP] 파싱 성공: lines=3, text_len=31
2025-09-15 22:08:23,864 [INFO] ytcrawl: [VIDEO] 완료: id=DoUOngre_Xc, views=477824, subs=717000, cap_len=31, form=쇼츠
2025-09-15 22:08:23,865 [INFO] ytcrawl: [VIDEO] 시작: id=3_OfEf0ddtg url=https://www.youtube.com/watch?v=3_OfEf0ddtg
2025-09-15 22:08:24,124 [DEBUG] ytcrawl: [HTTP] GET https://www.youtube.com/watch?v=ZJJ8Whp9b88&hl=ko&gl=KR&persist_hl=1&persist_gl=1 -> 200, len=1033220
2025-09-15 22:08:24,153 [INFO] ytcrawl: [SUBS][WATCH] channel=UCd8XQncieEMTIkMUqPT1Blw text='구독자 2.94천명' -> 2940
2025-09-15 22:08:24,294 [DEBUG] ytcrawl: [HTTP] GET https://www.youtube.com/watch?v=9o2l4fam7cE&hl=ko&gl=KR&persist_hl=1&persist_gl=1 -> 200, len=1010148
2025-09-15 22:08:24,318 [INFO] ytcrawl: [SUBS][WATCH] channel=UCGXJH3_hRIYf12vpwcslAIg text='구독자 1.1만명' -> 11000
2025-09-15 22:08:24,319 [DEBUG] ytcrawl: [CAP] 번역(a.en) 응답: 429, len=1103
2025-09-15 22:08:24,412 [DEBUG] ytcrawl: [CAP] 번역(a.en) 응답: 429, len=1103
2025-09-15 22:08:24,495 [DEBUG] ytcrawl: [HTTP] GET https://www.youtube.com/watch?v=ngpA6mhlQrw&hl=ko&gl=KR&persist_hl=1&persist_gl=1 -> 200, len=1060329
2025-09-15 22:08:24,526 [INFO] ytcrawl: [SUBS][WATCH] channel=UCWFEcizWKu7yHZKQsMpHC9Q text='구독자 14.5만명' -> 145000
2025-09-15 22:08:24,526 [INFO] ytcrawl: [CAP] XML 자막 미확보
2025-09-15 22:08:24,526 [INFO] ytcrawl: [VIDEO] 완료: id=ngpA6mhlQrw, views=20413, subs=145000, cap_len=0, form=쇼츠
2025-09-15 22:08:24,527 [INFO] ytcrawl: [VIDEO] 시작: id=OUjqGqaFG5E url=https://www.youtube.com/watch?v=OUjqGqaFG5E
2025-09-15 22:08:24,547 [DEBUG] ytcrawl: [HTTP] GET https://www.youtube.com/watch?v=Zuz9ICVQ77A&hl=ko&gl=KR&persist_hl=1&persist_gl=1 -> 200, len=1014158
2025-09-15 22:08:24,573 [INFO] ytcrawl: [SUBS][WATCH] channel=UCwioYP9-blOK1z2PyiB72rA text='구독자 1.13천명' -> 1130
2025-09-15 22:08:24,611 [INFO] ytcrawl: [CAP] 'a.ko' 발견 → 원문 사용
2025-09-15 22:08:24,734 [DEBUG] ytcrawl: [CAP][PR] GET https://www.youtube.com/api/timedtext?v=ZJJ8Whp9b88&ei=xg_IaMm_G9eH29gP1J_hoQc&caps=asr&opi=112496729&exp=xpe&xoaf=5&hl=en&ip=0.0.0.0&ipbits=0&expire=1757966902&sparams=ip,ipbits,expire,v,ei,caps,opi,exp,xoaf&signature=6184D6B6AE5F1356CA5EFBB19BFA61C39F8C9C0D.56E02233F37E6A2809D8BCF73F15497DA6ECAF1D&key=yt8&kind=asr&lang=en&fmt=srv3&tlang=ko -> 429, len=1103
2025-09-15 22:08:24,734 [INFO] ytcrawl: [CAP] XML 자막 미확보
2025-09-15 22:08:24,734 [INFO] ytcrawl: [VIDEO] 완료: id=ZJJ8Whp9b88, views=5745, subs=2940, cap_len=0, form=쇼츠
2025-09-15 22:08:24,734 [INFO] ytcrawl: [VIDEO] 시작: id=OXMeS6cGjnY url=https://www.youtube.com/watch?v=OXMeS6cGjnY
2025-09-15 22:08:24,795 [DEBUG] ytcrawl: [CAP][PR] GET https://www.youtube.com/api/timedtext?v=kLqLCPo5zpQ&ei=xQ_IaOnvOJCN29gP77LV2QM&caps=asr&opi=112496729&exp=xpe&xoaf=5&xowf=1&hl=en&ip=0.0.0.0&ipbits=0&expire=1757966901&sparams=ip,ipbits,expire,v,ei,caps,opi,exp,xoaf&signature=D0FBA0E93A6B2148848D9F48D887BF6C601762CA.0AA9317D68ADC618C5945CC11DD27BF01AC2A606&key=yt8&kind=asr&lang=en&fmt=srv3&tlang=ko -> 429, len=1103
2025-09-15 22:08:24,795 [INFO] ytcrawl: [CAP] XML 자막 미확보
2025-09-15 22:08:24,795 [INFO] ytcrawl: [VIDEO] 완료: id=kLqLCPo5zpQ, views=4782548, subs=3110000, cap_len=0, form=쇼츠
2025-09-15 22:08:24,795 [INFO] ytcrawl: [VIDEO] 시작: id=iBUl06QbXrY url=https://www.youtube.com/watch?v=iBUl06QbXrY
2025-09-15 22:08:24,822 [INFO] ytcrawl: [CAP] 'a.ko' 발견 → 원문 사용
2025-09-15 22:08:24,875 [INFO] ytcrawl: [CAP] 파싱 성공: lines=25, text_len=480
2025-09-15 22:08:24,875 [INFO] ytcrawl: [VIDEO] 완료: id=9o2l4fam7cE, views=52750, subs=11000, cap_len=480, form=쇼츠
2025-09-15 22:08:24,875 [INFO] ytcrawl: [VIDEO] 시작: id=CKgZdcBKetg url=https://www.youtube.com/watch?v=CKgZdcBKetg
2025-09-15 22:08:25,041 [INFO] ytcrawl: [CAP] 파싱 성공: lines=20, text_len=317
2025-09-15 22:08:25,042 [INFO] ytcrawl: [VIDEO] 완료: id=Zuz9ICVQ77A, views=24402, subs=1130, cap_len=317, form=쇼츠
2025-09-15 22:08:25,042 [INFO] ytcrawl: [VIDEO] 시작: id=16gx-rLItMg url=https://www.youtube.com/watch?v=16gx-rLItMg
2025-09-15 22:08:25,435 [DEBUG] ytcrawl: [HTTP] GET https://www.youtube.com/watch?v=KhAhU5phDUU&hl=ko&gl=KR&persist_hl=1&persist_gl=1 -> 200, len=1021063
2025-09-15 22:08:25,473 [INFO] ytcrawl: [SUBS][WATCH] channel=UCWhyk-su_abQbZ4zv5OrbsA text='구독자 1.17만명' -> 11700
2025-09-15 22:08:25,677 [INFO] ytcrawl: [CAP] 'a.ko' 발견 → 원문 사용
2025-09-15 22:08:25,898 [INFO] ytcrawl: [CAP] 파싱 성공: lines=25, text_len=475
2025-09-15 22:08:25,898 [INFO] ytcrawl: [VIDEO] 완료: id=KhAhU5phDUU, views=20485, subs=11700, cap_len=475, form=쇼츠
2025-09-15 22:08:25,898 [INFO] ytcrawl: [VIDEO] 시작: id=ofRbNDo-dY4 url=https://www.youtube.com/watch?v=ofRbNDo-dY4
2025-09-15 22:08:26,742 [INFO] ytcrawl: [CAP] 'a.ko' 발견 → 원문 사용
2025-09-15 22:08:26,862 [DEBUG] ytcrawl: [HTTP] GET https://www.youtube.com/watch?v=3_OfEf0ddtg&hl=ko&gl=KR&persist_hl=1&persist_gl=1 -> 200, len=1026730
2025-09-15 22:08:26,890 [INFO] ytcrawl: [SUBS][WATCH] channel=UCpHLacYq0oJbahBjTKJY-7w text='구독자 4.51천명' -> 4510
2025-09-15 22:08:27,054 [INFO] ytcrawl: [CAP] 파싱 성공: lines=23, text_len=432
2025-09-15 22:08:27,054 [INFO] ytcrawl: [VIDEO] 완료: id=16gx-rLItMg, views=35850, subs=102000, cap_len=432, form=쇼츠
2025-09-15 22:08:27,054 [INFO] ytcrawl: [VIDEO] 시작: id=vKBCrBhc2rw url=https://www.youtube.com/watch?v=vKBCrBhc2rw
2025-09-15 22:08:27,226 [DEBUG] ytcrawl: [HTTP] GET https://www.youtube.com/watch?v=OUjqGqaFG5E&hl=ko&gl=KR&persist_hl=1&persist_gl=1 -> 200, len=1402711
2025-09-15 22:08:27,252 [INFO] ytcrawl: [SUBS][WATCH] channel=UCIa5s4F01WnJaAcc3W3Ud7Q text='구독자 2.09만명' -> 20900
2025-09-15 22:08:27,485 [DEBUG] ytcrawl: [HTTP] GET https://www.youtube.com/watch?v=CKgZdcBKetg&hl=ko&gl=KR&persist_hl=1&persist_gl=1 -> 200, len=1014742
2025-09-15 22:08:27,512 [INFO] ytcrawl: [SUBS][WATCH] channel=UCbyc5VGOxG6onEGIa4qOLBQ text='구독자 2.66만명' -> 26600
2025-09-15 22:08:27,816 [DEBUG] ytcrawl: [HTTP] GET https://www.youtube.com/watch?v=OXMeS6cGjnY&hl=ko&gl=KR&persist_hl=1&persist_gl=1 -> 200, len=1036385
2025-09-15 22:08:27,846 [INFO] ytcrawl: [SUBS][WATCH] channel=UCTQBd5m-JwBogz6PWkt4Qlg text='구독자 14.8만명' -> 148000
2025-09-15 22:08:27,847 [INFO] ytcrawl: [CAP] 'a.ko' 발견 → 원문 사용
2025-09-15 22:08:27,875 [DEBUG] ytcrawl: [HTTP] GET https://www.youtube.com/watch?v=fzYrzsdABOM&hl=ko&gl=KR&persist_hl=1&persist_gl=1 -> 200, len=1021542
2025-09-15 22:08:27,902 [INFO] ytcrawl: [SUBS][WATCH] channel=UCq41T1enIfx_52BuuesMLmg text='구독자 1.94만명' -> 19400
2025-09-15 22:08:27,943 [DEBUG] ytcrawl: [HTTP] GET https://www.youtube.com/watch?v=iBUl06QbXrY&hl=ko&gl=KR&persist_hl=1&persist_gl=1 -> 200, len=1022230
2025-09-15 22:08:27,974 [INFO] ytcrawl: [SUBS][WATCH] channel=UC98oPLGrhModgPnfsZ8rGxA text='구독자 2.82천명' -> 2820
2025-09-15 22:08:28,035 [INFO] ytcrawl: [CAP] 'a.ko' 발견 → 원문 사용
2025-09-15 22:08:28,064 [INFO] ytcrawl: [CAP] 파싱 성공: lines=20, text_len=385
2025-09-15 22:08:28,064 [INFO] ytcrawl: [VIDEO] 완료: id=CKgZdcBKetg, views=17141, subs=26600, cap_len=385, form=쇼츠
2025-09-15 22:08:28,064 [INFO] ytcrawl: [VIDEO] 시작: id=uz1GMLjoQeo url=https://www.youtube.com/watch?v=uz1GMLjoQeo
2025-09-15 22:08:28,104 [INFO] ytcrawl: [CAP] 'a.ko' 발견 → 원문 사용
2025-09-15 22:08:28,113 [INFO] ytcrawl: [CAP] 'a.ko' 발견 → 원문 사용
2025-09-15 22:08:28,244 [INFO] ytcrawl: [CAP] 파싱 성공: lines=18, text_len=345
2025-09-15 22:08:28,245 [INFO] ytcrawl: [VIDEO] 완료: id=3_OfEf0ddtg, views=276968, subs=4510, cap_len=345, form=쇼츠
2025-09-15 22:08:28,245 [INFO] ytcrawl: [VIDEO] 시작: id=dIHmPvmxYUE url=https://www.youtube.com/watch?v=dIHmPvmxYUE
2025-09-15 22:08:28,322 [INFO] ytcrawl: [CAP] 파싱 성공: lines=11, text_len=187
2025-09-15 22:08:28,323 [INFO] ytcrawl: [CAP] 파싱 성공: lines=10, text_len=176
2025-09-15 22:08:28,323 [INFO] ytcrawl: [VIDEO] 완료: id=fzYrzsdABOM, views=1607381, subs=19400, cap_len=187, form=쇼츠
2025-09-15 22:08:28,323 [INFO] ytcrawl: [VIDEO] 완료: id=OXMeS6cGjnY, views=2096890, subs=148000, cap_len=176, form=쇼츠
2025-09-15 22:08:28,323 [INFO] ytcrawl: [VIDEO] 시작: id=b89yXHiD6Ys url=https://www.youtube.com/watch?v=b89yXHiD6Ys
2025-09-15 22:08:28,323 [INFO] ytcrawl: [VIDEO] 시작: id=6dznY2-P6RI url=https://www.youtube.com/watch?v=6dznY2-P6RI
2025-09-15 22:08:28,392 [DEBUG] ytcrawl: [CAP] 번역(a.en) 응답: 429, len=1103
2025-09-15 22:08:28,805 [DEBUG] ytcrawl: [HTTP] GET https://www.youtube.com/watch?v=ofRbNDo-dY4&hl=ko&gl=KR&persist_hl=1&persist_gl=1 -> 200, len=1070447
2025-09-15 22:08:28,836 [INFO] ytcrawl: [SUBS][WATCH] channel=UCpPXYy0WNbwDZ0npS414sEQ text='구독자 439만명' -> 4390000
2025-09-15 22:08:28,837 [INFO] ytcrawl: [CAP] XML 자막 미확보
2025-09-15 22:08:28,837 [INFO] ytcrawl: [VIDEO] 완료: id=ofRbNDo-dY4, views=8418866, subs=4390000, cap_len=0, form=쇼츠
2025-09-15 22:08:28,837 [INFO] ytcrawl: [VIDEO] 시작: id=Y3GCQno5pfs url=https://www.youtube.com/watch?v=Y3GCQno5pfs
2025-09-15 22:08:28,858 [DEBUG] ytcrawl: [CAP][PR] GET https://www.youtube.com/api/timedtext?v=iBUl06QbXrY&ei=yQ_IaJjCJr6mvcAPm9GZkAQ&caps=asr&opi=112496729&exp=xpe&xoaf=5&hl=en&ip=0.0.0.0&ipbits=0&expire=1757966905&sparams=ip,ipbits,expire,v,ei,caps,opi,exp,xoaf&signature=7ED737CD0CCDD47254D549B3ABB604C003F83F59.82CF9EDA1B3D2F499F3FEE41E2551303C241E8EF&key=yt8&kind=asr&lang=en&fmt=srv3&tlang=ko -> 429, len=1103
2025-09-15 22:08:28,858 [INFO] ytcrawl: [CAP] XML 자막 미확보
2025-09-15 22:08:28,858 [INFO] ytcrawl: [VIDEO] 완료: id=iBUl06QbXrY, views=15469, subs=2820, cap_len=0, form=쇼츠
2025-09-15 22:08:28,858 [INFO] ytcrawl: [VIDEO] 시작: id=92Sw5pEVP-w url=https://www.youtube.com/watch?v=92Sw5pEVP-w
2025-09-15 22:08:30,025 [DEBUG] ytcrawl: [HTTP] GET https://www.youtube.com/watch?v=vKBCrBhc2rw&hl=ko&gl=KR&persist_hl=1&persist_gl=1 -> 200, len=1022438
2025-09-15 22:08:30,025 [INFO] ytcrawl: [CAP] 'a.ko' 발견 → 원문 사용
2025-09-15 22:08:30,056 [INFO] ytcrawl: [SUBS][WATCH] channel=UCZRqOOGURc5Vnt-hYFAXbWg text='구독자 35만명' -> 350000
2025-09-15 22:08:30,311 [INFO] ytcrawl: [CAP] 파싱 성공: lines=18, text_len=309
2025-09-15 22:08:30,311 [INFO] ytcrawl: [VIDEO] 완료: id=uz1GMLjoQeo, views=112134, subs=102000, cap_len=309, form=쇼츠
2025-09-15 22:08:30,311 [INFO] ytcrawl: [VIDEO] 시작: id=D9TwxBVDW0w url=https://www.youtube.com/watch?v=D9TwxBVDW0w
2025-09-15 22:08:30,313 [INFO] ytcrawl: [CAP] 'a.ko' 발견 → 원문 사용
2025-09-15 22:08:30,779 [DEBUG] ytcrawl: [HTTP] GET https://www.youtube.com/watch?v=dIHmPvmxYUE&hl=ko&gl=KR&persist_hl=1&persist_gl=1 -> 200, len=1016956
2025-09-15 22:08:30,818 [INFO] ytcrawl: [SUBS][WATCH] channel=UCF6ssnM6_XSjTcLN48uvmIQ text='구독자 1.42만명' -> 14200
2025-09-15 22:08:30,875 [DEBUG] ytcrawl: [HTTP] GET https://www.youtube.com/watch?v=6dznY2-P6RI&hl=ko&gl=KR&persist_hl=1&persist_gl=1 -> 200, len=1042505
2025-09-15 22:08:30,907 [INFO] ytcrawl: [SUBS][WATCH] channel=UCz4WD6AzYLQ5apRf7MOenFw text='구독자 18.3만명' -> 183000
2025-09-15 22:08:31,029 [INFO] ytcrawl: [CAP] 'a.ko' 발견 → 원문 사용
2025-09-15 22:08:31,168 [INFO] ytcrawl: [CAP] 'a.ko' 발견 → 원문 사용
2025-09-15 22:08:31,232 [INFO] ytcrawl: [CAP] 파싱 성공: lines=7, text_len=102
2025-09-15 22:08:31,233 [INFO] ytcrawl: [VIDEO] 완료: id=dIHmPvmxYUE, views=157178, subs=14200, cap_len=102, form=쇼츠
2025-09-15 22:08:31,233 [INFO] ytcrawl: [VIDEO] 시작: id=OsU-XFbipV0 url=https://www.youtube.com/watch?v=OsU-XFbipV0
2025-09-15 22:08:31,262 [INFO] ytcrawl: [CAP] 'a.ko' 발견 → 원문 사용
2025-09-15 22:08:31,396 [INFO] ytcrawl: [CAP] 파싱 성공: lines=23, text_len=412
2025-09-15 22:08:31,397 [INFO] ytcrawl: [VIDEO] 완료: id=6dznY2-P6RI, views=770179, subs=183000, cap_len=412, form=쇼츠
2025-09-15 22:08:31,397 [INFO] ytcrawl: [VIDEO] 시작: id=Iw8hgPHIuXQ url=https://www.youtube.com/watch?v=Iw8hgPHIuXQ
2025-09-15 22:08:31,519 [INFO] ytcrawl: [CAP] 파싱 성공: lines=85, text_len=1635
2025-09-15 22:08:31,519 [INFO] ytcrawl: [VIDEO] 완료: id=92Sw5pEVP-w, views=47245, subs=14200, cap_len=1635, form=롱폼
2025-09-15 22:08:31,519 [INFO] ytcrawl: [VIDEO] 시작: id=mCHZ6QUJ0m8 url=https://www.youtube.com/watch?v=mCHZ6QUJ0m8
2025-09-15 22:08:31,720 [DEBUG] ytcrawl: [HTTP] GET https://www.youtube.com/watch?v=Y3GCQno5pfs&hl=ko&gl=KR&persist_hl=1&persist_gl=1 -> 200, len=1061772
2025-09-15 22:08:31,750 [INFO] ytcrawl: [SUBS][WATCH] channel=UCx2ZBys_3OvOzotkzNQwNQw text='구독자 10만명' -> 100000
2025-09-15 22:08:31,874 [INFO] ytcrawl: [CAP] 파싱 성공: lines=24, text_len=458
2025-09-15 22:08:31,874 [INFO] ytcrawl: [VIDEO] 완료: id=vKBCrBhc2rw, views=14916, subs=350000, cap_len=458, form=쇼츠
2025-09-15 22:08:31,874 [INFO] ytcrawl: [VIDEO] 시작: id=ZigtinJ9j28 url=https://www.youtube.com/watch?v=ZigtinJ9j28
2025-09-15 22:08:32,004 [INFO] ytcrawl: [CAP] 'a.ko' 발견 → 원문 사용
2025-09-15 22:08:32,046 [DEBUG] ytcrawl: [HTTP] GET https://www.youtube.com/watch?v=b89yXHiD6Ys&hl=ko&gl=KR&persist_hl=1&persist_gl=1 -> 200, len=1011472
2025-09-15 22:08:32,078 [INFO] ytcrawl: [SUBS][WATCH] channel=UCaOmJAWHnLqIeGGddojQSiw text='구독자 41명' -> 41
2025-09-15 22:08:32,206 [INFO] ytcrawl: [CAP] 파싱 성공: lines=15, text_len=215
2025-09-15 22:08:32,206 [INFO] ytcrawl: [VIDEO] 완료: id=Y3GCQno5pfs, views=935762, subs=100000, cap_len=215, form=쇼츠
2025-09-15 22:08:32,206 [INFO] ytcrawl: [VIDEO] 시작: id=Gj1FvlcWN04 url=https://www.youtube.com/watch?v=Gj1FvlcWN04
2025-09-15 22:08:32,344 [INFO] ytcrawl: [CAP] 'a.ko' 발견 → 원문 사용
2025-09-15 22:08:32,538 [INFO] ytcrawl: [CAP] 파싱 성공: lines=17, text_len=322
2025-09-15 22:08:32,538 [INFO] ytcrawl: [VIDEO] 완료: id=b89yXHiD6Ys, views=8993, subs=41, cap_len=322, form=쇼츠
2025-09-15 22:08:32,538 [INFO] ytcrawl: [VIDEO] 시작: id=QYdRwW7sigo url=https://www.youtube.com/watch?v=QYdRwW7sigo
2025-09-15 22:08:32,995 [DEBUG] ytcrawl: [HTTP] GET https://www.youtube.com/watch?v=D9TwxBVDW0w&hl=ko&gl=KR&persist_hl=1&persist_gl=1 -> 200, len=1048171
2025-09-15 22:08:33,026 [INFO] ytcrawl: [SUBS][WATCH] channel=UCXX0zA5UNVLyg-HnVCX56Gg text='구독자 7.54만명' -> 75400
2025-09-15 22:08:33,281 [INFO] ytcrawl: [CAP] 'a.ko' 발견 → 원문 사용
2025-09-15 22:08:33,483 [INFO] ytcrawl: [CAP] 파싱 성공: lines=13, text_len=247
2025-09-15 22:08:33,484 [INFO] ytcrawl: [VIDEO] 완료: id=D9TwxBVDW0w, views=3020, subs=75400, cap_len=247, form=쇼츠
2025-09-15 22:08:33,484 [INFO] ytcrawl: [VIDEO] 시작: id=Qm6hATS_Q_8 url=https://www.youtube.com/watch?v=Qm6hATS_Q_8
2025-09-15 22:08:33,986 [DEBUG] ytcrawl: [HTTP] GET https://www.youtube.com/watch?v=OsU-XFbipV0&hl=ko&gl=KR&persist_hl=1&persist_gl=1 -> 200, len=1222340
2025-09-15 22:08:34,033 [INFO] ytcrawl: [SUBS][WATCH] channel=UChIgH6NybaNC_mkp4-gbX3A text='구독자 232만명' -> 2320000
2025-09-15 22:08:34,253 [INFO] ytcrawl: [CAP] 'a.ko' 발견 → 원문 사용
2025-09-15 22:08:34,293 [DEBUG] ytcrawl: [HTTP] GET https://www.youtube.com/watch?v=Iw8hgPHIuXQ&hl=ko&gl=KR&persist_hl=1&persist_gl=1 -> 200, len=1211102
2025-09-15 22:08:34,340 [INFO] ytcrawl: [SUBS][WATCH] channel=UChIgH6NybaNC_mkp4-gbX3A text='구독자 232만명' -> 2320000
2025-09-15 22:08:34,351 [INFO] ytcrawl: [CAP] XML 자막 미확보
2025-09-15 22:08:34,351 [INFO] ytcrawl: [VIDEO] 완료: id=Iw8hgPHIuXQ, views=54789726, subs=2320000, cap_len=0, form=쇼츠
2025-09-15 22:08:34,352 [INFO] ytcrawl: [VIDEO] 시작: id=Byh8qsyy5wQ url=https://www.youtube.com/watch?v=Byh8qsyy5wQ
2025-09-15 22:08:34,526 [INFO] ytcrawl: [CAP] 파싱 성공: lines=2, text_len=7
2025-09-15 22:08:34,526 [INFO] ytcrawl: [CAP] 'a.ko' 발견 → 원문 사용
2025-09-15 22:08:34,526 [INFO] ytcrawl: [VIDEO] 완료: id=OsU-XFbipV0, views=129794653, subs=2320000, cap_len=7, form=쇼츠
2025-09-15 22:08:34,526 [INFO] ytcrawl: [VIDEO] 시작: id=0YejeMRLapY url=https://www.youtube.com/watch?v=0YejeMRLapY
2025-09-15 22:08:34,701 [DEBUG] ytcrawl: [HTTP] GET https://www.youtube.com/watch?v=Gj1FvlcWN04&hl=ko&gl=KR&persist_hl=1&persist_gl=1 -> 200, len=1002876
2025-09-15 22:08:34,728 [INFO] ytcrawl: [SUBS][WATCH] channel=UCnNlRimvlBRl8D6UgWsBlXQ text='구독자 2.16천명' -> 2160
2025-09-15 22:08:34,729 [INFO] ytcrawl: [CAP] 파싱 성공: lines=14, text_len=263
2025-09-15 22:08:34,729 [INFO] ytcrawl: [VIDEO] 완료: id=QYdRwW7sigo, views=74106, subs=135000, cap_len=263, form=쇼츠
2025-09-15 22:08:34,729 [INFO] ytcrawl: [CAP] XML 자막 미확보
2025-09-15 22:08:34,729 [INFO] ytcrawl: [VIDEO] 시작: id=NfFbhfElqGw url=https://www.youtube.com/watch?v=NfFbhfElqGw
2025-09-15 22:08:34,730 [INFO] ytcrawl: [VIDEO] 완료: id=Gj1FvlcWN04, views=26466, subs=2160, cap_len=0, form=쇼츠
2025-09-15 22:08:34,731 [INFO] ytcrawl: [VIDEO] 시작: id=TQKVsq2URxY url=https://www.youtube.com/watch?v=TQKVsq2URxY
2025-09-15 22:08:34,815 [DEBUG] ytcrawl: [HTTP] GET https://www.youtube.com/watch?v=mCHZ6QUJ0m8&hl=ko&gl=KR&persist_hl=1&persist_gl=1 -> 200, len=1095194
2025-09-15 22:08:34,847 [INFO] ytcrawl: [SUBS][WATCH] channel=UCfYBSrfvB-ArSvsQGljQ-7w text='구독자 140만명' -> 1400000
2025-09-15 22:08:35,103 [DEBUG] ytcrawl: [HTTP] GET https://www.youtube.com/watch?v=ZigtinJ9j28&hl=ko&gl=KR&persist_hl=1&persist_gl=1 -> 200, len=1027639
2025-09-15 22:08:35,129 [INFO] ytcrawl: [SUBS][WATCH] channel=UC3PUIHn4uQmqza8ZdGNLRdA text='구독자 252명' -> 252
2025-09-15 22:08:35,157 [INFO] ytcrawl: [CAP] 'a.ko' 발견 → 원문 사용
2025-09-15 22:08:35,349 [INFO] ytcrawl: [CAP] 'a.ko' 발견 → 원문 사용
2025-09-15 22:08:35,434 [INFO] ytcrawl: [CAP] 파싱 성공: lines=24, text_len=437
2025-09-15 22:08:35,434 [INFO] ytcrawl: [VIDEO] 완료: id=mCHZ6QUJ0m8, views=1234568, subs=1400000, cap_len=437, form=쇼츠
2025-09-15 22:08:35,434 [INFO] ytcrawl: [VIDEO] 시작: id=CHEGqSsYCXs url=https://www.youtube.com/watch?v=CHEGqSsYCXs
2025-09-15 22:08:35,562 [INFO] ytcrawl: [CAP] 파싱 성공: lines=29, text_len=412
2025-09-15 22:08:35,562 [INFO] ytcrawl: [VIDEO] 완료: id=ZigtinJ9j28, views=13793, subs=252, cap_len=412, form=쇼츠
2025-09-15 22:08:35,562 [INFO] ytcrawl: [VIDEO] 시작: id=5nSzkrRl7hA url=https://www.youtube.com/watch?v=5nSzkrRl7hA
2025-09-15 22:08:36,326 [DEBUG] ytcrawl: [HTTP] GET https://www.youtube.com/watch?v=Qm6hATS_Q_8&hl=ko&gl=KR&persist_hl=1&persist_gl=1 -> 200, len=1311845
2025-09-15 22:08:36,361 [INFO] ytcrawl: [SUBS][WATCH] channel=UCIpKI35IPtaDuBy0mVmN3bg text='구독자 22.7만명' -> 227000
2025-09-15 22:08:36,507 [INFO] ytcrawl: [CAP] 'a.ko' 발견 → 원문 사용
2025-09-15 22:08:36,580 [INFO] ytcrawl: [CAP] 'a.ko' 발견 → 원문 사용
2025-09-15 22:08:36,653 [INFO] ytcrawl: [CAP] 'a.ko' 발견 → 원문 사용
2025-09-15 22:08:36,726 [INFO] ytcrawl: [CAP] 파싱 성공: lines=12, text_len=210
2025-09-15 22:08:36,726 [INFO] ytcrawl: [VIDEO] 완료: id=Byh8qsyy5wQ, views=28441, subs=102000, cap_len=210, form=쇼츠
2025-09-15 22:08:36,726 [INFO] ytcrawl: [VIDEO] 시작: id=LTvpI2df2Go url=https://www.youtube.com/watch?v=LTvpI2df2Go
2025-09-15 22:08:36,792 [INFO] ytcrawl: [CAP] 파싱 성공: lines=31, text_len=583
2025-09-15 22:08:36,793 [INFO] ytcrawl: [VIDEO] 완료: id=Qm6hATS_Q_8, views=16058, subs=227000, cap_len=583, form=롱폼
2025-09-15 22:08:36,793 [INFO] ytcrawl: [VIDEO] 시작: id=zajHurQWOAc url=https://www.youtube.com/watch?v=zajHurQWOAc
2025-09-15 22:08:36,874 [INFO] ytcrawl: [CAP] 파싱 성공: lines=22, text_len=409
2025-09-15 22:08:36,874 [INFO] ytcrawl: [VIDEO] 완료: id=0YejeMRLapY, views=38883, subs=102000, cap_len=409, form=쇼츠
2025-09-15 22:08:36,874 [INFO] ytcrawl: [VIDEO] 시작: id=p49wrVwUqnE url=https://www.youtube.com/watch?v=p49wrVwUqnE
2025-09-15 22:08:37,091 [INFO] ytcrawl: [CAP] 'a.ko' 발견 → 원문 사용
2025-09-15 22:08:37,133 [DEBUG] ytcrawl: [HTTP] GET https://www.youtube.com/watch?v=NfFbhfElqGw&hl=ko&gl=KR&persist_hl=1&persist_gl=1 -> 200, len=1013852
2025-09-15 22:08:37,158 [INFO] ytcrawl: [SUBS][WATCH] channel=UC_urGYF015x-7wDHGtNBt2w text='구독자 28명' -> 28
2025-09-15 22:08:37,383 [INFO] ytcrawl: [CAP] 파싱 성공: lines=29, text_len=547
2025-09-15 22:08:37,384 [INFO] ytcrawl: [VIDEO] 완료: id=TQKVsq2URxY, views=2178706, subs=1170000, cap_len=547, form=쇼츠
2025-09-15 22:08:37,384 [INFO] ytcrawl: [VIDEO] 시작: id=5BmSn4fiGDY url=https://www.youtube.com/watch?v=5BmSn4fiGDY
2025-09-15 22:08:37,512 [DEBUG] ytcrawl: [CAP] 번역(a.en) 응답: 429, len=1103
2025-09-15 22:08:37,533 [INFO] ytcrawl: [CAP] 'a.ko' 발견 → 원문 사용
2025-09-15 22:08:37,816 [INFO] ytcrawl: [CAP] 파싱 성공: lines=180, text_len=3486
2025-09-15 22:08:37,817 [INFO] ytcrawl: [VIDEO] 완료: id=OUjqGqaFG5E, views=267307, subs=20900, cap_len=3486, form=롱폼
2025-09-15 22:08:37,817 [INFO] ytcrawl: [VIDEO] 시작: id=h72hOilIK40 url=https://www.youtube.com/watch?v=h72hOilIK40
2025-09-15 22:08:37,890 [DEBUG] ytcrawl: [CAP][PR] GET https://www.youtube.com/api/timedtext?v=NfFbhfElqGw&ei=0w_IaKrFJK-V1d8PsfCE6Qc&caps=asr&opi=112496729&exp=xpe&xoaf=5&hl=en&ip=0.0.0.0&ipbits=0&expire=1757966915&sparams=ip,ipbits,expire,v,ei,caps,opi,exp,xoaf&signature=989B377C95A54492BE18D1687DA8C677BFB188BE.516A09A16078555E2429FD84FB8B3C8AAB848496&key=yt8&kind=asr&lang=en&fmt=srv3&tlang=ko -> 429, len=1103
2025-09-15 22:08:37,890 [INFO] ytcrawl: [CAP] XML 자막 미확보
2025-09-15 22:08:37,890 [INFO] ytcrawl: [VIDEO] 완료: id=NfFbhfElqGw, views=28902, subs=28, cap_len=0, form=쇼츠
2025-09-15 22:08:37,891 [INFO] ytcrawl: [VIDEO] 시작: id=EabNefMzzIs url=https://www.youtube.com/watch?v=EabNefMzzIs
2025-09-15 22:08:37,950 [DEBUG] ytcrawl: [HTTP] GET https://www.youtube.com/watch?v=CHEGqSsYCXs&hl=ko&gl=KR&persist_hl=1&persist_gl=1 -> 200, len=1011720
2025-09-15 22:08:37,980 [INFO] ytcrawl: [SUBS][WATCH] channel=UCbzAZLNiRo1nZewrN4TIOmA text='구독자 2.15만명' -> 21500
2025-09-15 22:08:38,664 [INFO] ytcrawl: [CAP] 'a.ko' 발견 → 원문 사용
2025-09-15 22:08:38,900 [DEBUG] ytcrawl: [HTTP] GET https://www.youtube.com/watch?v=5nSzkrRl7hA&hl=ko&gl=KR&persist_hl=1&persist_gl=1 -> 200, len=1014054
2025-09-15 22:08:38,928 [INFO] ytcrawl: [SUBS][WATCH] channel=UCiTYfGdRawxwapuwhQ-zrgw text='구독자 4.24천명' -> 4240
2025-09-15 22:08:38,934 [INFO] ytcrawl: [CAP] 파싱 성공: lines=17, text_len=331
2025-09-15 22:08:38,934 [INFO] ytcrawl: [VIDEO] 완료: id=CHEGqSsYCXs, views=8056, subs=21500, cap_len=331, form=쇼츠
2025-09-15 22:08:38,934 [INFO] ytcrawl: [VIDEO] 시작: id=9TsBYLwUEH0 url=https://www.youtube.com/watch?v=9TsBYLwUEH0
2025-09-15 22:08:39,146 [DEBUG] ytcrawl: [HTTP] GET https://www.youtube.com/watch?v=zajHurQWOAc&hl=ko&gl=KR&persist_hl=1&persist_gl=1 -> 200, len=1022145
2025-09-15 22:08:39,183 [INFO] ytcrawl: [SUBS][WATCH] channel=UCb4WzRTiYNBExvYsz6I2uzQ text='구독자 7.71만명' -> 77100
2025-09-15 22:08:39,183 [INFO] ytcrawl: [CAP] 'a.ko' 발견 → 원문 사용
2025-09-15 22:08:39,452 [DEBUG] ytcrawl: [CAP] 번역(a.en) 응답: 429, len=1103
2025-09-15 22:08:39,472 [INFO] ytcrawl: [CAP] 'a.ko' 발견 → 원문 사용
2025-09-15 22:08:39,551 [INFO] ytcrawl: [CAP] 파싱 성공: lines=48, text_len=763
2025-09-15 22:08:39,552 [INFO] ytcrawl: [VIDEO] 완료: id=LTvpI2df2Go, views=73613, subs=19200, cap_len=763, form=쇼츠
2025-09-15 22:08:39,552 [INFO] ytcrawl: [VIDEO] 시작: id=jzV0xaC4T78 url=https://www.youtube.com/watch?v=jzV0xaC4T78
2025-09-15 22:08:39,638 [DEBUG] ytcrawl: [HTTP] GET https://www.youtube.com/watch?v=p49wrVwUqnE&hl=ko&gl=KR&persist_hl=1&persist_gl=1 -> 200, len=1032712
2025-09-15 22:08:39,670 [INFO] ytcrawl: [SUBS][WATCH] channel=UCT433V5RRIlwHVv2t3Lv6PA text='구독자 9.34만명' -> 93400
2025-09-15 22:08:39,696 [INFO] ytcrawl: [CAP] 파싱 성공: lines=16, text_len=216
2025-09-15 22:08:39,702 [DEBUG] ytcrawl: [HTTP] GET https://www.youtube.com/watch?v=5BmSn4fiGDY&hl=ko&gl=KR&persist_hl=1&persist_gl=1 -> 200, len=1038881
2025-09-15 22:08:39,702 [INFO] ytcrawl: [VIDEO] 완료: id=5nSzkrRl7hA, views=21652, subs=4240, cap_len=216, form=쇼츠
2025-09-15 22:08:39,747 [INFO] ytcrawl: [SUBS][WATCH] channel=UC1HOT8mt_oGse4J68_WAaWQ text='구독자 10만명' -> 100000
2025-09-15 22:08:39,747 [INFO] ytcrawl: [VIDEO] 시작: id=NPnT3TwAxH4 url=https://www.youtube.com/watch?v=NPnT3TwAxH4
2025-09-15 22:08:39,879 [DEBUG] ytcrawl: [CAP][PR] GET https://www.youtube.com/api/timedtext?v=zajHurQWOAc&ei=1Q_IaMSEI-SNvcAP8tqR4A4&caps=asr&opi=112496729&exp=xpe&xoaf=5&hl=en&ip=0.0.0.0&ipbits=0&expire=1757966917&sparams=ip,ipbits,expire,v,ei,caps,opi,exp,xoaf&signature=4F4F262E3CD6CF0CB92908D9129A2C462580CD8C.02B1B63704260692B1B24FB008F2BE8624AF5EFB&key=yt8&kind=asr&lang=en&fmt=srv3&tlang=ko -> 429, len=1103
2025-09-15 22:08:39,879 [INFO] ytcrawl: [CAP] XML 자막 미확보
2025-09-15 22:08:39,879 [INFO] ytcrawl: [VIDEO] 완료: id=zajHurQWOAc, views=9988, subs=77100, cap_len=0, form=쇼츠
2025-09-15 22:08:39,879 [INFO] ytcrawl: [VIDEO] 시작: id=KZ7WFdK83zQ url=https://www.youtube.com/watch?v=KZ7WFdK83zQ
2025-09-15 22:08:39,984 [INFO] ytcrawl: [CAP] 'a.ko' 발견 → 원문 사용
2025-09-15 22:08:40,005 [INFO] ytcrawl: [CAP] 'a.ko' 발견 → 원문 사용
2025-09-15 22:08:40,029 [INFO] ytcrawl: [CAP] 'a.ko' 발견 → 원문 사용
2025-09-15 22:08:40,207 [INFO] ytcrawl: [CAP] 파싱 성공: lines=15, text_len=287
2025-09-15 22:08:40,207 [INFO] ytcrawl: [VIDEO] 완료: id=p49wrVwUqnE, views=168809, subs=93400, cap_len=287, form=쇼츠
2025-09-15 22:08:40,208 [INFO] ytcrawl: [VIDEO] 시작: id=kxOGdlrd6OY url=https://www.youtube.com/watch?v=kxOGdlrd6OY
2025-09-15 22:08:40,233 [INFO] ytcrawl: [CAP] 파싱 성공: lines=13, text_len=254
2025-09-15 22:08:40,233 [INFO] ytcrawl: [VIDEO] 완료: id=5BmSn4fiGDY, views=93460, subs=100000, cap_len=254, form=쇼츠
2025-09-15 22:08:40,233 [INFO] ytcrawl: [VIDEO] 시작: id=Thwbt5S5am4 url=https://www.youtube.com/watch?v=Thwbt5S5am4
2025-09-15 22:08:40,272 [INFO] ytcrawl: [CAP] 파싱 성공: lines=8, text_len=129
2025-09-15 22:08:40,273 [INFO] ytcrawl: [VIDEO] 완료: id=EabNefMzzIs, views=5040574, subs=84100, cap_len=129, form=쇼츠
2025-09-15 22:08:40,273 [INFO] ytcrawl: [VIDEO] 시작: id=jNQGhjZliS8 url=https://www.youtube.com/watch?v=jNQGhjZliS8
2025-09-15 22:08:40,295 [DEBUG] ytcrawl: [HTTP] GET https://www.youtube.com/watch?v=h72hOilIK40&hl=ko&gl=KR&persist_hl=1&persist_gl=1 -> 200, len=1034826
2025-09-15 22:08:40,324 [INFO] ytcrawl: [SUBS][WATCH] channel=UCyJJ2qOhEIiyRYF0IXqv1QQ text='구독자 803명' -> 803
2025-09-15 22:08:40,664 [DEBUG] ytcrawl: [CAP] 번역(a.en) 응답: 429, len=1103
2025-09-15 22:08:40,795 [INFO] ytcrawl: [CAP] 'a.ko' 발견 → 원문 사용
2025-09-15 22:08:41,152 [DEBUG] ytcrawl: [CAP][PR] GET https://www.youtube.com/api/timedtext?v=h72hOilIK40&ei=1g_IaPmUK4WbvcAP4aqywA0&caps=asr&opi=112496729&exp=xpe&xoaf=4&xowf=1&hl=en&ip=0.0.0.0&ipbits=0&expire=1757966918&sparams=ip,ipbits,expire,v,ei,caps,opi,exp,xoaf&signature=8FF26F4C759EFA3A3BAB8E925B98945D9328BF2B.496F68670E0FB4AE56F121F962C9EE13A416FE0B&key=yt8&kind=asr&lang=en&fmt=srv3&tlang=ko -> 429, len=1103
2025-09-15 22:08:41,152 [INFO] ytcrawl: [CAP] XML 자막 미확보
2025-09-15 22:08:41,152 [INFO] ytcrawl: [VIDEO] 완료: id=h72hOilIK40, views=168603, subs=803, cap_len=0, form=쇼츠
2025-09-15 22:08:41,153 [INFO] ytcrawl: [VIDEO] 시작: id=103tUAEhyIg url=https://www.youtube.com/watch?v=103tUAEhyIg
2025-09-15 22:08:41,579 [INFO] ytcrawl: [CAP] 파싱 성공: lines=25, text_len=479
2025-09-15 22:08:41,580 [INFO] ytcrawl: [VIDEO] 완료: id=9TsBYLwUEH0, views=1298396, subs=1170000, cap_len=479, form=쇼츠
2025-09-15 22:08:41,580 [INFO] ytcrawl: [VIDEO] 시작: id=h8_EIQ9U1J4 url=https://www.youtube.com/watch?v=h8_EIQ9U1J4
2025-09-15 22:08:41,645 [INFO] ytcrawl: [CAP] 'a.ko' 발견 → 원문 사용
2025-09-15 22:08:41,928 [INFO] ytcrawl: [CAP] 파싱 성공: lines=18, text_len=247
2025-09-15 22:08:41,928 [INFO] ytcrawl: [VIDEO] 완료: id=NPnT3TwAxH4, views=7071894, subs=183000, cap_len=247, form=쇼츠
2025-09-15 22:08:41,929 [INFO] ytcrawl: [VIDEO] 시작: id=2yvGSAN4wNk url=https://www.youtube.com/watch?v=2yvGSAN4wNk
2025-09-15 22:08:42,143 [INFO] ytcrawl: [CAP] 'a.ko' 발견 → 원문 사용
2025-09-15 22:08:42,274 [INFO] ytcrawl: [CAP] 'a.ko' 발견 → 원문 사용
2025-09-15 22:08:42,456 [DEBUG] ytcrawl: [HTTP] GET https://www.youtube.com/watch?v=kxOGdlrd6OY&hl=ko&gl=KR&persist_hl=1&persist_gl=1 -> 200, len=1031050
2025-09-15 22:08:42,485 [INFO] ytcrawl: [SUBS][WATCH] channel=UC-d9TxXuszyVmn68CK3siyA text='구독자 5.54천명' -> 5540
2025-09-15 22:08:42,490 [INFO] ytcrawl: [CAP] 파싱 성공: lines=767, text_len=14034
2025-09-15 22:08:42,491 [INFO] ytcrawl: [VIDEO] 완료: id=jzV0xaC4T78, views=34175, subs=281000, cap_len=14034, form=롱폼
2025-09-15 22:08:42,491 [INFO] ytcrawl: [VIDEO] 시작: id=vd0U_cl4Fvs url=https://www.youtube.com/watch?v=vd0U_cl4Fvs
2025-09-15 22:08:42,534 [INFO] ytcrawl: [CAP] 파싱 성공: lines=32, text_len=614
2025-09-15 22:08:42,534 [INFO] ytcrawl: [VIDEO] 완료: id=Thwbt5S5am4, views=532127, subs=267000, cap_len=614, form=쇼츠
2025-09-15 22:08:42,534 [INFO] ytcrawl: [VIDEO] 시작: id=WoDiCXp8YpU url=https://www.youtube.com/watch?v=WoDiCXp8YpU
2025-09-15 22:08:42,642 [DEBUG] ytcrawl: [HTTP] GET https://www.youtube.com/watch?v=KZ7WFdK83zQ&hl=ko&gl=KR&persist_hl=1&persist_gl=1 -> 200, len=1077684
2025-09-15 22:08:42,677 [INFO] ytcrawl: [SUBS][WATCH] channel=UCp-cyJ5OGiRMam861WBBUVQ text='구독자 7.3만명' -> 73000
2025-09-15 22:08:42,680 [DEBUG] ytcrawl: [HTTP] GET https://www.youtube.com/watch?v=jNQGhjZliS8&hl=ko&gl=KR&persist_hl=1&persist_gl=1 -> 200, len=1013078
2025-09-15 22:08:42,707 [INFO] ytcrawl: [SUBS][WATCH] channel=UC-t9B_bJvJk9biU9ySs2qnw text='구독자 2.08만명' -> 20800
2025-09-15 22:08:42,709 [INFO] ytcrawl: [CAP] 'a.ko' 발견 → 원문 사용
2025-09-15 22:08:42,709 [INFO] ytcrawl: [CAP] XML 자막 미확보
2025-09-15 22:08:42,709 [INFO] ytcrawl: [VIDEO] 완료: id=jNQGhjZliS8, views=234867, subs=20800, cap_len=0, form=쇼츠
2025-09-15 22:08:42,709 [INFO] ytcrawl: [VIDEO] 시작: id=fSOAGpjcvZk url=https://www.youtube.com/watch?v=fSOAGpjcvZk
2025-09-15 22:08:42,906 [INFO] ytcrawl: [CAP] 파싱 성공: lines=7, text_len=140
2025-09-15 22:08:42,907 [INFO] ytcrawl: [VIDEO] 완료: id=kxOGdlrd6OY, views=2950466, subs=5540, cap_len=140, form=쇼츠
2025-09-15 22:08:42,907 [INFO] ytcrawl: [VIDEO] 시작: id=1oXVx0JPUXw url=https://www.youtube.com/watch?v=1oXVx0JPUXw
2025-09-15 22:08:42,928 [INFO] ytcrawl: [CAP] 'a.ko' 발견 → 원문 사용
2025-09-15 22:08:43,193 [INFO] ytcrawl: [CAP] 파싱 성공: lines=2, text_len=23
2025-09-15 22:08:43,193 [INFO] ytcrawl: [VIDEO] 완료: id=KZ7WFdK83zQ, views=1301117, subs=73000, cap_len=23, form=쇼츠
2025-09-15 22:08:43,193 [INFO] ytcrawl: [VIDEO] 시작: id=9OGu7PZ-KkQ url=https://www.youtube.com/watch?v=9OGu7PZ-KkQ
2025-09-15 22:08:43,935 [DEBUG] ytcrawl: [HTTP] GET https://www.youtube.com/watch?v=103tUAEhyIg&hl=ko&gl=KR&persist_hl=1&persist_gl=1 -> 200, len=1050350
2025-09-15 22:08:43,968 [INFO] ytcrawl: [SUBS][WATCH] channel=UClgQvJio7ylGa9kV9b7VzLQ text='구독자 79만명' -> 790000
2025-09-15 22:08:44,139 [INFO] ytcrawl: [CAP] 'a.ko' 발견 → 원문 사용
2025-09-15 22:08:44,251 [INFO] ytcrawl: [CAP] 'a.ko' 발견 → 원문 사용
2025-09-15 22:08:44,344 [INFO] ytcrawl: [CAP] 파싱 성공: lines=7, text_len=126
2025-09-15 22:08:44,344 [INFO] ytcrawl: [VIDEO] 완료: id=vd0U_cl4Fvs, views=13056710, subs=84100, cap_len=126, form=쇼츠
2025-09-15 22:08:44,344 [INFO] ytcrawl: [VIDEO] 시작: id=lh_y0pY69SY url=https://www.youtube.com/watch?v=lh_y0pY69SY
2025-09-15 22:08:44,370 [DEBUG] ytcrawl: [HTTP] GET https://www.youtube.com/watch?v=h8_EIQ9U1J4&hl=ko&gl=KR&persist_hl=1&persist_gl=1 -> 200, len=1015396
2025-09-15 22:08:44,398 [INFO] ytcrawl: [SUBS][WATCH] channel=UCNs9w2xyGLR3oqK1N9hpwBA text='구독자 667명' -> 667
2025-09-15 22:08:44,418 [DEBUG] ytcrawl: [HTTP] GET https://www.youtube.com/watch?v=2yvGSAN4wNk&hl=ko&gl=KR&persist_hl=1&persist_gl=1 -> 200, len=1194732
2025-09-15 22:08:44,462 [INFO] ytcrawl: [SUBS][WATCH] channel=UCHll5QTcglpV6NB3D44DcBA text='구독자 16.4만명' -> 164000
2025-09-15 22:08:44,497 [INFO] ytcrawl: [CAP] 파싱 성공: lines=14, text_len=225
2025-09-15 22:08:44,497 [INFO] ytcrawl: [VIDEO] 완료: id=103tUAEhyIg, views=1683687, subs=790000, cap_len=225, form=쇼츠
2025-09-15 22:08:44,498 [INFO] ytcrawl: [VIDEO] 시작: id=Wq9bLkTw16U url=https://www.youtube.com/watch?v=Wq9bLkTw16U
2025-09-15 22:08:44,621 [INFO] ytcrawl: [CAP] 'a.ko' 발견 → 원문 사용
2025-09-15 22:08:44,730 [INFO] ytcrawl: [CAP] 'a.ko' 발견 → 원문 사용
2025-09-15 22:08:44,901 [INFO] ytcrawl: [CAP] 파싱 성공: lines=27, text_len=529
2025-09-15 22:08:44,901 [INFO] ytcrawl: [VIDEO] 완료: id=h8_EIQ9U1J4, views=370497, subs=667, cap_len=529, form=쇼츠
2025-09-15 22:08:44,901 [INFO] ytcrawl: [VIDEO] 시작: id=qavZfJQDhlo url=https://www.youtube.com/watch?v=qavZfJQDhlo
2025-09-15 22:08:44,933 [INFO] ytcrawl: [CAP] 파싱 성공: lines=17, text_len=222
2025-09-15 22:08:44,934 [INFO] ytcrawl: [VIDEO] 완료: id=2yvGSAN4wNk, views=350335, subs=164000, cap_len=222, form=쇼츠
2025-09-15 22:08:44,934 [INFO] ytcrawl: [VIDEO] 시작: id=rdBMG52sqkU url=https://www.youtube.com/watch?v=rdBMG52sqkU
2025-09-15 22:08:45,052 [DEBUG] ytcrawl: [HTTP] GET https://www.youtube.com/watch?v=WoDiCXp8YpU&hl=ko&gl=KR&persist_hl=1&persist_gl=1 -> 200, len=1022934
2025-09-15 22:08:45,080 [INFO] ytcrawl: [SUBS][WATCH] channel=UCAJUhs9zYuBOlt0N_O97kuw text='구독자 7.89천명' -> 7890
2025-09-15 22:08:45,319 [INFO] ytcrawl: [CAP] 'a.ko' 발견 → 원문 사용
2025-09-15 22:08:45,336 [DEBUG] ytcrawl: [HTTP] GET https://www.youtube.com/watch?v=fSOAGpjcvZk&hl=ko&gl=KR&persist_hl=1&persist_gl=1 -> 200, len=1551874
2025-09-15 22:08:45,370 [INFO] ytcrawl: [SUBS][WATCH] channel=UCnz0ghEwEpUcFR-ESkfKXEg text='구독자 19.5만명' -> 195000
2025-09-15 22:08:45,416 [DEBUG] ytcrawl: [HTTP] GET https://www.youtube.com/watch?v=1oXVx0JPUXw&hl=ko&gl=KR&persist_hl=1&persist_gl=1 -> 200, len=1011721
2025-09-15 22:08:45,444 [INFO] ytcrawl: [SUBS][WATCH] channel=UCC7kOHXUEsZnRkBB8kt-lCw text='구독자 36.5만명' -> 365000
2025-09-15 22:08:45,561 [INFO] ytcrawl: [CAP] 파싱 성공: lines=29, text_len=532
2025-09-15 22:08:45,562 [INFO] ytcrawl: [VIDEO] 완료: id=WoDiCXp8YpU, views=6925326, subs=7890, cap_len=532, form=쇼츠
2025-09-15 22:08:45,562 [INFO] ytcrawl: [VIDEO] 시작: id=JyqDdj8L1_w url=https://www.youtube.com/watch?v=JyqDdj8L1_w
2025-09-15 22:08:45,705 [INFO] ytcrawl: [CAP] 'a.ko' 발견 → 원문 사용
2025-09-15 22:08:45,938 [INFO] ytcrawl: [CAP] 파싱 성공: lines=18, text_len=261
2025-09-15 22:08:45,939 [INFO] ytcrawl: [VIDEO] 완료: id=1oXVx0JPUXw, views=82353, subs=365000, cap_len=261, form=쇼츠
2025-09-15 22:08:45,939 [INFO] ytcrawl: [VIDEO] 시작: id=gGSwlyCYe58 url=https://www.youtube.com/watch?v=gGSwlyCYe58
2025-09-15 22:08:46,055 [DEBUG] ytcrawl: [HTTP] GET https://www.youtube.com/watch?v=9OGu7PZ-KkQ&hl=ko&gl=KR&persist_hl=1&persist_gl=1 -> 200, len=1024584
2025-09-15 22:08:46,087 [INFO] ytcrawl: [SUBS][WATCH] channel=UC9OGC-I-pI-W9AphDPyU1nQ text='구독자 1.09천명' -> 1090
2025-09-15 22:08:46,088 [INFO] ytcrawl: [CAP] XML 자막 미확보
2025-09-15 22:08:46,088 [INFO] ytcrawl: [VIDEO] 완료: id=9OGu7PZ-KkQ, views=1463599, subs=1090, cap_len=0, form=쇼츠
2025-09-15 22:08:46,088 [INFO] ytcrawl: [VIDEO] 시작: id=VcD7NmhPXAg url=https://www.youtube.com/watch?v=VcD7NmhPXAg
2025-09-15 22:08:46,204 [INFO] ytcrawl: [CAP] 'a.ko' 발견 → 원문 사용
2025-09-15 22:08:46,252 [INFO] ytcrawl: [CAP] 'a.ko' 발견 → 원문 사용
2025-09-15 22:08:46,462 [INFO] ytcrawl: [CAP] 파싱 성공: lines=44, text_len=673
2025-09-15 22:08:46,462 [INFO] ytcrawl: [VIDEO] 완료: id=Wq9bLkTw16U, views=72051, subs=19200, cap_len=673, form=쇼츠
2025-09-15 22:08:46,463 [INFO] ytcrawl: [VIDEO] 시작: id=tuDRkWv9xRw url=https://www.youtube.com/watch?v=tuDRkWv9xRw
2025-09-15 22:08:46,681 [INFO] ytcrawl: [CAP] 파싱 성공: lines=430, text_len=7371
2025-09-15 22:08:46,682 [INFO] ytcrawl: [VIDEO] 완료: id=fSOAGpjcvZk, views=167749, subs=195000, cap_len=7371, form=롱폼
2025-09-15 22:08:46,683 [INFO] ytcrawl: [VIDEO] 시작: id=RvU5nH2Esxg url=https://www.youtube.com/watch?v=RvU5nH2Esxg
2025-09-15 22:08:46,688 [DEBUG] ytcrawl: [HTTP] GET https://www.youtube.com/watch?v=lh_y0pY69SY&hl=ko&gl=KR&persist_hl=1&persist_gl=1 -> 200, len=1064155
2025-09-15 22:08:46,719 [INFO] ytcrawl: [SUBS][WATCH] channel=UCIzCa_zHsO8e0YGTt-disbA text='구독자 1.13만명' -> 11299
2025-09-15 22:08:46,962 [INFO] ytcrawl: [CAP] 'a.ko' 발견 → 원문 사용
2025-09-15 22:08:47,162 [INFO] ytcrawl: [CAP] 파싱 성공: lines=10, text_len=180
2025-09-15 22:08:47,163 [INFO] ytcrawl: [VIDEO] 완료: id=lh_y0pY69SY, views=252066, subs=11299, cap_len=180, form=쇼츠
2025-09-15 22:08:47,163 [INFO] ytcrawl: [VIDEO] 시작: id=ssoSwSgnsT4 url=https://www.youtube.com/watch?v=ssoSwSgnsT4
2025-09-15 22:08:47,363 [DEBUG] ytcrawl: [HTTP] GET https://www.youtube.com/watch?v=qavZfJQDhlo&hl=ko&gl=KR&persist_hl=1&persist_gl=1 -> 200, len=1436900
2025-09-15 22:08:47,393 [INFO] ytcrawl: [SUBS][WATCH] channel=UCta_NRwnsUaew0t3VNxBNyg text='구독자 186만명' -> 1860000
2025-09-15 22:08:47,555 [DEBUG] ytcrawl: [HTTP] GET https://www.youtube.com/watch?v=rdBMG52sqkU&hl=ko&gl=KR&persist_hl=1&persist_gl=1 -> 200, len=1020691
2025-09-15 22:08:47,583 [INFO] ytcrawl: [SUBS][WATCH] channel=UCsqDIKQang7q_F2jxeUt_0w text='구독자 853명' -> 853
2025-09-15 22:08:47,733 [INFO] ytcrawl: [CAP] 'a.ko' 발견 → 원문 사용
2025-09-15 22:08:47,841 [INFO] ytcrawl: [CAP] 'a.ko' 발견 → 원문 사용
2025-09-15 22:08:48,069 [INFO] ytcrawl: [CAP] 파싱 성공: lines=21, text_len=408
2025-09-15 22:08:48,069 [INFO] ytcrawl: [VIDEO] 완료: id=rdBMG52sqkU, views=78326, subs=853, cap_len=408, form=쇼츠
2025-09-15 22:08:48,069 [INFO] ytcrawl: [VIDEO] 시작: id=ehSbPNa_0Yo url=https://www.youtube.com/watch?v=ehSbPNa_0Yo
2025-09-15 22:08:48,095 [INFO] ytcrawl: [CAP] 파싱 성공: lines=209, text_len=3745
2025-09-15 22:08:48,095 [INFO] ytcrawl: [VIDEO] 완료: id=qavZfJQDhlo, views=551851, subs=1860000, cap_len=3745, form=롱폼
2025-09-15 22:08:48,095 [INFO] ytcrawl: [VIDEO] 시작: id=h1e06TIg9AQ url=https://www.youtube.com/watch?v=h1e06TIg9AQ
2025-09-15 22:08:48,385 [DEBUG] ytcrawl: [HTTP] GET https://www.youtube.com/watch?v=JyqDdj8L1_w&hl=ko&gl=KR&persist_hl=1&persist_gl=1 -> 200, len=1030966
2025-09-15 22:08:48,415 [INFO] ytcrawl: [SUBS][WATCH] channel=UCFNUGAiaGRgzVCXrjVoe1Hw text='구독자 38.3만명' -> 383000
2025-09-15 22:08:48,619 [INFO] ytcrawl: [CAP] 'a.ko' 발견 → 원문 사용
2025-09-15 22:08:48,753 [DEBUG] ytcrawl: [HTTP] GET https://www.youtube.com/watch?v=gGSwlyCYe58&hl=ko&gl=KR&persist_hl=1&persist_gl=1 -> 200, len=1533232
2025-09-15 22:08:48,791 [INFO] ytcrawl: [SUBS][WATCH] channel=UCDSj40X9FFUAnx1nv7gQhcA text='구독자 205만명' -> 2050000
2025-09-15 22:08:48,801 [DEBUG] ytcrawl: [HTTP] GET https://www.youtube.com/watch?v=VcD7NmhPXAg&hl=ko&gl=KR&persist_hl=1&persist_gl=1 -> 200, len=1106672
2025-09-15 22:08:48,833 [INFO] ytcrawl: [SUBS][WATCH] channel=UCTbsOLgWWeOVuBxE5-AS-1w text='구독자 60.8만명' -> 608000
2025-09-15 22:08:49,121 [DEBUG] ytcrawl: [HTTP] GET https://www.youtube.com/watch?v=RvU5nH2Esxg&hl=ko&gl=KR&persist_hl=1&persist_gl=1 -> 200, len=1032180
2025-09-15 22:08:49,176 [INFO] ytcrawl: [SUBS][WATCH] channel=UCRI7UOrsN1noBeRYndFs8wA text='구독자 21.1만명' -> 211000
2025-09-15 22:08:49,267 [INFO] ytcrawl: [CAP] 'a.ko' 발견 → 원문 사용
2025-09-15 22:08:49,296 [INFO] ytcrawl: [CAP] 'a.ko' 발견 → 원문 사용
2025-09-15 22:08:49,333 [INFO] ytcrawl: [CAP] 'a.ko' 발견 → 원문 사용
2025-09-15 22:08:49,406 [INFO] ytcrawl: [CAP] 'a.ko' 발견 → 원문 사용
2025-09-15 22:08:49,491 [INFO] ytcrawl: [CAP] 파싱 성공: lines=16, text_len=227
2025-09-15 22:08:49,491 [INFO] ytcrawl: [VIDEO] 완료: id=VcD7NmhPXAg, views=14458280, subs=608000, cap_len=227, form=쇼츠
2025-09-15 22:08:49,492 [INFO] ytcrawl: [VIDEO] 시작: id=rB-jQwJW3aA url=https://www.youtube.com/watch?v=rB-jQwJW3aA
2025-09-15 22:08:49,541 [INFO] ytcrawl: [CAP] 파싱 성공: lines=16, text_len=217
2025-09-15 22:08:49,542 [INFO] ytcrawl: [VIDEO] 완료: id=ssoSwSgnsT4, views=237231, subs=164000, cap_len=217, form=쇼츠
2025-09-15 22:08:49,542 [INFO] ytcrawl: [VIDEO] 시작: id=U_mxq-8bDfs url=https://www.youtube.com/watch?v=U_mxq-8bDfs
2025-09-15 22:08:49,548 [DEBUG] ytcrawl: [HTTP] GET https://www.youtube.com/watch?v=tuDRkWv9xRw&hl=ko&gl=KR&persist_hl=1&persist_gl=1 -> 200, len=1003199
2025-09-15 22:08:49,590 [INFO] ytcrawl: [SUBS][WATCH] channel=UCVXgsPpWXgJN6HoZP--kMZQ text='구독자 6.26천명' -> 6260
2025-09-15 22:08:49,635 [INFO] ytcrawl: [CAP] 파싱 성공: lines=16, text_len=269
2025-09-15 22:08:49,635 [INFO] ytcrawl: [VIDEO] 완료: id=RvU5nH2Esxg, views=1588475, subs=211000, cap_len=269, form=쇼츠
2025-09-15 22:08:49,635 [INFO] ytcrawl: [VIDEO] 시작: id=lf3_Q5DnEAo url=https://www.youtube.com/watch?v=lf3_Q5DnEAo
2025-09-15 22:08:49,710 [INFO] ytcrawl: [CAP] 파싱 성공: lines=697, text_len=13050
2025-09-15 22:08:49,711 [INFO] ytcrawl: [VIDEO] 완료: id=gGSwlyCYe58, views=1400236, subs=2050000, cap_len=13050, form=롱폼
2025-09-15 22:08:49,711 [INFO] ytcrawl: [VIDEO] 시작: id=4P_rDKa1M4c url=https://www.youtube.com/watch?v=4P_rDKa1M4c
2025-09-15 22:08:49,862 [INFO] ytcrawl: [CAP] 'a.ko' 발견 → 원문 사용
2025-09-15 22:08:50,093 [INFO] ytcrawl: [CAP] 파싱 성공: lines=16, text_len=292
2025-09-15 22:08:50,093 [INFO] ytcrawl: [VIDEO] 완료: id=tuDRkWv9xRw, views=18823, subs=6260, cap_len=292, form=쇼츠
2025-09-15 22:08:50,093 [INFO] ytcrawl: [VIDEO] 시작: id=JatOH6JD5Ps url=https://www.youtube.com/watch?v=JatOH6JD5Ps
2025-09-15 22:08:50,667 [DEBUG] ytcrawl: [HTTP] GET https://www.youtube.com/watch?v=h1e06TIg9AQ&hl=ko&gl=KR&persist_hl=1&persist_gl=1 -> 200, len=1010555
2025-09-15 22:08:50,695 [INFO] ytcrawl: [SUBS][WATCH] channel=UCVYG52bdRrshFbT21_agsbg text='구독자 1.28만명' -> 12800
2025-09-15 22:08:50,762 [DEBUG] ytcrawl: [HTTP] GET https://www.youtube.com/watch?v=ehSbPNa_0Yo&hl=ko&gl=KR&persist_hl=1&persist_gl=1 -> 200, len=1025753
2025-09-15 22:08:50,791 [INFO] ytcrawl: [SUBS][WATCH] channel=UCwidmTIqUv-SMwZ89tY90Yw text='구독자 5.27천명' -> 5270
2025-09-15 22:08:50,906 [INFO] ytcrawl: [CAP] 'a.ko' 발견 → 원문 사용
2025-09-15 22:08:50,998 [INFO] ytcrawl: [CAP] 'a.ko' 발견 → 원문 사용
2025-09-15 22:08:51,125 [INFO] ytcrawl: [CAP] 파싱 성공: lines=6, text_len=83
2025-09-15 22:08:51,125 [INFO] ytcrawl: [VIDEO] 완료: id=h1e06TIg9AQ, views=395018, subs=12800, cap_len=83, form=쇼츠
2025-09-15 22:08:51,126 [INFO] ytcrawl: [VIDEO] 시작: id=cU5Vro7jmOM url=https://www.youtube.com/watch?v=cU5Vro7jmOM
2025-09-15 22:08:51,272 [INFO] ytcrawl: [CAP] 파싱 성공: lines=24, text_len=414
2025-09-15 22:08:51,276 [INFO] ytcrawl: [VIDEO] 완료: id=ehSbPNa_0Yo, views=197864, subs=5270, cap_len=414, form=쇼츠
2025-09-15 22:08:51,284 [INFO] ytcrawl: [VIDEO] 시작: id=DdTkWNxfOT8 url=https://www.youtube.com/watch?v=DdTkWNxfOT8
2025-09-15 22:08:51,731 [DEBUG] ytcrawl: [CAP] 번역(a.en) 응답: 200, len=3585
2025-09-15 22:08:51,734 [INFO] ytcrawl: [CAP] 파싱 성공: lines=14, text_len=226
2025-09-15 22:08:51,734 [INFO] ytcrawl: [VIDEO] 완료: id=U_mxq-8bDfs, views=4377, subs=77100, cap_len=226, form=쇼츠
2025-09-15 22:08:51,734 [INFO] ytcrawl: [VIDEO] 시작: id=yBdyO8uNfk0 url=https://www.youtube.com/watch?v=yBdyO8uNfk0
2025-09-15 22:08:51,834 [DEBUG] ytcrawl: [HTTP] GET https://www.youtube.com/watch?v=rB-jQwJW3aA&hl=ko&gl=KR&persist_hl=1&persist_gl=1 -> 200, len=1431965
2025-09-15 22:08:51,864 [INFO] ytcrawl: [SUBS][WATCH] channel=UC8OEeCHvt-AhKJgUsxORM7A text='구독자 1.24만명' -> 12400
2025-09-15 22:08:52,213 [INFO] ytcrawl: [CAP] 'a.ko' 발견 → 원문 사용
2025-09-15 22:08:52,317 [DEBUG] ytcrawl: [HTTP] GET https://www.youtube.com/watch?v=lf3_Q5DnEAo&hl=ko&gl=KR&persist_hl=1&persist_gl=1 -> 200, len=1024343
2025-09-15 22:08:52,350 [INFO] ytcrawl: [SUBS][WATCH] channel=UC-eCHM4rq6Q1WqgMMzVdFGw text='구독자 10.4만명' -> 104000
2025-09-15 22:08:52,355 [DEBUG] ytcrawl: [HTTP] GET https://www.youtube.com/watch?v=4P_rDKa1M4c&hl=ko&gl=KR&persist_hl=1&persist_gl=1 -> 200, len=1017188
2025-09-15 22:08:52,382 [INFO] ytcrawl: [SUBS][WATCH] channel=UCqTaTt4BydCOYXm6un8aVew text='구독자 1.88천명' -> 1880
2025-09-15 22:08:52,490 [DEBUG] ytcrawl: [HTTP] GET https://www.youtube.com/watch?v=JatOH6JD5Ps&hl=ko&gl=KR&persist_hl=1&persist_gl=1 -> 200, len=1507250
2025-09-15 22:08:52,539 [INFO] ytcrawl: [SUBS][WATCH] channel=UCIz_-1evnd2n-fJYQt6PcPw text='구독자 1.4만명' -> 14000
2025-09-15 22:08:52,566 [INFO] ytcrawl: [CAP] 'a.ko' 발견 → 원문 사용
2025-09-15 22:08:52,818 [INFO] ytcrawl: [CAP] 파싱 성공: lines=31, text_len=597
2025-09-15 22:08:52,818 [INFO] ytcrawl: [VIDEO] 완료: id=lf3_Q5DnEAo, views=50811, subs=104000, cap_len=597, form=쇼츠
2025-09-15 22:08:52,818 [INFO] ytcrawl: [VIDEO] 시작: id=zCoz1ARBItU url=https://www.youtube.com/watch?v=zCoz1ARBItU
2025-09-15 22:08:52,843 [INFO] ytcrawl: [CAP] 파싱 성공: lines=167, text_len=3223
2025-09-15 22:08:52,843 [INFO] ytcrawl: [VIDEO] 완료: id=rB-jQwJW3aA, views=27392, subs=12400, cap_len=3223, form=롱폼
2025-09-15 22:08:52,843 [INFO] ytcrawl: [VIDEO] 시작: id=NNu-2SxGmDg url=https://www.youtube.com/watch?v=NNu-2SxGmDg
2025-09-15 22:08:52,897 [INFO] ytcrawl: [CAP] 'a.ko' 발견 → 원문 사용
2025-09-15 22:08:52,903 [INFO] ytcrawl: [CAP] 'ko' 발견 → 원문 사용
2025-09-15 22:08:53,101 [INFO] ytcrawl: [CAP] 파싱 성공: lines=17, text_len=515
2025-09-15 22:08:53,101 [INFO] ytcrawl: [VIDEO] 완료: id=4P_rDKa1M4c, views=23969, subs=1880, cap_len=515, form=롱폼
2025-09-15 22:08:53,101 [INFO] ytcrawl: [VIDEO] 시작: id=_I0ONxYwIr0 url=https://www.youtube.com/watch?v=_I0ONxYwIr0
2025-09-15 22:08:53,169 [INFO] ytcrawl: [CAP] 'a.ko' 발견 → 원문 사용
2025-09-15 22:08:53,246 [INFO] ytcrawl: [CAP] 파싱 성공: lines=462, text_len=8782
2025-09-15 22:08:53,246 [INFO] ytcrawl: [VIDEO] 완료: id=JatOH6JD5Ps, views=178675, subs=14000, cap_len=8782, form=롱폼
2025-09-15 22:08:53,247 [INFO] ytcrawl: [VIDEO] 시작: id=GCjnAYy8X7E url=https://www.youtube.com/watch?v=GCjnAYy8X7E
2025-09-15 22:08:53,268 [INFO] ytcrawl: [CAP] 'a.ko' 발견 → 원문 사용
2025-09-15 22:08:53,524 [INFO] ytcrawl: [CAP] 파싱 성공: lines=465, text_len=8898
2025-09-15 22:08:53,525 [INFO] ytcrawl: [VIDEO] 완료: id=DdTkWNxfOT8, views=57067, subs=88200, cap_len=8898, form=롱폼
2025-09-15 22:08:53,525 [INFO] ytcrawl: [VIDEO] 시작: id=Vew4ZDD-_sw url=https://www.youtube.com/watch?v=Vew4ZDD-_sw
2025-09-15 22:08:53,846 [INFO] ytcrawl: [CAP] 파싱 성공: lines=26, text_len=494
2025-09-15 22:08:53,846 [INFO] ytcrawl: [VIDEO] 완료: id=cU5Vro7jmOM, views=419862, subs=102000, cap_len=494, form=쇼츠
2025-09-15 22:08:53,846 [INFO] ytcrawl: [VIDEO] 시작: id=8UomkJm7dEU url=https://www.youtube.com/watch?v=8UomkJm7dEU
2025-09-15 22:08:54,295 [DEBUG] ytcrawl: [HTTP] GET https://www.youtube.com/watch?v=yBdyO8uNfk0&hl=ko&gl=KR&persist_hl=1&persist_gl=1 -> 200, len=1030384
2025-09-15 22:08:54,321 [INFO] ytcrawl: [SUBS][WATCH] channel=UCQsgCksTm3cPnaqW7xYDemA text='구독자 2.3천명' -> 2300
2025-09-15 22:08:54,442 [DEBUG] ytcrawl: [CAP] 번역(a.en) 응답: 200, len=524
2025-09-15 22:08:54,442 [INFO] ytcrawl: [CAP] 파싱 성공: lines=4, text_len=15
2025-09-15 22:08:54,442 [INFO] ytcrawl: [VIDEO] 완료: id=yBdyO8uNfk0, views=2292614, subs=2300, cap_len=15, form=쇼츠
2025-09-15 22:08:54,442 [INFO] ytcrawl: [VIDEO] 시작: id=k_ANHTu0XlA url=https://www.youtube.com/watch?v=k_ANHTu0XlA
2025-09-15 22:08:54,675 [INFO] ytcrawl: [CAP] 'a.ko' 발견 → 원문 사용
2025-09-15 22:08:54,969 [INFO] ytcrawl: [CAP] 파싱 성공: lines=202, text_len=3272
2025-09-15 22:08:54,969 [INFO] ytcrawl: [VIDEO] 완료: id=zCoz1ARBItU, views=545780, subs=1860000, cap_len=3272, form=롱폼
2025-09-15 22:08:54,969 [INFO] ytcrawl: [VIDEO] 시작: id=__kx6gjwVGE url=https://www.youtube.com/watch?v=__kx6gjwVGE
2025-09-15 22:08:55,413 [INFO] ytcrawl: [CAP] 'a.ko' 발견 → 원문 사용
2025-09-15 22:08:55,625 [INFO] ytcrawl: [CAP] 파싱 성공: lines=3, text_len=28
2025-09-15 22:08:55,625 [INFO] ytcrawl: [VIDEO] 완료: id=_I0ONxYwIr0, views=121158, subs=73000, cap_len=28, form=쇼츠
2025-09-15 22:08:55,625 [INFO] ytcrawl: [VIDEO] 시작: id=NvpB58V0nzo url=https://www.youtube.com/watch?v=NvpB58V0nzo
2025-09-15 22:08:55,843 [DEBUG] ytcrawl: [HTTP] GET https://www.youtube.com/watch?v=GCjnAYy8X7E&hl=ko&gl=KR&persist_hl=1&persist_gl=1 -> 200, len=1026167
2025-09-15 22:08:55,872 [INFO] ytcrawl: [SUBS][WATCH] channel=UCM2Yq8WahiS5roPZXS9O0ng text='구독자 842명' -> 842
2025-09-15 22:08:55,906 [DEBUG] ytcrawl: [HTTP] GET https://www.youtube.com/watch?v=NNu-2SxGmDg&hl=ko&gl=KR&persist_hl=1&persist_gl=1 -> 200, len=1543190
2025-09-15 22:08:55,951 [INFO] ytcrawl: [SUBS][WATCH] channel=UCucFucgJnJKJRTEaO-_Fqsw text='구독자 21만명' -> 210000
2025-09-15 22:08:56,146 [INFO] ytcrawl: [CAP] 'a.ko' 발견 → 원문 사용
2025-09-15 22:08:56,314 [INFO] ytcrawl: [CAP] 'a.ko' 발견 → 원문 사용
2025-09-15 22:08:56,328 [DEBUG] ytcrawl: [HTTP] GET https://www.youtube.com/watch?v=Vew4ZDD-_sw&hl=ko&gl=KR&persist_hl=1&persist_gl=1 -> 200, len=1014249
2025-09-15 22:08:56,420 [INFO] ytcrawl: [SUBS][WATCH] channel=UCLMy9jiqHza03-gXuf9t-Kg text='구독자 509명' -> 509
2025-09-15 22:08:56,421 [INFO] ytcrawl: [CAP] XML 자막 미확보
2025-09-15 22:08:56,421 [INFO] ytcrawl: [VIDEO] 완료: id=Vew4ZDD-_sw, views=102035, subs=509, cap_len=0, form=쇼츠
2025-09-15 22:08:56,422 [INFO] ytcrawl: [VIDEO] 시작: id=KHOZKS7sxrw url=https://www.youtube.com/watch?v=KHOZKS7sxrw
2025-09-15 22:08:56,455 [INFO] ytcrawl: [CAP] 파싱 성공: lines=22, text_len=417
2025-09-15 22:08:56,455 [INFO] ytcrawl: [VIDEO] 완료: id=GCjnAYy8X7E, views=22283, subs=842, cap_len=417, form=쇼츠
2025-09-15 22:08:56,455 [INFO] ytcrawl: [VIDEO] 시작: id=OXpGlmne7kQ url=https://www.youtube.com/watch?v=OXpGlmne7kQ
2025-09-15 22:08:56,766 [INFO] ytcrawl: [CAP] 파싱 성공: lines=780, text_len=14821
2025-09-15 22:08:56,766 [INFO] ytcrawl: [VIDEO] 완료: id=NNu-2SxGmDg, views=789451, subs=210000, cap_len=14821, form=롱폼
2025-09-15 22:08:56,767 [INFO] ytcrawl: [VIDEO] 시작: id=WscadFiTztA url=https://www.youtube.com/watch?v=WscadFiTztA
2025-09-15 22:08:56,793 [INFO] ytcrawl: [CAP] 'a.ko' 발견 → 원문 사용
2025-09-15 22:08:56,843 [INFO] ytcrawl: [CAP] 'a.ko' 발견 → 원문 사용
2025-09-15 22:08:56,950 [DEBUG] ytcrawl: [HTTP] GET https://www.youtube.com/watch?v=8UomkJm7dEU&hl=ko&gl=KR&persist_hl=1&persist_gl=1 -> 200, len=1011250
2025-09-15 22:08:56,976 [INFO] ytcrawl: [SUBS][WATCH] channel=UCb-_7QY_hLOGRWWPPV61i7A text='구독자 2.85만명' -> 28500
2025-09-15 22:08:57,000 [INFO] ytcrawl: [CAP] 파싱 성공: lines=17, text_len=320
2025-09-15 22:08:57,000 [INFO] ytcrawl: [VIDEO] 완료: id=k_ANHTu0XlA, views=3381764, subs=1170000, cap_len=320, form=쇼츠
2025-09-15 22:08:57,000 [INFO] ytcrawl: [VIDEO] 시작: id=kjvxKLh6g6o url=https://www.youtube.com/watch?v=kjvxKLh6g6o
2025-09-15 22:08:57,052 [INFO] ytcrawl: [CAP] 파싱 성공: lines=35, text_len=620
2025-09-15 22:08:57,053 [INFO] ytcrawl: [VIDEO] 완료: id=__kx6gjwVGE, views=101234, subs=5270, cap_len=620, form=쇼츠
2025-09-15 22:08:57,053 [INFO] ytcrawl: [VIDEO] 시작: id=vzPG5Af32ak url=https://www.youtube.com/watch?v=vzPG5Af32ak
2025-09-15 22:08:57,188 [INFO] ytcrawl: [CAP] 'a.ko' 발견 → 원문 사용
2025-09-15 22:08:57,450 [INFO] ytcrawl: [CAP] 파싱 성공: lines=26, text_len=487
2025-09-15 22:08:57,451 [INFO] ytcrawl: [VIDEO] 완료: id=8UomkJm7dEU, views=10012, subs=28500, cap_len=487, form=쇼츠
2025-09-15 22:08:57,451 [INFO] ytcrawl: [VIDEO] 시작: id=7zq6_UwAJYY url=https://www.youtube.com/watch?v=7zq6_UwAJYY
2025-09-15 22:08:57,871 [INFO] ytcrawl: [CAP] XML 자막 미확보
2025-09-15 22:08:57,871 [INFO] ytcrawl: [VIDEO] 완료: id=NvpB58V0nzo, views=3932917, subs=1240000, cap_len=0, form=쇼츠
2025-09-15 22:08:57,871 [INFO] ytcrawl: [VIDEO] 시작: id=rdMCdED55d0 url=https://www.youtube.com/watch?v=rdMCdED55d0
2025-09-15 22:08:58,360 [INFO] ytcrawl: [CAP] 'a.ko' 발견 → 원문 사용
2025-09-15 22:08:58,649 [INFO] ytcrawl: [CAP] 파싱 성공: lines=12, text_len=178
2025-09-15 22:08:58,649 [INFO] ytcrawl: [VIDEO] 완료: id=OXpGlmne7kQ, views=352428, subs=790000, cap_len=178, form=쇼츠
2025-09-15 22:08:58,650 [INFO] ytcrawl: [VIDEO] 시작: id=YQNjKd08F-E url=https://www.youtube.com/watch?v=YQNjKd08F-E
2025-09-15 22:08:58,948 [INFO] ytcrawl: [CAP] 파싱 성공: lines=21, text_len=354
2025-09-15 22:08:58,948 [INFO] ytcrawl: [VIDEO] 완료: id=JyqDdj8L1_w, views=1632326, subs=383000, cap_len=354, form=쇼츠
2025-09-15 22:08:58,949 [INFO] ytcrawl: [VIDEO] 시작: id=0JwsXhzRBVY url=https://www.youtube.com/watch?v=0JwsXhzRBVY
2025-09-15 22:08:59,161 [DEBUG] ytcrawl: [HTTP] GET https://www.youtube.com/watch?v=KHOZKS7sxrw&hl=ko&gl=KR&persist_hl=1&persist_gl=1 -> 200, len=1034425
2025-09-15 22:08:59,183 [DEBUG] ytcrawl: [HTTP] GET https://www.youtube.com/watch?v=WscadFiTztA&hl=ko&gl=KR&persist_hl=1&persist_gl=1 -> 200, len=1046904
2025-09-15 22:08:59,197 [INFO] ytcrawl: [SUBS][WATCH] channel=UCi7Jz4rhQYGRJxJSM6C1sKw text='구독자 1.98천명' -> 1980
2025-09-15 22:08:59,229 [INFO] ytcrawl: [SUBS][WATCH] channel=UCL9VY4W53sIQ_9FlUrH8zmQ text='구독자 1.11만명' -> 11100
2025-09-15 22:08:59,556 [INFO] ytcrawl: [CAP] 'a.ko' 발견 → 원문 사용
2025-09-15 22:08:59,560 [DEBUG] ytcrawl: [HTTP] GET https://www.youtube.com/watch?v=kjvxKLh6g6o&hl=ko&gl=KR&persist_hl=1&persist_gl=1 -> 200, len=1021495
2025-09-15 22:08:59,593 [INFO] ytcrawl: [SUBS][WATCH] channel=UCaSXrWN-ELVE1RzgMO3Mk9A text='구독자 5.35만명' -> 53500
2025-09-15 22:08:59,593 [INFO] ytcrawl: [CAP] 'a.ko' 발견 → 원문 사용
2025-09-15 22:08:59,594 [INFO] ytcrawl: [CAP] XML 자막 미확보
2025-09-15 22:08:59,594 [INFO] ytcrawl: [VIDEO] 완료: id=kjvxKLh6g6o, views=55600, subs=53500, cap_len=0, form=쇼츠
2025-09-15 22:08:59,594 [INFO] ytcrawl: [VIDEO] 시작: id=hcN6u4QtJHo url=https://www.youtube.com/watch?v=hcN6u4QtJHo
2025-09-15 22:08:59,900 [INFO] ytcrawl: [CAP] 파싱 성공: lines=41, text_len=747
2025-09-15 22:08:59,900 [INFO] ytcrawl: [VIDEO] 완료: id=KHOZKS7sxrw, views=38485, subs=1980, cap_len=747, form=쇼츠
2025-09-15 22:08:59,900 [INFO] ytcrawl: [VIDEO] 시작: id=Vg0xdg7iVnw url=https://www.youtube.com/watch?v=Vg0xdg7iVnw
2025-09-15 22:08:59,930 [INFO] ytcrawl: [CAP] 파싱 성공: lines=10, text_len=180
2025-09-15 22:08:59,931 [INFO] ytcrawl: [VIDEO] 완료: id=WscadFiTztA, views=10987, subs=11100, cap_len=180, form=쇼츠
2025-09-15 22:08:59,931 [INFO] ytcrawl: [VIDEO] 시작: id=0kiDUZ3Q7Wk url=https://www.youtube.com/watch?v=0kiDUZ3Q7Wk
2025-09-15 22:09:00,112 [DEBUG] ytcrawl: [HTTP] GET https://www.youtube.com/watch?v=vzPG5Af32ak&hl=ko&gl=KR&persist_hl=1&persist_gl=1 -> 200, len=1009867
2025-09-15 22:09:00,153 [INFO] ytcrawl: [SUBS][WATCH] channel=UCS4TFAf-rDx26Wan816x0mA text='구독자 1.49천명' -> 1490
2025-09-15 22:09:00,318 [DEBUG] ytcrawl: [HTTP] GET https://www.youtube.com/watch?v=7zq6_UwAJYY&hl=ko&gl=KR&persist_hl=1&persist_gl=1 -> 200, len=992298
2025-09-15 22:09:00,349 [INFO] ytcrawl: [SUBS][WATCH] channel=UCAMjZy4VJ6sWo0gUm76Odtw text='구독자 1.64만명' -> 16400
2025-09-15 22:09:00,350 [INFO] ytcrawl: [CAP] XML 자막 미확보
2025-09-15 22:09:00,350 [INFO] ytcrawl: [VIDEO] 완료: id=7zq6_UwAJYY, views=20209, subs=16400, cap_len=0, form=쇼츠
2025-09-15 22:09:00,350 [INFO] ytcrawl: [VIDEO] 시작: id=_aHMNi08kys url=https://www.youtube.com/watch?v=_aHMNi08kys
2025-09-15 22:09:00,515 [INFO] ytcrawl: [CAP] 'a.ko' 발견 → 원문 사용
2025-09-15 22:09:00,853 [INFO] ytcrawl: [CAP] 파싱 성공: lines=23, text_len=453
2025-09-15 22:09:00,853 [INFO] ytcrawl: [VIDEO] 완료: id=vzPG5Af32ak, views=28603, subs=1490, cap_len=453, form=쇼츠
2025-09-15 22:09:00,853 [INFO] ytcrawl: [VIDEO] 시작: id=EudBKNWA6B4 url=https://www.youtube.com/watch?v=EudBKNWA6B4
2025-09-15 22:09:01,274 [INFO] ytcrawl: [CAP] 'a.ko' 발견 → 원문 사용
2025-09-15 22:09:01,677 [DEBUG] ytcrawl: [HTTP] GET https://www.youtube.com/watch?v=rdMCdED55d0&hl=ko&gl=KR&persist_hl=1&persist_gl=1 -> 200, len=1083276
2025-09-15 22:09:01,712 [INFO] ytcrawl: [SUBS][WATCH] channel=UCkHWSzIEftkFtr5sfgf81VQ text='구독자 5.82만명' -> 58200
2025-09-15 22:09:01,714 [INFO] ytcrawl: [CAP] 파싱 성공: lines=204, text_len=3939
2025-09-15 22:09:01,714 [INFO] ytcrawl: [VIDEO] 완료: id=0JwsXhzRBVY, views=124024, subs=4510, cap_len=3939, form=롱폼
2025-09-15 22:09:01,715 [INFO] ytcrawl: [VIDEO] 시작: id=-VC_kKS4Zuc url=https://www.youtube.com/watch?v=-VC_kKS4Zuc
2025-09-15 22:09:02,015 [DEBUG] ytcrawl: [HTTP] GET https://www.youtube.com/watch?v=YQNjKd08F-E&hl=ko&gl=KR&persist_hl=1&persist_gl=1 -> 200, len=1025314
2025-09-15 22:09:02,048 [INFO] ytcrawl: [SUBS][WATCH] channel=UC5EDfhrE-oxuhOKwxKYaOBg text='구독자 1.65만명' -> 16500
2025-09-15 22:09:02,094 [INFO] ytcrawl: [CAP] 'a.ko' 발견 → 원문 사용
2025-09-15 22:09:02,343 [INFO] ytcrawl: [CAP] 'a.ko' 발견 → 원문 사용
2025-09-15 22:09:02,357 [INFO] ytcrawl: [CAP] 'a.ko' 발견 → 원문 사용
2025-09-15 22:09:02,777 [INFO] ytcrawl: [CAP] 파싱 성공: lines=222, text_len=3929
2025-09-15 22:09:02,778 [INFO] ytcrawl: [CAP] 파싱 성공: lines=30, text_len=576
2025-09-15 22:09:02,779 [INFO] ytcrawl: [VIDEO] 완료: id=Vg0xdg7iVnw, views=191832, subs=14200, cap_len=3929, form=롱폼
2025-09-15 22:09:02,779 [INFO] ytcrawl: [VIDEO] 완료: id=YQNjKd08F-E, views=1696, subs=16500, cap_len=576, form=쇼츠
2025-09-15 22:09:02,779 [INFO] ytcrawl: [VIDEO] 시작: id=kHkrU_9SQuU url=https://www.youtube.com/watch?v=kHkrU_9SQuU
2025-09-15 22:09:02,781 [INFO] ytcrawl: [VIDEO] 시작: id=W2IeqohVcek url=https://www.youtube.com/watch?v=W2IeqohVcek
2025-09-15 22:09:02,839 [DEBUG] ytcrawl: [HTTP] GET https://www.youtube.com/watch?v=hcN6u4QtJHo&hl=ko&gl=KR&persist_hl=1&persist_gl=1 -> 200, len=1048949
2025-09-15 22:09:02,875 [INFO] ytcrawl: [SUBS][WATCH] channel=UCxGPWbQKgM1rLUnjZhtrtYA text='구독자 7.13천명' -> 7130
2025-09-15 22:09:03,050 [DEBUG] ytcrawl: [HTTP] GET https://www.youtube.com/watch?v=0kiDUZ3Q7Wk&hl=ko&gl=KR&persist_hl=1&persist_gl=1 -> 200, len=1537905
2025-09-15 22:09:03,089 [INFO] ytcrawl: [SUBS][WATCH] channel=UCKikOnRUZTPyTSHqZ3gPLiw text='구독자 3.91만명' -> 39100
2025-09-15 22:09:03,091 [DEBUG] ytcrawl: [HTTP] GET https://www.youtube.com/watch?v=_aHMNi08kys&hl=ko&gl=KR&persist_hl=1&persist_gl=1 -> 200, len=950281
2025-09-15 22:09:03,111 [INFO] ytcrawl: [SUBS][WATCH] channel=UCPr7-TbEy1MAXcEvrAmRydg text='구독자 1.86만명' -> 18600
2025-09-15 22:09:03,245 [INFO] ytcrawl: [CAP] 'a.ko' 발견 → 원문 사용
2025-09-15 22:09:03,306 [DEBUG] ytcrawl: [HTTP] GET https://www.youtube.com/watch?v=EudBKNWA6B4&hl=ko&gl=KR&persist_hl=1&persist_gl=1 -> 200, len=1244691
2025-09-15 22:09:03,338 [INFO] ytcrawl: [SUBS][WATCH] channel=UCjbCybPAfU5Oh-QHkCg5AwA text='구독자 3.2만명' -> 32000
2025-09-15 22:09:03,354 [INFO] ytcrawl: [CAP] 'a.ko' 발견 → 원문 사용
2025-09-15 22:09:03,411 [INFO] ytcrawl: [CAP] 'a.ko' 발견 → 원문 사용
2025-09-15 22:09:03,582 [INFO] ytcrawl: [CAP] 파싱 성공: lines=77, text_len=1329
2025-09-15 22:09:03,583 [INFO] ytcrawl: [CAP] 파싱 성공: lines=86, text_len=1555
2025-09-15 22:09:03,583 [INFO] ytcrawl: [VIDEO] 완료: id=_aHMNi08kys, views=1163, subs=18600, cap_len=1329, form=쇼츠
2025-09-15 22:09:03,583 [INFO] ytcrawl: [VIDEO] 완료: id=hcN6u4QtJHo, views=162100, subs=7130, cap_len=1555, form=롱폼
2025-09-15 22:09:03,583 [INFO] ytcrawl: [VIDEO] 시작: id=k-XQMhsovDM url=https://www.youtube.com/watch?v=k-XQMhsovDM
2025-09-15 22:09:03,584 [INFO] ytcrawl: [VIDEO] 시작: id=I7l8PtJBYUY url=https://www.youtube.com/watch?v=I7l8PtJBYUY
2025-09-15 22:09:03,632 [INFO] ytcrawl: [CAP] 'a.ko' 발견 → 원문 사용
2025-09-15 22:09:03,846 [INFO] ytcrawl: [CAP] 파싱 성공: lines=405, text_len=7722
2025-09-15 22:09:03,846 [INFO] ytcrawl: [VIDEO] 완료: id=0kiDUZ3Q7Wk, views=158392, subs=39100, cap_len=7722, form=롱폼
2025-09-15 22:09:03,846 [INFO] ytcrawl: [VIDEO] 시작: id=10deVIk17pQ url=https://www.youtube.com/watch?v=10deVIk17pQ
2025-09-15 22:09:03,910 [INFO] ytcrawl: [CAP] 파싱 성공: lines=22, text_len=327
2025-09-15 22:09:03,910 [INFO] ytcrawl: [VIDEO] 완료: id=EudBKNWA6B4, views=76788, subs=32000, cap_len=327, form=쇼츠
2025-09-15 22:09:03,910 [INFO] ytcrawl: [VIDEO] 시작: id=PNOWs2ECIO0 url=https://www.youtube.com/watch?v=PNOWs2ECIO0
2025-09-15 22:09:05,016 [DEBUG] ytcrawl: [HTTP] GET https://www.youtube.com/watch?v=-VC_kKS4Zuc&hl=ko&gl=KR&persist_hl=1&persist_gl=1 -> 200, len=1412078
2025-09-15 22:09:05,047 [INFO] ytcrawl: [SUBS][WATCH] channel=UCU8uafr_iROxRVI6c23Q_bA text='구독자 296만명' -> 2960000
2025-09-15 22:09:05,373 [DEBUG] ytcrawl: [HTTP] GET https://www.youtube.com/watch?v=kHkrU_9SQuU&hl=ko&gl=KR&persist_hl=1&persist_gl=1 -> 200, len=1010280
2025-09-15 22:09:05,398 [INFO] ytcrawl: [SUBS][WATCH] channel=UCYGGtPAKVBLBCK2Z1u5FQRg text='구독자 655명' -> 655
2025-09-15 22:09:05,462 [INFO] ytcrawl: [CAP] 'a.ko' 발견 → 원문 사용
2025-09-15 22:09:05,594 [INFO] ytcrawl: [CAP] 'a.ko' 발견 → 원문 사용
2025-09-15 22:09:05,609 [INFO] ytcrawl: [CAP] 'a.ko' 발견 → 원문 사용
2025-09-15 22:09:05,669 [DEBUG] ytcrawl: [HTTP] GET https://www.youtube.com/watch?v=W2IeqohVcek&hl=ko&gl=KR&persist_hl=1&persist_gl=1 -> 200, len=1533560
2025-09-15 22:09:05,709 [INFO] ytcrawl: [SUBS][WATCH] channel=UCsu7-OM7pZWSeDWEaPBtLHA text='구독자 7.03만명' -> 70300
2025-09-15 22:09:05,709 [INFO] ytcrawl: [CAP] 파싱 성공: lines=37, text_len=604
2025-09-15 22:09:05,710 [INFO] ytcrawl: [VIDEO] 완료: id=I7l8PtJBYUY, views=28876, subs=19200, cap_len=604, form=쇼츠
2025-09-15 22:09:05,710 [INFO] ytcrawl: [VIDEO] 시작: id=xETOGVXNvio url=https://www.youtube.com/watch?v=xETOGVXNvio
2025-09-15 22:09:05,733 [INFO] ytcrawl: [CAP] 'a.ko' 발견 → 원문 사용
2025-09-15 22:09:05,820 [INFO] ytcrawl: [CAP] 파싱 성공: lines=11, text_len=181
2025-09-15 22:09:05,820 [INFO] ytcrawl: [VIDEO] 완료: id=kHkrU_9SQuU, views=90074, subs=655, cap_len=181, form=쇼츠
2025-09-15 22:09:05,820 [INFO] ytcrawl: [VIDEO] 시작: id=WMRquQkdr04 url=https://www.youtube.com/watch?v=WMRquQkdr04
2025-09-15 22:09:05,903 [INFO] ytcrawl: [CAP] 파싱 성공: lines=275, text_len=4310
2025-09-15 22:09:05,905 [INFO] ytcrawl: [VIDEO] 완료: id=-VC_kKS4Zuc, views=493133, subs=2960000, cap_len=4310, form=롱폼
2025-09-15 22:09:05,905 [INFO] ytcrawl: [VIDEO] 시작: id=x8UVmKU0P8g url=https://www.youtube.com/watch?v=x8UVmKU0P8g
2025-09-15 22:09:05,952 [INFO] ytcrawl: [CAP] 파싱 성공: lines=39, text_len=684
2025-09-15 22:09:05,953 [INFO] ytcrawl: [VIDEO] 완료: id=10deVIk17pQ, views=101670, subs=19200, cap_len=684, form=쇼츠
2025-09-15 22:09:05,953 [INFO] ytcrawl: [VIDEO] 시작: id=ejt505ooPFI url=https://www.youtube.com/watch?v=ejt505ooPFI
2025-09-15 22:09:06,034 [DEBUG] ytcrawl: [HTTP] GET https://www.youtube.com/watch?v=k-XQMhsovDM&hl=ko&gl=KR&persist_hl=1&persist_gl=1 -> 200, len=1015167
2025-09-15 22:09:06,063 [INFO] ytcrawl: [SUBS][WATCH] channel=UCy8Q0j2b0GIRGF-LKaMvmHg text='구독자 2.78천명' -> 2780
2025-09-15 22:09:06,065 [INFO] ytcrawl: [CAP] XML 자막 미확보
2025-09-15 22:09:06,065 [INFO] ytcrawl: [VIDEO] 완료: id=k-XQMhsovDM, views=247157, subs=2780, cap_len=0, form=쇼츠
2025-09-15 22:09:06,065 [INFO] ytcrawl: [VIDEO] 시작: id=ouHZ2B1AYEw url=https://www.youtube.com/watch?v=ouHZ2B1AYEw
2025-09-15 22:09:06,213 [INFO] ytcrawl: [CAP] 'a.ko' 발견 → 원문 사용
2025-09-15 22:09:06,493 [INFO] ytcrawl: [CAP] 파싱 성공: lines=197, text_len=3512
2025-09-15 22:09:06,493 [INFO] ytcrawl: [VIDEO] 완료: id=W2IeqohVcek, views=14102, subs=70300, cap_len=3512, form=롱폼
2025-09-15 22:09:06,493 [INFO] ytcrawl: [VIDEO] 시작: id=etGuX0sKhkA url=https://www.youtube.com/watch?v=etGuX0sKhkA
2025-09-15 22:09:06,616 [DEBUG] ytcrawl: [HTTP] GET https://www.youtube.com/watch?v=PNOWs2ECIO0&hl=ko&gl=KR&persist_hl=1&persist_gl=1 -> 200, len=1025876
2025-09-15 22:09:06,644 [INFO] ytcrawl: [SUBS][WATCH] channel=UCDMOOdCDsRJswk_99ZZsWig text='구독자 1.05만명' -> 10500
2025-09-15 22:09:06,883 [INFO] ytcrawl: [CAP] 'a.ko' 발견 → 원문 사용
2025-09-15 22:09:07,098 [INFO] ytcrawl: [CAP] 파싱 성공: lines=19, text_len=310
2025-09-15 22:09:07,098 [INFO] ytcrawl: [VIDEO] 완료: id=PNOWs2ECIO0, views=4363, subs=10500, cap_len=310, form=쇼츠
2025-09-15 22:09:07,098 [INFO] ytcrawl: [VIDEO] 시작: id=0_MwAwCblAU url=https://www.youtube.com/watch?v=0_MwAwCblAU
2025-09-15 22:09:07,763 [INFO] ytcrawl: [CAP] 'a.ko' 발견 → 원문 사용
2025-09-15 22:09:07,984 [INFO] ytcrawl: [CAP] 파싱 성공: lines=17, text_len=326
2025-09-15 22:09:07,985 [INFO] ytcrawl: [VIDEO] 완료: id=ejt505ooPFI, views=6773, subs=1490, cap_len=326, form=쇼츠
2025-09-15 22:09:07,985 [INFO] ytcrawl: [VIDEO] 시작: id=BKhtd6PCuqo url=https://www.youtube.com/watch?v=BKhtd6PCuqo
2025-09-15 22:09:08,015 [DEBUG] ytcrawl: [HTTP] GET https://www.youtube.com/watch?v=xETOGVXNvio&hl=ko&gl=KR&persist_hl=1&persist_gl=1 -> 200, len=1053454
2025-09-15 22:09:08,018 [DEBUG] ytcrawl: [HTTP] GET https://www.youtube.com/watch?v=x8UVmKU0P8g&hl=ko&gl=KR&persist_hl=1&persist_gl=1 -> 200, len=1034202
2025-09-15 22:09:08,051 [INFO] ytcrawl: [SUBS][WATCH] channel=UCkTRKCuFrRiXQm_gMG1uDvg text='구독자 50.3만명' -> 503000
2025-09-15 22:09:08,086 [INFO] ytcrawl: [SUBS][WATCH] channel=UCRcnnJ-kT0h45hqabDouMIw text='구독자 1.06만명' -> 10600
2025-09-15 22:09:08,088 [INFO] ytcrawl: [CAP] XML 자막 미확보
2025-09-15 22:09:08,088 [INFO] ytcrawl: [CAP] XML 자막 미확보
2025-09-15 22:09:08,089 [INFO] ytcrawl: [VIDEO] 완료: id=xETOGVXNvio, views=4873, subs=503000, cap_len=0, form=쇼츠
2025-09-15 22:09:08,089 [INFO] ytcrawl: [VIDEO] 완료: id=x8UVmKU0P8g, views=1236355, subs=10600, cap_len=0, form=쇼츠
2025-09-15 22:09:08,089 [INFO] ytcrawl: [VIDEO] 시작: id=o2Ees0_IDxA url=https://www.youtube.com/watch?v=o2Ees0_IDxA
2025-09-15 22:09:08,090 [INFO] ytcrawl: [VIDEO] 시작: id=Kez2MXaUv6A url=https://www.youtube.com/watch?v=Kez2MXaUv6A
2025-09-15 22:09:08,572 [DEBUG] ytcrawl: [HTTP] GET https://www.youtube.com/watch?v=ouHZ2B1AYEw&hl=ko&gl=KR&persist_hl=1&persist_gl=1 -> 200, len=997914
2025-09-15 22:09:08,599 [INFO] ytcrawl: [SUBS][WATCH] channel=UCAtjUYsLB4PEISQaIhQ3vWg text='구독자 1.45천명' -> 1450
2025-09-15 22:09:08,688 [DEBUG] ytcrawl: [HTTP] GET https://www.youtube.com/watch?v=WMRquQkdr04&hl=ko&gl=KR&persist_hl=1&persist_gl=1 -> 200, len=1547195
2025-09-15 22:09:08,730 [INFO] ytcrawl: [SUBS][WATCH] channel=UCDAmWzKQzoqmiSeFcAujgrg text='구독자 26.5만명' -> 265000
2025-09-15 22:09:08,867 [INFO] ytcrawl: [CAP] 'a.ko' 발견 → 원문 사용
2025-09-15 22:09:08,955 [INFO] ytcrawl: [CAP] 파싱 성공: lines=16, text_len=298
2025-09-15 22:09:08,955 [INFO] ytcrawl: [VIDEO] 완료: id=rdMCdED55d0, views=21535, subs=58200, cap_len=298, form=쇼츠
2025-09-15 22:09:08,955 [INFO] ytcrawl: [VIDEO] 시작: id=4o_0DnkZ8Nc url=https://www.youtube.com/watch?v=4o_0DnkZ8Nc
2025-09-15 22:09:09,053 [INFO] ytcrawl: [CAP] 'a.ko' 발견 → 원문 사용
2025-09-15 22:09:09,193 [INFO] ytcrawl: [CAP] 파싱 성공: lines=35, text_len=613
2025-09-15 22:09:09,193 [INFO] ytcrawl: [VIDEO] 완료: id=ouHZ2B1AYEw, views=7678, subs=1450, cap_len=613, form=쇼츠
2025-09-15 22:09:09,194 [INFO] ytcrawl: [VIDEO] 시작: id=3_BByYvNLM8 url=https://www.youtube.com/watch?v=3_BByYvNLM8
2025-09-15 22:09:09,348 [INFO] ytcrawl: [CAP] 파싱 성공: lines=291, text_len=5456
2025-09-15 22:09:09,349 [INFO] ytcrawl: [VIDEO] 완료: id=WMRquQkdr04, views=247192, subs=265000, cap_len=5456, form=롱폼
2025-09-15 22:09:09,349 [INFO] ytcrawl: [VIDEO] 시작: id=rp4_RcUI8qA url=https://www.youtube.com/watch?v=rp4_RcUI8qA
2025-09-15 22:09:09,377 [DEBUG] ytcrawl: [HTTP] GET https://www.youtube.com/watch?v=etGuX0sKhkA&hl=ko&gl=KR&persist_hl=1&persist_gl=1 -> 200, len=1024218
2025-09-15 22:09:09,405 [INFO] ytcrawl: [SUBS][WATCH] channel=UCYCJtHzSmazJ443DZK6uWow text='구독자 4.28만명' -> 42800
2025-09-15 22:09:09,638 [INFO] ytcrawl: [CAP] 'a.ko' 발견 → 원문 사용
2025-09-15 22:09:09,944 [INFO] ytcrawl: [CAP] 파싱 성공: lines=35, text_len=671
2025-09-15 22:09:09,945 [INFO] ytcrawl: [VIDEO] 완료: id=etGuX0sKhkA, views=150453, subs=42800, cap_len=671, form=쇼츠
2025-09-15 22:09:09,945 [INFO] ytcrawl: [VIDEO] 시작: id=u0zki-oR7_Q url=https://www.youtube.com/watch?v=u0zki-oR7_Q
2025-09-15 22:09:10,168 [DEBUG] ytcrawl: [HTTP] GET https://www.youtube.com/watch?v=0_MwAwCblAU&hl=ko&gl=KR&persist_hl=1&persist_gl=1 -> 200, len=1012501
2025-09-15 22:09:10,198 [INFO] ytcrawl: [SUBS][WATCH] channel=UCELzckPRieQb8wK6hrffzfQ text='구독자 1.7만명' -> 17000
2025-09-15 22:09:10,405 [DEBUG] ytcrawl: [HTTP] GET https://www.youtube.com/watch?v=Kez2MXaUv6A&hl=ko&gl=KR&persist_hl=1&persist_gl=1 -> 200, len=1038504
2025-09-15 22:09:10,436 [INFO] ytcrawl: [SUBS][WATCH] channel=UC2DK2DzuP6yuExLZW5hu-WQ text='구독자 77명' -> 77
2025-09-15 22:09:10,485 [DEBUG] ytcrawl: [HTTP] GET https://www.youtube.com/watch?v=BKhtd6PCuqo&hl=ko&gl=KR&persist_hl=1&persist_gl=1 -> 200, len=1000993
2025-09-15 22:09:10,513 [INFO] ytcrawl: [SUBS][WATCH] channel=UCPEjIFaXvs6ToEuXs8z5vxg text='구독자 1.08만명' -> 10800
2025-09-15 22:09:10,515 [DEBUG] ytcrawl: [CAP] 번역(a.en) 응답: 429, len=1103
2025-09-15 22:09:10,691 [INFO] ytcrawl: [CAP] 'a.ko' 발견 → 원문 사용
2025-09-15 22:09:11,011 [DEBUG] ytcrawl: [HTTP] GET https://www.youtube.com/watch?v=o2Ees0_IDxA&hl=ko&gl=KR&persist_hl=1&persist_gl=1 -> 200, len=1462863
2025-09-15 22:09:11,046 [DEBUG] ytcrawl: [CAP] 번역(a.en) 응답: 429, len=1103
2025-09-15 22:09:11,048 [INFO] ytcrawl: [SUBS][WATCH] channel=UCssMAfwEpQF0GZ8V0a57vuQ text='구독자 4.53만명' -> 45300
2025-09-15 22:09:11,048 [DEBUG] ytcrawl: [CAP][PR] GET https://www.youtube.com/api/timedtext?v=0_MwAwCblAU&ei=8w_IaPOGNprnpt8PpsfD6Qo&caps=asr&opi=112496729&exp=xpe&xoaf=5&xowf=1&hl=en&ip=0.0.0.0&ipbits=0&expire=1757966947&sparams=ip,ipbits,expire,v,ei,caps,opi,exp,xoaf&signature=AF44E6682043EF39BE1CD231A9E41D3FFC637ADF.6686273B897EB26E5F9CD59BED3886E24886ECCA&key=yt8&kind=asr&lang=en&fmt=srv3&tlang=ko -> 429, len=1103
2025-09-15 22:09:11,049 [INFO] ytcrawl: [CAP] 파싱 성공: lines=92, text_len=1565
2025-09-15 22:09:11,050 [INFO] ytcrawl: [CAP] XML 자막 미확보
2025-09-15 22:09:11,051 [INFO] ytcrawl: [VIDEO] 완료: id=Kez2MXaUv6A, views=20, subs=77, cap_len=1565, form=롱폼
2025-09-15 22:09:11,051 [INFO] ytcrawl: [VIDEO] 완료: id=0_MwAwCblAU, views=4556, subs=17000, cap_len=0, form=쇼츠
2025-09-15 22:09:11,051 [INFO] ytcrawl: [VIDEO] 시작: id=jQ08jSd7jdM url=https://www.youtube.com/watch?v=jQ08jSd7jdM
2025-09-15 22:09:11,052 [INFO] ytcrawl: [VIDEO] 시작: id=AOC9ANE9T_s url=https://www.youtube.com/watch?v=AOC9ANE9T_s
2025-09-15 22:09:11,187 [DEBUG] ytcrawl: [HTTP] GET https://www.youtube.com/watch?v=4o_0DnkZ8Nc&hl=ko&gl=KR&persist_hl=1&persist_gl=1 -> 200, len=1002527
2025-09-15 22:09:11,215 [INFO] ytcrawl: [SUBS][WATCH] channel=UCuQZZPmb-HEbGdh3-lN8t0w text='구독자 1.8만명' -> 18000
2025-09-15 22:09:11,216 [INFO] ytcrawl: [CAP] XML 자막 미확보
2025-09-15 22:09:11,217 [INFO] ytcrawl: [VIDEO] 완료: id=4o_0DnkZ8Nc, views=66695, subs=18000, cap_len=0, form=쇼츠
2025-09-15 22:09:11,217 [INFO] ytcrawl: [VIDEO] 시작: id=TsEjMgVnswc url=https://www.youtube.com/watch?v=TsEjMgVnswc
2025-09-15 22:09:11,432 [INFO] ytcrawl: [CAP] 'a.ko' 발견 → 원문 사용
2025-09-15 22:09:11,532 [DEBUG] ytcrawl: [CAP][PR] GET https://www.youtube.com/api/timedtext?v=BKhtd6PCuqo&ei=9A_IaJyCN6u_1d8P9d-48Ak&caps=asr&opi=112496729&exp=xpe&xoaf=5&xowf=1&hl=en&ip=0.0.0.0&ipbits=0&expire=1757966948&sparams=ip,ipbits,expire,v,ei,caps,opi,exp,xoaf&signature=B46323EE3D26BF297D6DEBAA7316BD8FFE243B85.C569AE054EE90B3539DF97A3BCABE047707DB1EB&key=yt8&kind=asr&lang=en&fmt=srv3&tlang=ko -> 429, len=1103
2025-09-15 22:09:11,533 [INFO] ytcrawl: [CAP] XML 자막 미확보
2025-09-15 22:09:11,533 [INFO] ytcrawl: [VIDEO] 완료: id=BKhtd6PCuqo, views=50034, subs=10800, cap_len=0, form=쇼츠
2025-09-15 22:09:11,533 [INFO] ytcrawl: [VIDEO] 시작: id=ElxIsY136FI url=https://www.youtube.com/watch?v=ElxIsY136FI
2025-09-15 22:09:11,724 [INFO] ytcrawl: [CAP] XML 자막 미확보
2025-09-15 22:09:11,724 [INFO] ytcrawl: [VIDEO] 완료: id=u0zki-oR7_Q, views=122602, subs=2780, cap_len=0, form=쇼츠
2025-09-15 22:09:11,724 [INFO] ytcrawl: [VIDEO] 시작: id=sUnyLQCuUMY url=https://www.youtube.com/watch?v=sUnyLQCuUMY
2025-09-15 22:09:11,783 [INFO] ytcrawl: [CAP] 파싱 성공: lines=429, text_len=8173
2025-09-15 22:09:11,783 [INFO] ytcrawl: [VIDEO] 완료: id=o2Ees0_IDxA, views=83052, subs=45300, cap_len=8173, form=롱폼
2025-09-15 22:09:11,783 [INFO] ytcrawl: [VIDEO] 시작: id=KzdIqi-mmVk url=https://www.youtube.com/watch?v=KzdIqi-mmVk
2025-09-15 22:09:11,812 [DEBUG] ytcrawl: [HTTP] GET https://www.youtube.com/watch?v=3_BByYvNLM8&hl=ko&gl=KR&persist_hl=1&persist_gl=1 -> 200, len=1511325
2025-09-15 22:09:11,844 [INFO] ytcrawl: [SUBS][WATCH] channel=UCCfy_jauEe07jowzGkEqo-g text='구독자 56만명' -> 560000
2025-09-15 22:09:11,970 [DEBUG] ytcrawl: [CAP] 번역(a.en) 응답: 429, len=1103
2025-09-15 22:09:12,098 [INFO] ytcrawl: [CAP] 'a.ko' 발견 → 원문 사용
2025-09-15 22:09:12,433 [DEBUG] ytcrawl: [CAP][PR] GET https://www.youtube.com/api/timedtext?v=rp4_RcUI8qA&ei=9g_IaOCkFvOY1d8Py8zn2QI&caps=asr&opi=112496729&exp=xpe&xoaf=5&hl=en&ip=0.0.0.0&ipbits=0&expire=1757966950&sparams=ip,ipbits,expire,v,ei,caps,opi,exp,xoaf&signature=25DC60B0849E2F316973E59E391DD9E08A2A5935.EFBA9B8F7933E21E5481223E351173A413127807&key=yt8&kind=asr&lang=en&fmt=srv3&tlang=ko -> 429, len=1103
2025-09-15 22:09:12,433 [INFO] ytcrawl: [CAP] XML 자막 미확보
2025-09-15 22:09:12,433 [INFO] ytcrawl: [VIDEO] 완료: id=rp4_RcUI8qA, views=149573840, subs=2320000, cap_len=0, form=쇼츠
2025-09-15 22:09:12,433 [INFO] ytcrawl: [VIDEO] 시작: id=6jfrOOUq27o url=https://www.youtube.com/watch?v=6jfrOOUq27o
2025-09-15 22:09:12,663 [INFO] ytcrawl: [CAP] 파싱 성공: lines=58, text_len=1019
2025-09-15 22:09:12,664 [INFO] ytcrawl: [VIDEO] 완료: id=3_BByYvNLM8, views=9974, subs=560000, cap_len=1019, form=롱폼
2025-09-15 22:09:12,664 [INFO] ytcrawl: [VIDEO] 시작: id=ETaHAlnX28Q url=https://www.youtube.com/watch?v=ETaHAlnX28Q
2025-09-15 22:09:13,379 [INFO] ytcrawl: [CAP] 'a.ko' 발견 → 원문 사용
2025-09-15 22:09:13,533 [DEBUG] ytcrawl: [HTTP] GET https://www.youtube.com/watch?v=TsEjMgVnswc&hl=ko&gl=KR&persist_hl=1&persist_gl=1 -> 200, len=1016802
2025-09-15 22:09:13,561 [INFO] ytcrawl: [SUBS][WATCH] channel=UCaKr1KZA-DDbaZlpMlu_QEQ text='구독자 35.2만명' -> 352000
2025-09-15 22:09:13,629 [INFO] ytcrawl: [CAP] 파싱 성공: lines=13, text_len=198
2025-09-15 22:09:13,630 [INFO] ytcrawl: [VIDEO] 완료: id=jQ08jSd7jdM, views=883625, subs=5540, cap_len=198, form=쇼츠
2025-09-15 22:09:13,630 [INFO] ytcrawl: [VIDEO] 시작: id=dmxlXq0epRs url=https://www.youtube.com/watch?v=dmxlXq0epRs
2025-09-15 22:09:13,832 [DEBUG] ytcrawl: [HTTP] GET https://www.youtube.com/watch?v=AOC9ANE9T_s&hl=ko&gl=KR&persist_hl=1&persist_gl=1 -> 200, len=1016534
2025-09-15 22:09:13,864 [INFO] ytcrawl: [SUBS][WATCH] channel=UC5D72nmG8-gLBni4fweyKRA text='구독자 1.86천명' -> 1860
2025-09-15 22:09:13,866 [INFO] ytcrawl: [CAP] XML 자막 미확보
2025-09-15 22:09:13,866 [INFO] ytcrawl: [VIDEO] 완료: id=AOC9ANE9T_s, views=179890, subs=1860, cap_len=0, form=쇼츠
2025-09-15 22:09:13,866 [INFO] ytcrawl: [VIDEO] 시작: id=42AK0dkahYI url=https://www.youtube.com/watch?v=42AK0dkahYI
2025-09-15 22:09:13,973 [DEBUG] ytcrawl: [CAP][PR] GET https://www.youtube.com/api/timedtext?v=TsEjMgVnswc&ei=-A_IaP1jgJm9wA_dwfnQDw&caps=asr&opi=112496729&exp=xpe&xoaf=5&xowf=1&xospf=1&hl=en&ip=0.0.0.0&ipbits=0&expire=1757966952&sparams=ip,ipbits,expire,v,ei,caps,opi,exp,xoaf&signature=76DEF17362CC1DDB3D97A9E56755F1AFEC1A8FC9.302BCB313A8F312FE48D7E21CB2F46BA5B143572&key=yt8&kind=asr&lang=hi&fmt=srv3&tlang=ko -> 429, len=1103
2025-09-15 22:09:13,973 [INFO] ytcrawl: [CAP] XML 자막 미확보
2025-09-15 22:09:13,973 [INFO] ytcrawl: [VIDEO] 완료: id=TsEjMgVnswc, views=60442, subs=352000, cap_len=0, form=쇼츠
2025-09-15 22:09:13,973 [INFO] ytcrawl: [VIDEO] 시작: id=Ev-xoaAAq7E url=https://www.youtube.com/watch?v=Ev-xoaAAq7E
2025-09-15 22:09:13,998 [INFO] ytcrawl: [CAP] 'a.ko' 발견 → 원문 사용
2025-09-15 22:09:14,093 [DEBUG] ytcrawl: [HTTP] GET https://www.youtube.com/watch?v=ElxIsY136FI&hl=ko&gl=KR&persist_hl=1&persist_gl=1 -> 200, len=1031808
2025-09-15 22:09:14,126 [INFO] ytcrawl: [SUBS][WATCH] channel=UCfJ9vPT6JHtP3NobNRZMvsA text='구독자 17.5만명' -> 175000
2025-09-15 22:09:14,209 [INFO] ytcrawl: [CAP] 파싱 성공: lines=4, text_len=81
2025-09-15 22:09:14,209 [INFO] ytcrawl: [VIDEO] 완료: id=KzdIqi-mmVk, views=291799, subs=84100, cap_len=81, form=쇼츠
2025-09-15 22:09:14,209 [INFO] ytcrawl: [VIDEO] 시작: id=o6g-zFzOtBY url=https://www.youtube.com/watch?v=o6g-zFzOtBY
2025-09-15 22:09:14,504 [INFO] ytcrawl: [CAP] 'a.ko' 발견 → 원문 사용
2025-09-15 22:09:14,508 [DEBUG] ytcrawl: [HTTP] GET https://www.youtube.com/watch?v=sUnyLQCuUMY&hl=ko&gl=KR&persist_hl=1&persist_gl=1 -> 200, len=1012541
2025-09-15 22:09:14,536 [INFO] ytcrawl: [SUBS][WATCH] channel=UCgArjx0NL02Ulo69__m8k_A text='구독자 4.41천명' -> 4410
2025-09-15 22:09:14,794 [INFO] ytcrawl: [CAP] 'a.ko' 발견 → 원문 사용
2025-09-15 22:09:14,808 [DEBUG] ytcrawl: [HTTP] GET https://www.youtube.com/watch?v=6jfrOOUq27o&hl=ko&gl=KR&persist_hl=1&persist_gl=1 -> 200, len=994815
2025-09-15 22:09:14,835 [INFO] ytcrawl: [SUBS][WATCH] channel=UC-hYM4eIk6F4tIZOb0F_kOA text='구독자 6.35천명' -> 6350
2025-09-15 22:09:14,837 [INFO] ytcrawl: [CAP] XML 자막 미확보
2025-09-15 22:09:14,837 [INFO] ytcrawl: [VIDEO] 완료: id=6jfrOOUq27o, views=25094, subs=6350, cap_len=0, form=쇼츠
2025-09-15 22:09:14,837 [INFO] ytcrawl: [VIDEO] 시작: id=zGGe7orD_ko url=https://www.youtube.com/watch?v=zGGe7orD_ko
2025-09-15 22:09:14,868 [DEBUG] ytcrawl: [HTTP] GET https://www.youtube.com/watch?v=ETaHAlnX28Q&hl=ko&gl=KR&persist_hl=1&persist_gl=1 -> 200, len=1011094
2025-09-15 22:09:14,899 [INFO] ytcrawl: [SUBS][WATCH] channel=UC-fWZErqfH_cV1NsIRnWo-g text='구독자 248명' -> 248
2025-09-15 22:09:14,933 [INFO] ytcrawl: [CAP] 파싱 성공: lines=456, text_len=8476
2025-09-15 22:09:14,934 [INFO] ytcrawl: [VIDEO] 완료: id=ElxIsY136FI, views=75959, subs=175000, cap_len=8476, form=롱폼
2025-09-15 22:09:14,934 [INFO] ytcrawl: [VIDEO] 시작: id=NeTiMYPwFJY url=https://www.youtube.com/watch?v=NeTiMYPwFJY
2025-09-15 22:09:15,052 [INFO] ytcrawl: [CAP] 파싱 성공: lines=18, text_len=328
2025-09-15 22:09:15,052 [INFO] ytcrawl: [VIDEO] 완료: id=sUnyLQCuUMY, views=1374, subs=4410, cap_len=328, form=쇼츠
2025-09-15 22:09:15,052 [INFO] ytcrawl: [VIDEO] 시작: id=Q41b1PmtWbI url=https://www.youtube.com/watch?v=Q41b1PmtWbI
2025-09-15 22:09:15,129 [INFO] ytcrawl: [CAP] 'a.ko' 발견 → 원문 사용
2025-09-15 22:09:15,324 [INFO] ytcrawl: [CAP] 파싱 성공: lines=11, text_len=167
2025-09-15 22:09:15,325 [INFO] ytcrawl: [VIDEO] 완료: id=ETaHAlnX28Q, views=31855, subs=248, cap_len=167, form=쇼츠
2025-09-15 22:09:15,325 [INFO] ytcrawl: [VIDEO] 시작: id=Kzl7S5pxTOs url=https://www.youtube.com/watch?v=Kzl7S5pxTOs
2025-09-15 22:09:15,992 [INFO] ytcrawl: [CAP] 'a.ko' 발견 → 원문 사용
2025-09-15 22:09:16,202 [DEBUG] ytcrawl: [HTTP] GET https://www.youtube.com/watch?v=42AK0dkahYI&hl=ko&gl=KR&persist_hl=1&persist_gl=1 -> 200, len=1015912
2025-09-15 22:09:16,235 [INFO] ytcrawl: [SUBS][WATCH] channel=UCuRGT_MFijTpAUAFJDCN1cQ text='구독자 6.13천명' -> 6130
2025-09-15 22:09:16,235 [INFO] ytcrawl: [CAP] XML 자막 미확보
2025-09-15 22:09:16,236 [INFO] ytcrawl: [VIDEO] 완료: id=42AK0dkahYI, views=85461, subs=6130, cap_len=0, form=쇼츠
2025-09-15 22:09:16,236 [INFO] ytcrawl: [VIDEO] 시작: id=ud5zMGWtsaE url=https://www.youtube.com/watch?v=ud5zMGWtsaE
2025-09-15 22:09:16,283 [INFO] ytcrawl: [CAP] 파싱 성공: lines=30, text_len=566
2025-09-15 22:09:16,283 [INFO] ytcrawl: [VIDEO] 완료: id=dmxlXq0epRs, views=109789, subs=16500, cap_len=566, form=쇼츠
2025-09-15 22:09:16,283 [INFO] ytcrawl: [VIDEO] 시작: id=qrAGhW2-HWk url=https://www.youtube.com/watch?v=qrAGhW2-HWk
2025-09-15 22:09:16,521 [INFO] ytcrawl: [CAP] 'a.ko' 발견 → 원문 사용
2025-09-15 22:09:16,737 [INFO] ytcrawl: [CAP] 파싱 성공: lines=3, text_len=30
2025-09-15 22:09:16,737 [INFO] ytcrawl: [VIDEO] 완료: id=o6g-zFzOtBY, views=180426, subs=73000, cap_len=30, form=쇼츠
2025-09-15 22:09:16,737 [INFO] ytcrawl: [VIDEO] 시작: id=0ewRL1BqSIY url=https://www.youtube.com/watch?v=0ewRL1BqSIY
2025-09-15 22:09:16,764 [DEBUG] ytcrawl: [HTTP] GET https://www.youtube.com/watch?v=Ev-xoaAAq7E&hl=ko&gl=KR&persist_hl=1&persist_gl=1 -> 200, len=1028322
2025-09-15 22:09:16,790 [INFO] ytcrawl: [SUBS][WATCH] channel=UC5YM8Ln-4iMBR9ZEqcDN5kw text='구독자 14.7만명' -> 147000
2025-09-15 22:09:17,046 [INFO] ytcrawl: [CAP] 'a.ko' 발견 → 원문 사용
2025-09-15 22:09:17,261 [INFO] ytcrawl: [CAP] 파싱 성공: lines=22, text_len=406
2025-09-15 22:09:17,261 [INFO] ytcrawl: [VIDEO] 완료: id=Ev-xoaAAq7E, views=4342, subs=147000, cap_len=406, form=쇼츠
2025-09-15 22:09:17,261 [INFO] ytcrawl: [VIDEO] 시작: id=aEPDDHsq760 url=https://www.youtube.com/watch?v=aEPDDHsq760
2025-09-15 22:09:17,425 [DEBUG] ytcrawl: [HTTP] GET https://www.youtube.com/watch?v=zGGe7orD_ko&hl=ko&gl=KR&persist_hl=1&persist_gl=1 -> 200, len=1028273
2025-09-15 22:09:17,455 [INFO] ytcrawl: [SUBS][WATCH] channel=UCcwmvHjZeMyPa2vn91AOjBg text='구독자 32명' -> 32
2025-09-15 22:09:17,654 [DEBUG] ytcrawl: [HTTP] GET https://www.youtube.com/watch?v=NeTiMYPwFJY&hl=ko&gl=KR&persist_hl=1&persist_gl=1 -> 200, len=1007493
2025-09-15 22:09:17,678 [INFO] ytcrawl: [SUBS][WATCH] channel=UCCwO0VNQ4ZoWZsCwgBYSYWg text='구독자 81명' -> 81
2025-09-15 22:09:17,903 [DEBUG] ytcrawl: [CAP] 번역(a.en) 응답: 429, len=1103
2025-09-15 22:09:17,931 [INFO] ytcrawl: [CAP] 'a.ko' 발견 → 원문 사용
2025-09-15 22:09:17,952 [DEBUG] ytcrawl: [HTTP] GET https://www.youtube.com/watch?v=Kzl7S5pxTOs&hl=ko&gl=KR&persist_hl=1&persist_gl=1 -> 200, len=1025042
2025-09-15 22:09:17,979 [INFO] ytcrawl: [SUBS][WATCH] channel=UC5chkXW3ezd0St8GyyWek9Q text='구독자 2.11천명' -> 2110
2025-09-15 22:09:18,009 [INFO] ytcrawl: [CAP] 'a.ko' 발견 → 원문 사용
2025-09-15 22:09:18,166 [DEBUG] ytcrawl: [HTTP] GET https://www.youtube.com/watch?v=Q41b1PmtWbI&hl=ko&gl=KR&persist_hl=1&persist_gl=1 -> 200, len=1476954
2025-09-15 22:09:18,198 [DEBUG] ytcrawl: [CAP][PR] GET https://www.youtube.com/api/timedtext?v=zGGe7orD_ko&ei=-w_IaPDxMNaY1d8PsYvWoAQ&caps=asr&opi=112496729&exp=xpe&xoaf=1&xoadf=4&xowf=1&xospf=1&hl=en&ip=0.0.0.0&ipbits=0&expire=1757966955&sparams=ip,ipbits,expire,v,ei,caps,opi,exp,xoaf,xoadf&signature=9DA350723AE2C5F2E43C968F8134F5B2AB546EAC.798E84FCE6D4A8561CCDAF51611E8DFE179AB51B&key=yt8&kind=asr&lang=en&fmt=srv3&tlang=ko -> 429, len=1103
2025-09-15 22:09:18,200 [INFO] ytcrawl: [SUBS][WATCH] channel=UCAL-TCvLS267M0Kne1nC0RQ text='구독자 40.1만명' -> 401000
2025-09-15 22:09:18,201 [INFO] ytcrawl: [CAP] XML 자막 미확보
2025-09-15 22:09:18,201 [INFO] ytcrawl: [CAP] 파싱 성공: lines=35, text_len=535
2025-09-15 22:09:18,201 [INFO] ytcrawl: [VIDEO] 완료: id=zGGe7orD_ko, views=1193, subs=32, cap_len=0, form=쇼츠
2025-09-15 22:09:18,201 [INFO] ytcrawl: [VIDEO] 완료: id=NeTiMYPwFJY, views=2629, subs=81, cap_len=535, form=쇼츠
2025-09-15 22:09:18,202 [INFO] ytcrawl: [VIDEO] 시작: id=bHOHShHnVIg url=https://www.youtube.com/watch?v=bHOHShHnVIg
2025-09-15 22:09:18,202 [INFO] ytcrawl: [VIDEO] 시작: id=6mPSm_YtlC4 url=https://www.youtube.com/watch?v=6mPSm_YtlC4
2025-09-15 22:09:18,251 [INFO] ytcrawl: [CAP] 파싱 성공: lines=38, text_len=700
2025-09-15 22:09:18,252 [INFO] ytcrawl: [VIDEO] 완료: id=ud5zMGWtsaE, views=4044, subs=1980, cap_len=700, form=쇼츠
2025-09-15 22:09:18,252 [INFO] ytcrawl: [VIDEO] 시작: id=aFIgdVCUxDk url=https://www.youtube.com/watch?v=aFIgdVCUxDk
2025-09-15 22:09:18,288 [INFO] ytcrawl: [CAP] 'a.ko' 발견 → 원문 사용
2025-09-15 22:09:18,498 [INFO] ytcrawl: [CAP] 파싱 성공: lines=19, text_len=350
2025-09-15 22:09:18,498 [INFO] ytcrawl: [VIDEO] 완료: id=Kzl7S5pxTOs, views=3680, subs=2110, cap_len=350, form=쇼츠
2025-09-15 22:09:18,498 [INFO] ytcrawl: [VIDEO] 시작: id=qgpanhw65ak url=https://www.youtube.com/watch?v=qgpanhw65ak
2025-09-15 22:09:18,546 [INFO] ytcrawl: [CAP] 'ko' 발견 → 원문 사용
2025-09-15 22:09:18,686 [INFO] ytcrawl: [CAP] 'a.ko' 발견 → 원문 사용
2025-09-15 22:09:18,857 [INFO] ytcrawl: [CAP] 파싱 성공: lines=663, text_len=9977
2025-09-15 22:09:18,857 [INFO] ytcrawl: [VIDEO] 완료: id=Q41b1PmtWbI, views=45530, subs=401000, cap_len=9977, form=롱폼
2025-09-15 22:09:18,858 [INFO] ytcrawl: [VIDEO] 시작: id=2Hpf2F8yPJw url=https://www.youtube.com/watch?v=2Hpf2F8yPJw
2025-09-15 22:09:18,881 [INFO] ytcrawl: [CAP] 파싱 성공: lines=2, text_len=24
2025-09-15 22:09:18,881 [INFO] ytcrawl: [VIDEO] 완료: id=qrAGhW2-HWk, views=243413, subs=73000, cap_len=24, form=쇼츠
2025-09-15 22:09:18,881 [INFO] ytcrawl: [VIDEO] 시작: id=TR6qtGrx0Nk url=https://www.youtube.com/watch?v=TR6qtGrx0Nk
2025-09-15 22:09:19,201 [DEBUG] ytcrawl: [HTTP] GET https://www.youtube.com/watch?v=0ewRL1BqSIY&hl=ko&gl=KR&persist_hl=1&persist_gl=1 -> 200, len=1007097
2025-09-15 22:09:19,230 [INFO] ytcrawl: [SUBS][WATCH] channel=UCW0q5izL_cjD3cA3hV6GuRw text='구독자 11명' -> 11
2025-09-15 22:09:19,508 [INFO] ytcrawl: [CAP] 'a.ko' 발견 → 원문 사용
2025-09-15 22:09:19,738 [DEBUG] ytcrawl: [HTTP] GET https://www.youtube.com/watch?v=aEPDDHsq760&hl=ko&gl=KR&persist_hl=1&persist_gl=1 -> 200, len=1296025
2025-09-15 22:09:19,789 [INFO] ytcrawl: [SUBS][WATCH] channel=UCv5kB0-UCkLdfaRaFNDwPbA text='구독자 5.18천명' -> 5180
2025-09-15 22:09:20,086 [DEBUG] ytcrawl: [CAP][PR] GET https://www.youtube.com/api/timedtext?v=aEPDDHsq760&ei=_g_IaMe4BfDZ29gPqY7OqQQ&caps=asr&opi=112496729&exp=xpe&xoaf=5&xowf=1&xospf=1&hl=en&ip=0.0.0.0&ipbits=0&expire=1757966958&sparams=ip,ipbits,expire,v,ei,caps,opi,exp,xoaf&signature=1E8D4D1F2846024C8979640D20DE01764C696D53.E473C897172469F44529E5E7B07C4AC2D8B11CC4&key=yt8&kind=asr&lang=es&fmt=srv3&tlang=ko -> 429, len=1103
2025-09-15 22:09:20,086 [INFO] ytcrawl: [CAP] XML 자막 미확보
2025-09-15 22:09:20,086 [INFO] ytcrawl: [VIDEO] 완료: id=aEPDDHsq760, views=1102, subs=5180, cap_len=0, form=쇼츠
2025-09-15 22:09:20,086 [INFO] ytcrawl: [VIDEO] 시작: id=MXch0irEUgg url=https://www.youtube.com/watch?v=MXch0irEUgg
2025-09-15 22:09:20,098 [INFO] ytcrawl: [CAP] 파싱 성공: lines=18, text_len=338
2025-09-15 22:09:20,113 [INFO] ytcrawl: [VIDEO] 완료: id=0ewRL1BqSIY, views=340, subs=11, cap_len=338, form=쇼츠
2025-09-15 22:09:20,114 [INFO] ytcrawl: [VIDEO] 시작: id=CD9b7vZg8e4 url=https://www.youtube.com/watch?v=CD9b7vZg8e4
2025-09-15 22:09:20,183 [INFO] ytcrawl: [CAP] XML 자막 미확보
2025-09-15 22:09:20,183 [INFO] ytcrawl: [VIDEO] 완료: id=qgpanhw65ak, views=55877, subs=2780, cap_len=0, form=쇼츠
2025-09-15 22:09:20,183 [INFO] ytcrawl: [VIDEO] 시작: id=04oftbqGhVc url=https://www.youtube.com/watch?v=04oftbqGhVc
2025-09-15 22:09:20,209 [INFO] ytcrawl: [CAP] 'a.ko' 발견 → 원문 사용
2025-09-15 22:09:20,420 [INFO] ytcrawl: [CAP] 파싱 성공: lines=15, text_len=86
2025-09-15 22:09:20,421 [INFO] ytcrawl: [VIDEO] 완료: id=bHOHShHnVIg, views=903, subs=2160, cap_len=86, form=쇼츠
2025-09-15 22:09:20,422 [INFO] ytcrawl: [VIDEO] 시작: id=DA2t1NzpYxs url=https://www.youtube.com/watch?v=DA2t1NzpYxs
2025-09-15 22:09:20,746 [DEBUG] ytcrawl: [HTTP] GET https://www.youtube.com/watch?v=6mPSm_YtlC4&hl=ko&gl=KR&persist_hl=1&persist_gl=1 -> 200, len=1010252
2025-09-15 22:09:20,775 [INFO] ytcrawl: [SUBS][WATCH] channel=UCtmk3yn8UPDpG7ChAPKQ1rQ text='구독자 467명' -> 467
2025-09-15 22:09:21,127 [DEBUG] ytcrawl: [CAP][PR] GET https://www.youtube.com/api/timedtext?v=6mPSm_YtlC4&ei=_w_IaLWdAZeb29gP9KTfsQU&caps=asr&opi=112496729&exp=xpe&xoaf=5&xowf=1&hl=en&ip=0.0.0.0&ipbits=0&expire=1757966959&sparams=ip,ipbits,expire,v,ei,caps,opi,exp,xoaf&signature=48DDF6F2000575AFEC344E1E8346816A0A684166.13CCCECBEE178CE7A959F002984FF7A12ABEB0A6&key=yt8&kind=asr&lang=ja&fmt=srv3&tlang=ko -> 429, len=1103
2025-09-15 22:09:21,127 [INFO] ytcrawl: [CAP] XML 자막 미확보
2025-09-15 22:09:21,128 [INFO] ytcrawl: [VIDEO] 완료: id=6mPSm_YtlC4, views=230867, subs=467, cap_len=0, form=쇼츠
2025-09-15 22:09:21,128 [INFO] ytcrawl: [VIDEO] 시작: id=rp6NN525gfQ url=https://www.youtube.com/watch?v=rp6NN525gfQ
2025-09-15 22:09:21,133 [DEBUG] ytcrawl: [HTTP] GET https://www.youtube.com/watch?v=aFIgdVCUxDk&hl=ko&gl=KR&persist_hl=1&persist_gl=1 -> 200, len=1608572
2025-09-15 22:09:21,200 [INFO] ytcrawl: [SUBS][WATCH] channel=UCtUZyli3eiO2NrRkqKxS4hQ text='구독자 3.72천명' -> 3720
2025-09-15 22:09:21,462 [DEBUG] ytcrawl: [HTTP] GET https://www.youtube.com/watch?v=2Hpf2F8yPJw&hl=ko&gl=KR&persist_hl=1&persist_gl=1 -> 200, len=1057357
2025-09-15 22:09:21,494 [INFO] ytcrawl: [SUBS][WATCH] channel=UCpzKweI75u4uC0TBW3REIog text='구독자 7.73천명' -> 7730
2025-09-15 22:09:21,509 [INFO] ytcrawl: [CAP] 'ko' 발견 → 원문 사용
2025-09-15 22:09:21,742 [INFO] ytcrawl: [CAP] 'a.ko' 발견 → 원문 사용
2025-09-15 22:09:21,797 [DEBUG] ytcrawl: [HTTP] GET https://www.youtube.com/watch?v=TR6qtGrx0Nk&hl=ko&gl=KR&persist_hl=1&persist_gl=1 -> 200, len=1542824
2025-09-15 22:09:21,831 [INFO] ytcrawl: [SUBS][WATCH] channel=UC2Io-ZBQpaXnIPEryet5Pew text='구독자 3.96천명' -> 3960
2025-09-15 22:09:22,030 [INFO] ytcrawl: [CAP] 파싱 성공: lines=203, text_len=4179
2025-09-15 22:09:22,031 [INFO] ytcrawl: [CAP] 파싱 성공: lines=100, text_len=1885
2025-09-15 22:09:22,031 [INFO] ytcrawl: [VIDEO] 완료: id=aFIgdVCUxDk, views=5130, subs=3720, cap_len=4179, form=롱폼
2025-09-15 22:09:22,031 [INFO] ytcrawl: [VIDEO] 완료: id=2Hpf2F8yPJw, views=15613, subs=7730, cap_len=1885, form=롱폼
2025-09-15 22:09:22,031 [INFO] ytcrawl: [VIDEO] 시작: id=QbNBh9xXRRM url=https://www.youtube.com/watch?v=QbNBh9xXRRM
2025-09-15 22:09:22,032 [INFO] ytcrawl: [VIDEO] 시작: id=_V6gg6z0DCo url=https://www.youtube.com/watch?v=_V6gg6z0DCo
2025-09-15 22:09:22,393 [INFO] ytcrawl: [CAP] 'a.ko' 발견 → 원문 사용
2025-09-15 22:09:22,675 [INFO] ytcrawl: [CAP] 파싱 성공: lines=271, text_len=5086
2025-09-15 22:09:22,675 [INFO] ytcrawl: [VIDEO] 완료: id=TR6qtGrx0Nk, views=6631, subs=3960, cap_len=5086, form=롱폼
2025-09-15 22:09:22,676 [INFO] ytcrawl: [VIDEO] 시작: id=Ggl9OPrpbew url=https://www.youtube.com/watch?v=Ggl9OPrpbew
2025-09-15 22:09:23,105 [DEBUG] ytcrawl: [HTTP] GET https://www.youtube.com/watch?v=DA2t1NzpYxs&hl=ko&gl=KR&persist_hl=1&persist_gl=1 -> 200, len=1013227
2025-09-15 22:09:23,130 [INFO] ytcrawl: [SUBS][WATCH] channel=UCKuQQa-feTgAcGrdfoREEQA text='구독자 914명' -> 914
2025-09-15 22:09:23,135 [DEBUG] ytcrawl: [HTTP] GET https://www.youtube.com/watch?v=CD9b7vZg8e4&hl=ko&gl=KR&persist_hl=1&persist_gl=1 -> 200, len=1023012
2025-09-15 22:09:23,164 [INFO] ytcrawl: [SUBS][WATCH] channel=UCVEFagh5snxps3ff5wVzLhg text='구독자 2.09만명' -> 20900
2025-09-15 22:09:23,189 [DEBUG] ytcrawl: [HTTP] GET https://www.youtube.com/watch?v=04oftbqGhVc&hl=ko&gl=KR&persist_hl=1&persist_gl=1 -> 200, len=1031537
2025-09-15 22:09:23,218 [INFO] ytcrawl: [SUBS][WATCH] channel=UCCZDCMv_Yw7cRAsOWM0ktaQ text='구독자 15명' -> 15
2025-09-15 22:09:23,327 [DEBUG] ytcrawl: [HTTP] GET https://www.youtube.com/watch?v=MXch0irEUgg&hl=ko&gl=KR&persist_hl=1&persist_gl=1 -> 200, len=1014535
2025-09-15 22:09:23,351 [INFO] ytcrawl: [SUBS][WATCH] channel=UCpQ1ld-gJaHkgZlMmzMdGEA text='구독자 45명' -> 45
2025-09-15 22:09:23,442 [INFO] ytcrawl: [CAP] 'a.ko' 발견 → 원문 사용
2025-09-15 22:09:23,456 [INFO] ytcrawl: [CAP] 'a.ko' 발견 → 원문 사용
2025-09-15 22:09:23,514 [INFO] ytcrawl: [CAP] 'a.ko' 발견 → 원문 사용
2025-09-15 22:09:23,582 [INFO] ytcrawl: [CAP] 'a.ko' 발견 → 원문 사용
2025-09-15 22:09:23,680 [INFO] ytcrawl: [CAP] 파싱 성공: lines=13, text_len=240
2025-09-15 22:09:23,680 [INFO] ytcrawl: [VIDEO] 완료: id=CD9b7vZg8e4, views=1316328, subs=20900, cap_len=240, form=쇼츠
2025-09-15 22:09:23,680 [INFO] ytcrawl: [VIDEO] 시작: id=QuPgSBnTp0c url=https://www.youtube.com/watch?v=QuPgSBnTp0c
2025-09-15 22:09:23,708 [INFO] ytcrawl: [CAP] 파싱 성공: lines=37, text_len=629
2025-09-15 22:09:23,708 [INFO] ytcrawl: [VIDEO] 완료: id=DA2t1NzpYxs, views=14904, subs=914, cap_len=629, form=쇼츠
2025-09-15 22:09:23,708 [INFO] ytcrawl: [VIDEO] 시작: id=Hm9qqRunfXQ url=https://www.youtube.com/watch?v=Hm9qqRunfXQ
2025-09-15 22:09:23,787 [INFO] ytcrawl: [CAP] 파싱 성공: lines=11, text_len=207
2025-09-15 22:09:23,788 [INFO] ytcrawl: [VIDEO] 완료: id=04oftbqGhVc, views=11, subs=15, cap_len=207, form=쇼츠
2025-09-15 22:09:23,788 [INFO] ytcrawl: [VIDEO] 시작: id=-P97XdKb2Zw url=https://www.youtube.com/watch?v=-P97XdKb2Zw
2025-09-15 22:09:23,815 [INFO] ytcrawl: [CAP] 파싱 성공: lines=31, text_len=590
2025-09-15 22:09:23,815 [INFO] ytcrawl: [VIDEO] 완료: id=MXch0irEUgg, views=455, subs=45, cap_len=590, form=쇼츠
2025-09-15 22:09:23,816 [INFO] ytcrawl: [VIDEO] 시작: id=1I4qr_Y-IyQ url=https://www.youtube.com/watch?v=1I4qr_Y-IyQ
2025-09-15 22:09:24,102 [DEBUG] ytcrawl: [HTTP] GET https://www.youtube.com/watch?v=rp6NN525gfQ&hl=ko&gl=KR&persist_hl=1&persist_gl=1 -> 200, len=1601317
2025-09-15 22:09:24,148 [INFO] ytcrawl: [SUBS][WATCH] channel=UCRSn6CpZcZdi109773K1quQ text='구독자 1.6만명' -> 16000
2025-09-15 22:09:24,229 [DEBUG] ytcrawl: [CAP][PR] GET https://www.youtube.com/api/timedtext?v=_V6gg6z0DCo&ei=AhDIaKKnNoacvcAPle7iyAI&caps=asr&opi=112496729&exp=xpe&xoaf=5&xospf=1&hl=en&ip=0.0.0.0&ipbits=0&expire=1757966962&sparams=ip,ipbits,expire,v,ei,caps,opi,exp,xoaf&signature=AC7AAA70099FFE68DBF69917CE7648DE10763EEA.E649AB01FB1D4E12F9F0912DB2E7439FF3250D94&key=yt8&kind=asr&lang=es&fmt=srv3&tlang=ko -> 429, len=1103
2025-09-15 22:09:24,230 [INFO] ytcrawl: [CAP] XML 자막 미확보
2025-09-15 22:09:24,230 [INFO] ytcrawl: [VIDEO] 완료: id=_V6gg6z0DCo, views=1164, subs=5180, cap_len=0, form=쇼츠
2025-09-15 22:09:24,230 [INFO] ytcrawl: [VIDEO] 시작: id=AwS20eWejMs url=https://www.youtube.com/watch?v=AwS20eWejMs
2025-09-15 22:09:24,563 [INFO] ytcrawl: [CAP] 'a.ko' 발견 → 원문 사용
2025-09-15 22:09:24,883 [INFO] ytcrawl: [CAP] 파싱 성공: lines=264, text_len=5096
2025-09-15 22:09:24,884 [INFO] ytcrawl: [VIDEO] 완료: id=rp6NN525gfQ, views=79789, subs=16000, cap_len=5096, form=롱폼
2025-09-15 22:09:24,884 [INFO] ytcrawl: [VIDEO] 시작: id=pTmCtUIHKug url=https://www.youtube.com/watch?v=pTmCtUIHKug
2025-09-15 22:09:25,109 [DEBUG] ytcrawl: [HTTP] GET https://www.youtube.com/watch?v=QbNBh9xXRRM&hl=ko&gl=KR&persist_hl=1&persist_gl=1 -> 200, len=1499151
2025-09-15 22:09:25,143 [INFO] ytcrawl: [SUBS][WATCH] channel=UCsneRL02KUIG3B1vGebED4w text='구독자 15.4만명' -> 154000
2025-09-15 22:09:25,559 [INFO] ytcrawl: [CAP] 'a.ko' 발견 → 원문 사용
2025-09-15 22:09:25,925 [INFO] ytcrawl: [CAP] 파싱 성공: lines=664, text_len=12778
2025-09-15 22:09:25,925 [INFO] ytcrawl: [VIDEO] 완료: id=QbNBh9xXRRM, views=111959, subs=154000, cap_len=12778, form=롱폼
2025-09-15 22:09:25,925 [INFO] ytcrawl: [VIDEO] 시작: id=GbcKYix-xHc url=https://www.youtube.com/watch?v=GbcKYix-xHc
2025-09-15 22:09:26,114 [INFO] ytcrawl: [CAP] 'a.ko' 발견 → 원문 사용
2025-09-15 22:09:26,437 [INFO] ytcrawl: [CAP] 파싱 성공: lines=94, text_len=1636
2025-09-15 22:09:26,437 [INFO] ytcrawl: [VIDEO] 완료: id=-P97XdKb2Zw, views=6239, subs=19200, cap_len=1636, form=쇼츠
2025-09-15 22:09:26,438 [INFO] ytcrawl: [VIDEO] 시작: id=AfklleYscwc url=https://www.youtube.com/watch?v=AfklleYscwc
2025-09-15 22:09:26,626 [DEBUG] ytcrawl: [HTTP] GET https://www.youtube.com/watch?v=QuPgSBnTp0c&hl=ko&gl=KR&persist_hl=1&persist_gl=1 -> 200, len=1026045
2025-09-15 22:09:26,655 [INFO] ytcrawl: [SUBS][WATCH] channel=UCsKdHC0NafXAnlMzTOkpLVQ text='구독자 90명' -> 90
2025-09-15 22:09:26,834 [INFO] ytcrawl: [CAP] 'a.ko' 발견 → 원문 사용
2025-09-15 22:09:26,842 [DEBUG] ytcrawl: [HTTP] GET https://www.youtube.com/watch?v=AwS20eWejMs&hl=ko&gl=KR&persist_hl=1&persist_gl=1 -> 200, len=1015220
2025-09-15 22:09:26,872 [INFO] ytcrawl: [SUBS][WATCH] channel=UCeNAzgweVUMmUremyeikULg text='구독자 128명' -> 128
2025-09-15 22:09:26,927 [INFO] ytcrawl: [CAP] 'a.ko' 발견 → 원문 사용
2025-09-15 22:09:26,963 [DEBUG] ytcrawl: [HTTP] GET https://www.youtube.com/watch?v=Ggl9OPrpbew&hl=ko&gl=KR&persist_hl=1&persist_gl=1 -> 200, len=1472603
2025-09-15 22:09:26,993 [INFO] ytcrawl: [SUBS][WATCH] channel=UC4ssvEl2lPhCkvc60EGUMTQ text='구독자 28.6만명' -> 286000
2025-09-15 22:09:27,158 [INFO] ytcrawl: [CAP] 파싱 성공: lines=12, text_len=143
2025-09-15 22:09:27,158 [INFO] ytcrawl: [VIDEO] 완료: id=QuPgSBnTp0c, views=3331, subs=90, cap_len=143, form=쇼츠
2025-09-15 22:09:27,158 [INFO] ytcrawl: [VIDEO] 시작: id=qNcKWif27Dk url=https://www.youtube.com/watch?v=qNcKWif27Dk
2025-09-15 22:09:27,258 [INFO] ytcrawl: [CAP] 파싱 성공: lines=728, text_len=14021
2025-09-15 22:09:27,258 [INFO] ytcrawl: [VIDEO] 완료: id=Hm9qqRunfXQ, views=518248, subs=210000, cap_len=14021, form=롱폼
2025-09-15 22:09:27,258 [INFO] ytcrawl: [VIDEO] 시작: id=TtXu3eGArrk url=https://www.youtube.com/watch?v=TtXu3eGArrk
2025-09-15 22:09:27,339 [DEBUG] ytcrawl: [CAP][PR] GET https://www.youtube.com/api/timedtext?v=AwS20eWejMs&ei=BRDIaKpjhY-m3w-u8PuwCQ&caps=asr&opi=112496729&exp=xpe&xoaf=5&xowf=1&hl=en&ip=0.0.0.0&ipbits=0&expire=1757966965&sparams=ip,ipbits,expire,v,ei,caps,opi,exp,xoaf&signature=63F66E97BF15D138ECE327ABBDFAEA6C0D1661BF.94CDA9F9D02BED73ACCFE4073013B0DF51C83417&key=yt8&kind=asr&lang=lt&fmt=srv3&tlang=ko -> 429, len=1103
2025-09-15 22:09:27,339 [INFO] ytcrawl: [CAP] XML 자막 미확보
2025-09-15 22:09:27,339 [INFO] ytcrawl: [VIDEO] 완료: id=AwS20eWejMs, views=1968, subs=128, cap_len=0, form=쇼츠
2025-09-15 22:09:27,340 [INFO] ytcrawl: [VIDEO] 시작: id=KJxLWUK4duo url=https://www.youtube.com/watch?v=KJxLWUK4duo
2025-09-15 22:09:27,364 [INFO] ytcrawl: [CAP] 'a.ko' 발견 → 원문 사용
2025-09-15 22:09:27,491 [DEBUG] ytcrawl: [HTTP] GET https://www.youtube.com/watch?v=1I4qr_Y-IyQ&hl=ko&gl=KR&persist_hl=1&persist_gl=1 -> 200, len=1032551
2025-09-15 22:09:27,520 [INFO] ytcrawl: [SUBS][WATCH] channel=UCM_0SZaSF2KSxQZiYOIcCfg text='구독자 1.03만명' -> 10300
2025-09-15 22:09:27,696 [DEBUG] ytcrawl: [HTTP] GET https://www.youtube.com/watch?v=pTmCtUIHKug&hl=ko&gl=KR&persist_hl=1&persist_gl=1 -> 200, len=1040129
2025-09-15 22:09:27,729 [INFO] ytcrawl: [SUBS][WATCH] channel=UCd9z75wQeoEhbL5M9F-v66g text='구독자 676명' -> 676
2025-09-15 22:09:27,735 [INFO] ytcrawl: [CAP] 'ko' 발견 → 원문 사용
2025-09-15 22:09:27,750 [INFO] ytcrawl: [CAP] 파싱 성공: lines=203, text_len=3875
2025-09-15 22:09:27,750 [INFO] ytcrawl: [VIDEO] 완료: id=Ggl9OPrpbew, views=34239, subs=286000, cap_len=3875, form=롱폼
2025-09-15 22:09:27,750 [INFO] ytcrawl: [VIDEO] 시작: id=jdZhNZhfM8s url=https://www.youtube.com/watch?v=jdZhNZhfM8s
2025-09-15 22:09:27,933 [INFO] ytcrawl: [CAP] 파싱 성공: lines=23, text_len=1115
2025-09-15 22:09:27,933 [INFO] ytcrawl: [VIDEO] 완료: id=1I4qr_Y-IyQ, views=1257, subs=10300, cap_len=1115, form=쇼츠
2025-09-15 22:09:27,933 [INFO] ytcrawl: [VIDEO] 시작: id=gq5_x_CJVEk url=https://www.youtube.com/watch?v=gq5_x_CJVEk
2025-09-15 22:09:28,061 [DEBUG] ytcrawl: [CAP][PR] GET https://www.youtube.com/api/timedtext?v=pTmCtUIHKug&ei=BRDIaKOmLO3c1d8Pha6KkQI&caps=asr&opi=112496729&exp=xpe&xoaf=5&hl=en&ip=0.0.0.0&ipbits=0&expire=1757966965&sparams=ip,ipbits,expire,v,ei,caps,opi,exp,xoaf&signature=603E710559E33D35038E8C44FBCEC1EC1D029F07.AEAD29792739F0070B1CE719301733574FF2B7BA&key=yt8&kind=asr&lang=hi&fmt=srv3&tlang=ko -> 429, len=1103
2025-09-15 22:09:28,061 [INFO] ytcrawl: [CAP] XML 자막 미확보
2025-09-15 22:09:28,061 [INFO] ytcrawl: [VIDEO] 완료: id=pTmCtUIHKug, views=20041, subs=676, cap_len=0, form=쇼츠
2025-09-15 22:09:28,061 [INFO] ytcrawl: [VIDEO] 시작: id=ZHBZ8pHBV8g url=https://www.youtube.com/watch?v=ZHBZ8pHBV8g
2025-09-15 22:09:29,356 [DEBUG] ytcrawl: [HTTP] GET https://www.youtube.com/watch?v=AfklleYscwc&hl=ko&gl=KR&persist_hl=1&persist_gl=1 -> 200, len=1015372
2025-09-15 22:09:29,382 [INFO] ytcrawl: [SUBS][WATCH] channel=UC-zNy4RlXVVaNn6nbg4JiYg text='구독자 9.14천명' -> 9140
2025-09-15 22:09:29,549 [DEBUG] ytcrawl: [HTTP] GET https://www.youtube.com/watch?v=GbcKYix-xHc&hl=ko&gl=KR&persist_hl=1&persist_gl=1 -> 200, len=1040234
2025-09-15 22:09:29,577 [INFO] ytcrawl: [SUBS][WATCH] channel=UCADS1clc-9mhkGrvRe1RLpQ text='구독자 1.58만명' -> 15800
2025-09-15 22:09:29,663 [DEBUG] ytcrawl: [CAP][PR] GET https://www.youtube.com/api/timedtext?v=AfklleYscwc&ei=BxDIaNudCsCZpt8P1siIoA8&caps=asr&opi=112496729&exp=xpe&xoaf=5&xowf=1&xospf=1&hl=en&ip=0.0.0.0&ipbits=0&expire=1757966967&sparams=ip,ipbits,expire,v,ei,caps,opi,exp,xoaf&signature=DA0E576BEE8C3B4F156D2B9790EC0ECCE058DD24.D44CC03C695DE39DA192778E5EFDB5A1356F6D28&key=yt8&kind=asr&lang=hi&fmt=srv3&tlang=ko -> 429, len=1103
2025-09-15 22:09:29,663 [INFO] ytcrawl: [CAP] XML 자막 미확보
2025-09-15 22:09:29,663 [INFO] ytcrawl: [VIDEO] 완료: id=AfklleYscwc, views=662, subs=9140, cap_len=0, form=쇼츠
2025-09-15 22:09:29,663 [INFO] ytcrawl: [VIDEO] 시작: id=gadedKEuLaQ url=https://www.youtube.com/watch?v=gadedKEuLaQ
2025-09-15 22:09:29,734 [DEBUG] ytcrawl: [HTTP] GET https://www.youtube.com/watch?v=TtXu3eGArrk&hl=ko&gl=KR&persist_hl=1&persist_gl=1 -> 200, len=1054043
2025-09-15 22:09:29,770 [INFO] ytcrawl: [SUBS][WATCH] channel=UC3SafDS4jxWKROqzPaON0lA text='구독자 51.6만명' -> 516000
2025-09-15 22:09:29,843 [INFO] ytcrawl: [CAP] 'a.ko' 발견 → 원문 사용
2025-09-15 22:09:29,890 [DEBUG] ytcrawl: [HTTP] GET https://www.youtube.com/watch?v=KJxLWUK4duo&hl=ko&gl=KR&persist_hl=1&persist_gl=1 -> 200, len=1037050
2025-09-15 22:09:29,921 [INFO] ytcrawl: [SUBS][WATCH] channel=UC8IiBbPdSbjeGtqS0RLSk6A text='구독자 19.2만명' -> 192000
2025-09-15 22:09:29,925 [INFO] ytcrawl: [CAP] 'a.ko' 발견 → 원문 사용
2025-09-15 22:09:29,930 [DEBUG] ytcrawl: [HTTP] GET https://www.youtube.com/watch?v=qNcKWif27Dk&hl=ko&gl=KR&persist_hl=1&persist_gl=1 -> 200, len=1009993
2025-09-15 22:09:29,956 [INFO] ytcrawl: [SUBS][WATCH] channel=UCJP5it3GgjpZovSACtuLclw text='구독자 13명' -> 13
2025-09-15 22:09:29,959 [INFO] ytcrawl: [CAP] XML 자막 미확보
2025-09-15 22:09:29,959 [INFO] ytcrawl: [VIDEO] 완료: id=qNcKWif27Dk, views=1161, subs=13, cap_len=0, form=쇼츠
2025-09-15 22:09:29,959 [INFO] ytcrawl: [VIDEO] 시작: id=xsgfbeUA_7M url=https://www.youtube.com/watch?v=xsgfbeUA_7M
2025-09-15 22:09:30,113 [INFO] ytcrawl: [CAP] 파싱 성공: lines=3, text_len=30
2025-09-15 22:09:30,114 [INFO] ytcrawl: [VIDEO] 완료: id=jdZhNZhfM8s, views=57912, subs=73000, cap_len=30, form=쇼츠
2025-09-15 22:09:30,114 [INFO] ytcrawl: [VIDEO] 시작: id=gxQ82c4vwEQ url=https://www.youtube.com/watch?v=gxQ82c4vwEQ
2025-09-15 22:09:30,216 [INFO] ytcrawl: [CAP] 'a.ko' 발견 → 원문 사용
2025-09-15 22:09:30,285 [DEBUG] ytcrawl: [CAP] 번역(a.en) 응답: 429, len=1103
2025-09-15 22:09:30,382 [INFO] ytcrawl: [CAP] 파싱 성공: lines=469, text_len=8510
2025-09-15 22:09:30,385 [DEBUG] ytcrawl: [HTTP] GET https://www.youtube.com/watch?v=ZHBZ8pHBV8g&hl=ko&gl=KR&persist_hl=1&persist_gl=1 -> 200, len=1029329
2025-09-15 22:09:30,385 [INFO] ytcrawl: [VIDEO] 완료: id=GbcKYix-xHc, views=2830, subs=15800, cap_len=8510, form=롱폼
2025-09-15 22:09:30,413 [INFO] ytcrawl: [SUBS][WATCH] channel=UCIMULXTdVu5XFqhBSRiCpuA text='구독자 4명' -> 4
2025-09-15 22:09:30,414 [INFO] ytcrawl: [VIDEO] 시작: id=FfixzRdlCoc url=https://www.youtube.com/watch?v=FfixzRdlCoc
2025-09-15 22:09:30,459 [INFO] ytcrawl: [CAP] 파싱 성공: lines=17, text_len=297
2025-09-15 22:09:30,459 [INFO] ytcrawl: [VIDEO] 완료: id=KJxLWUK4duo, views=15264, subs=192000, cap_len=297, form=쇼츠
2025-09-15 22:09:30,459 [INFO] ytcrawl: [VIDEO] 시작: id=uy8xAUIMmIk url=https://www.youtube.com/watch?v=uy8xAUIMmIk
2025-09-15 22:09:30,630 [DEBUG] ytcrawl: [CAP][PR] GET https://www.youtube.com/api/timedtext?v=TtXu3eGArrk&ei=CBDIaM3qCJiRvcAP8_aFiQU&caps=asr&opi=112496729&exp=xpe&xoaf=5&xowf=1&xospf=1&hl=en&ip=0.0.0.0&ipbits=0&expire=1757966968&sparams=ip,ipbits,expire,v,ei,caps,opi,exp,xoaf&signature=71D45D45C357BDB7DF7E16551D74810FB2486B79.E02B61BDFDFB526DFB76947B9119BEC03B94A5F5&key=yt8&kind=asr&lang=en&fmt=srv3&tlang=ko -> 429, len=1103
2025-09-15 22:09:30,631 [INFO] ytcrawl: [CAP] XML 자막 미확보
2025-09-15 22:09:30,631 [INFO] ytcrawl: [VIDEO] 완료: id=TtXu3eGArrk, views=129900, subs=516000, cap_len=0, form=쇼츠
2025-09-15 22:09:30,631 [INFO] ytcrawl: [VIDEO] 시작: id=dQnvy5dlc-Q url=https://www.youtube.com/watch?v=dQnvy5dlc-Q
2025-09-15 22:09:30,681 [INFO] ytcrawl: [CAP] 'a.ko' 발견 → 원문 사용
2025-09-15 22:09:30,714 [DEBUG] ytcrawl: [HTTP] GET https://www.youtube.com/watch?v=gq5_x_CJVEk&hl=ko&gl=KR&persist_hl=1&persist_gl=1 -> 200, len=1007839
2025-09-15 22:09:30,742 [INFO] ytcrawl: [SUBS][WATCH] channel=UCupXY8hyvNkaAGSLduL0gTA text='구독자 7.01만명' -> 70100
2025-09-15 22:09:30,918 [INFO] ytcrawl: [CAP] 파싱 성공: lines=8, text_len=119
2025-09-15 22:09:30,918 [INFO] ytcrawl: [VIDEO] 완료: id=ZHBZ8pHBV8g, views=467, subs=4, cap_len=119, form=쇼츠
2025-09-15 22:09:30,918 [INFO] ytcrawl: [VIDEO] 시작: id=MPb_IIymfZE url=https://www.youtube.com/watch?v=MPb_IIymfZE
2025-09-15 22:09:30,967 [INFO] ytcrawl: [CAP] 'a.ko' 발견 → 원문 사용
2025-09-15 22:09:31,172 [INFO] ytcrawl: [CAP] 파싱 성공: lines=18, text_len=348
2025-09-15 22:09:31,172 [INFO] ytcrawl: [VIDEO] 완료: id=gq5_x_CJVEk, views=7630, subs=70100, cap_len=348, form=쇼츠
2025-09-15 22:09:31,173 [INFO] ytcrawl: [VIDEO] 시작: id=YavahxqPY9M url=https://www.youtube.com/watch?v=YavahxqPY9M
2025-09-15 22:09:32,063 [INFO] ytcrawl: [CAP] 'a.ko' 발견 → 원문 사용
2025-09-15 22:09:32,265 [INFO] ytcrawl: [CAP] 파싱 성공: lines=15, text_len=130
2025-09-15 22:09:32,265 [INFO] ytcrawl: [VIDEO] 완료: id=gxQ82c4vwEQ, views=1101, subs=2160, cap_len=130, form=쇼츠
2025-09-15 22:09:32,265 [INFO] ytcrawl: [VIDEO] 시작: id=fVSyTjdAOAw url=https://www.youtube.com/watch?v=fVSyTjdAOAw
2025-09-15 22:09:32,304 [INFO] ytcrawl: [CAP] XML 자막 미확보
2025-09-15 22:09:32,305 [INFO] ytcrawl: [VIDEO] 완료: id=FfixzRdlCoc, views=18784, subs=5540, cap_len=0, form=쇼츠
2025-09-15 22:09:32,305 [INFO] ytcrawl: [VIDEO] 시작: id=9q_MUFtpHbU url=https://www.youtube.com/watch?v=9q_MUFtpHbU
2025-09-15 22:09:32,473 [INFO] ytcrawl: [CAP] 'a.ko' 발견 → 원문 사용
2025-09-15 22:09:32,634 [INFO] ytcrawl: [CAP] 'a.ko' 발견 → 원문 사용
2025-09-15 22:09:32,695 [INFO] ytcrawl: [CAP] 파싱 성공: lines=42, text_len=698
2025-09-15 22:09:32,695 [INFO] ytcrawl: [VIDEO] 완료: id=uy8xAUIMmIk, views=7653, subs=19200, cap_len=698, form=쇼츠
2025-09-15 22:09:32,696 [INFO] ytcrawl: [VIDEO] 시작: id=0nYmKsn7Q8s url=https://www.youtube.com/watch?v=0nYmKsn7Q8s
2025-09-15 22:09:32,731 [DEBUG] ytcrawl: [HTTP] GET https://www.youtube.com/watch?v=xsgfbeUA_7M&hl=ko&gl=KR&persist_hl=1&persist_gl=1 -> 200, len=1003962
2025-09-15 22:09:32,762 [INFO] ytcrawl: [SUBS][WATCH] channel=UCPoCjZ1Xn7wE-SDjeTGYxBA text='구독자 52명' -> 52
2025-09-15 22:09:32,763 [INFO] ytcrawl: [CAP] XML 자막 미확보
2025-09-15 22:09:32,763 [INFO] ytcrawl: [VIDEO] 완료: id=xsgfbeUA_7M, views=1193, subs=52, cap_len=0, form=쇼츠
2025-09-15 22:09:32,763 [INFO] ytcrawl: [VIDEO] 시작: id=gM4tPJcvfSo url=https://www.youtube.com/watch?v=gM4tPJcvfSo
2025-09-15 22:09:32,818 [DEBUG] ytcrawl: [HTTP] GET https://www.youtube.com/watch?v=gadedKEuLaQ&hl=ko&gl=KR&persist_hl=1&persist_gl=1 -> 200, len=1538004
2025-09-15 22:09:32,853 [INFO] ytcrawl: [SUBS][WATCH] channel=UC1KKYN0e4yXKT03FI7UaFhQ text='구독자 2.21만명' -> 22100
2025-09-15 22:09:32,955 [INFO] ytcrawl: [CAP] 파싱 성공: lines=182, text_len=3459
2025-09-15 22:09:32,956 [INFO] ytcrawl: [VIDEO] 완료: id=dQnvy5dlc-Q, views=22041, subs=16000, cap_len=3459, form=롱폼
2025-09-15 22:09:32,956 [INFO] ytcrawl: [VIDEO] 시작: id=fF1VoM2EiRk url=https://www.youtube.com/watch?v=fF1VoM2EiRk
2025-09-15 22:09:33,121 [INFO] ytcrawl: [CAP] 'ko' 발견 → 원문 사용
2025-09-15 22:09:33,411 [INFO] ytcrawl: [CAP] 파싱 성공: lines=139, text_len=5324
2025-09-15 22:09:33,411 [INFO] ytcrawl: [VIDEO] 완료: id=gadedKEuLaQ, views=434050, subs=22100, cap_len=5324, form=롱폼
2025-09-15 22:09:33,411 [INFO] ytcrawl: [VIDEO] 시작: id=4aMTOuR9mxc url=https://www.youtube.com/watch?v=4aMTOuR9mxc
2025-09-15 22:09:34,046 [DEBUG] ytcrawl: [HTTP] GET https://www.youtube.com/watch?v=YavahxqPY9M&hl=ko&gl=KR&persist_hl=1&persist_gl=1 -> 200, len=1025333
2025-09-15 22:09:34,076 [INFO] ytcrawl: [SUBS][WATCH] channel=UCQgS4erf4vzOPv1iHtnoGaA text='구독자 15명' -> 15
2025-09-15 22:09:34,077 [INFO] ytcrawl: [CAP] 'a.ko' 발견 → 원문 사용
2025-09-15 22:09:34,348 [INFO] ytcrawl: [CAP] 파싱 성공: lines=25, text_len=460
2025-09-15 22:09:34,348 [INFO] ytcrawl: [VIDEO] 완료: id=fVSyTjdAOAw, views=7364, subs=4410, cap_len=460, form=쇼츠
2025-09-15 22:09:34,348 [INFO] ytcrawl: [VIDEO] 시작: id=aM0UuHMQmPw url=https://www.youtube.com/watch?v=aM0UuHMQmPw
2025-09-15 22:09:34,412 [INFO] ytcrawl: [CAP] 'ko' 발견 → 원문 사용
2025-09-15 22:09:34,583 [DEBUG] ytcrawl: [CAP][PR] GET https://www.youtube.com/api/timedtext?v=YavahxqPY9M&ei=DBDIaKHEAe2X1d8PrZW5wA4&caps=asr&opi=112496729&exp=xpe&xoaf=5&xowf=1&hl=en&ip=0.0.0.0&ipbits=0&expire=1757966972&sparams=ip,ipbits,expire,v,ei,caps,opi,exp,xoaf&signature=E4C8E475A68D19F0642EBD39B31D8EBE6FCC51B4.93A6015EAEF4E793DA6DF712AF5D084DBB0CF90E&key=yt8&kind=asr&lang=pt&fmt=srv3&tlang=ko -> 429, len=1103
2025-09-15 22:09:34,584 [INFO] ytcrawl: [CAP] XML 자막 미확보
2025-09-15 22:09:34,584 [INFO] ytcrawl: [VIDEO] 완료: id=YavahxqPY9M, views=5, subs=15, cap_len=0, form=쇼츠
2025-09-15 22:09:34,584 [INFO] ytcrawl: [VIDEO] 시작: id=u3p0V4dTJc8 url=https://www.youtube.com/watch?v=u3p0V4dTJc8
2025-09-15 22:09:34,666 [DEBUG] ytcrawl: [HTTP] GET https://www.youtube.com/watch?v=MPb_IIymfZE&hl=ko&gl=KR&persist_hl=1&persist_gl=1 -> 200, len=1008710
2025-09-15 22:09:34,694 [INFO] ytcrawl: [SUBS][WATCH] channel=UCGadMscSHzBPbZv5lMT8AbA text='구독자 50명' -> 50
2025-09-15 22:09:34,694 [INFO] ytcrawl: [CAP] XML 자막 미확보
2025-09-15 22:09:34,694 [INFO] ytcrawl: [VIDEO] 완료: id=MPb_IIymfZE, views=10934, subs=50, cap_len=0, form=쇼츠
2025-09-15 22:09:34,695 [INFO] ytcrawl: [VIDEO] 시작: id=_bx8MbeS0b8 url=https://www.youtube.com/watch?v=_bx8MbeS0b8
2025-09-15 22:09:35,215 [INFO] ytcrawl: [CAP] 파싱 성공: lines=344, text_len=13329
2025-09-15 22:09:35,215 [INFO] ytcrawl: [VIDEO] 완료: id=9q_MUFtpHbU, views=178136, subs=210000, cap_len=13329, form=롱폼
2025-09-15 22:09:35,215 [INFO] ytcrawl: [VIDEO] 시작: id=g_LN1jiQ_mo url=https://www.youtube.com/watch?v=g_LN1jiQ_mo
2025-09-15 22:09:35,481 [DEBUG] ytcrawl: [HTTP] GET https://www.youtube.com/watch?v=gM4tPJcvfSo&hl=ko&gl=KR&persist_hl=1&persist_gl=1 -> 200, len=1461181
2025-09-15 22:09:35,514 [INFO] ytcrawl: [SUBS][WATCH] channel=UCZoDnPhsSGPCJUFo6uA8mnA text='구독자 1.59천명' -> 1590
2025-09-15 22:09:35,519 [DEBUG] ytcrawl: [HTTP] GET https://www.youtube.com/watch?v=0nYmKsn7Q8s&hl=ko&gl=KR&persist_hl=1&persist_gl=1 -> 200, len=1007776
2025-09-15 22:09:35,544 [INFO] ytcrawl: [SUBS][WATCH] channel=UCxYDgZ4nFDfpYp_AteR24xQ text='구독자 1.46천명' -> 1460
2025-09-15 22:09:35,658 [DEBUG] ytcrawl: [HTTP] GET https://www.youtube.com/watch?v=fF1VoM2EiRk&hl=ko&gl=KR&persist_hl=1&persist_gl=1 -> 200, len=1063775
2025-09-15 22:09:35,689 [INFO] ytcrawl: [SUBS][WATCH] channel=UCEvmfPBNH2_1oN8imrhndCQ text='구독자 3.16만명' -> 31600
2025-09-15 22:09:35,787 [INFO] ytcrawl: [CAP] 'a.ko' 발견 → 원문 사용
2025-09-15 22:09:35,789 [INFO] ytcrawl: [CAP] 'a.ko' 발견 → 원문 사용
2025-09-15 22:09:36,001 [INFO] ytcrawl: [CAP] 파싱 성공: lines=72, text_len=1292
2025-09-15 22:09:36,002 [INFO] ytcrawl: [VIDEO] 완료: id=0nYmKsn7Q8s, views=293, subs=1460, cap_len=1292, form=쇼츠
2025-09-15 22:09:36,002 [INFO] ytcrawl: [VIDEO] 시작: id=wBzH8CEM34g url=https://www.youtube.com/watch?v=wBzH8CEM34g
2025-09-15 22:09:36,032 [INFO] ytcrawl: [CAP] 'a.ko' 발견 → 원문 사용
2025-09-15 22:09:36,077 [INFO] ytcrawl: [CAP] 파싱 성공: lines=54, text_len=662
2025-09-15 22:09:36,077 [INFO] ytcrawl: [VIDEO] 완료: id=gM4tPJcvfSo, views=136443, subs=1590, cap_len=662, form=롱폼
2025-09-15 22:09:36,077 [INFO] ytcrawl: [VIDEO] 시작: id=7bSuTDqyVYo url=https://www.youtube.com/watch?v=7bSuTDqyVYo
2025-09-15 22:09:36,361 [INFO] ytcrawl: [CAP] 파싱 성공: lines=113, text_len=1846
2025-09-15 22:09:36,361 [INFO] ytcrawl: [VIDEO] 완료: id=fF1VoM2EiRk, views=26778, subs=31600, cap_len=1846, form=쇼츠
2025-09-15 22:09:36,362 [INFO] ytcrawl: [VIDEO] 시작: id=fUh7wXClnA4 url=https://www.youtube.com/watch?v=fUh7wXClnA4
2025-09-15 22:09:36,899 [DEBUG] ytcrawl: [HTTP] GET https://www.youtube.com/watch?v=aM0UuHMQmPw&hl=ko&gl=KR&persist_hl=1&persist_gl=1 -> 200, len=1036366
2025-09-15 22:09:36,935 [INFO] ytcrawl: [SUBS][WATCH] channel=UC0KYLubXIUrkWlDUeXdF-rA text='구독자 16.5만명' -> 165000
2025-09-15 22:09:37,129 [INFO] ytcrawl: [CAP] 'a.ko' 발견 → 원문 사용
2025-09-15 22:09:37,319 [INFO] ytcrawl: [CAP] 파싱 성공: lines=16, text_len=129
2025-09-15 22:09:37,319 [INFO] ytcrawl: [VIDEO] 완료: id=aM0UuHMQmPw, views=342946, subs=165000, cap_len=129, form=쇼츠
2025-09-15 22:09:37,319 [INFO] ytcrawl: [VIDEO] 시작: id=EwvskNY4Jxw url=https://www.youtube.com/watch?v=EwvskNY4Jxw
2025-09-15 22:09:37,358 [INFO] ytcrawl: [CAP] XML 자막 미확보
2025-09-15 22:09:37,358 [INFO] ytcrawl: [VIDEO] 완료: id=g_LN1jiQ_mo, views=127578, subs=12800, cap_len=0, form=쇼츠
2025-09-15 22:09:37,358 [INFO] ytcrawl: [VIDEO] 시작: id=Zf1Z1EKtoDg url=https://www.youtube.com/watch?v=Zf1Z1EKtoDg
2025-09-15 22:09:37,506 [DEBUG] ytcrawl: [HTTP] GET https://www.youtube.com/watch?v=_bx8MbeS0b8&hl=ko&gl=KR&persist_hl=1&persist_gl=1 -> 200, len=1022388
2025-09-15 22:09:37,533 [INFO] ytcrawl: [SUBS][WATCH] channel=UCilPHycMSpFOay6Yc6ZPf_A text='구독자 123명' -> 123
2025-09-15 22:09:37,577 [DEBUG] ytcrawl: [HTTP] GET https://www.youtube.com/watch?v=u3p0V4dTJc8&hl=ko&gl=KR&persist_hl=1&persist_gl=1 -> 200, len=1013084
2025-09-15 22:09:37,603 [INFO] ytcrawl: [SUBS][WATCH] channel=UCfXp9zjXf49v3mqS6gi1G0Q text='구독자 7.31만명' -> 73100
2025-09-15 22:09:37,814 [INFO] ytcrawl: [CAP] 'a.ko' 발견 → 원문 사용
2025-09-15 22:09:38,172 [INFO] ytcrawl: [CAP] 'a.ko' 발견 → 원문 사용
2025-09-15 22:09:38,412 [INFO] ytcrawl: [CAP] 파싱 성공: lines=28, text_len=440
2025-09-15 22:09:38,413 [INFO] ytcrawl: [VIDEO] 완료: id=u3p0V4dTJc8, views=37868, subs=73100, cap_len=440, form=쇼츠
2025-09-15 22:09:38,413 [INFO] ytcrawl: [VIDEO] 시작: id=FfWGDXM_mso url=https://www.youtube.com/watch?v=FfWGDXM_mso
2025-09-15 22:09:38,443 [DEBUG] ytcrawl: [HTTP] GET https://www.youtube.com/watch?v=wBzH8CEM34g&hl=ko&gl=KR&persist_hl=1&persist_gl=1 -> 200, len=1011525
2025-09-15 22:09:38,470 [INFO] ytcrawl: [SUBS][WATCH] channel=UCv8na_0FmGR4UuFbW-b74rQ text='구독자 61명' -> 61
2025-09-15 22:09:38,473 [INFO] ytcrawl: [CAP] 파싱 성공: lines=34, text_len=605
2025-09-15 22:09:38,473 [INFO] ytcrawl: [VIDEO] 완료: id=_bx8MbeS0b8, views=6476, subs=123, cap_len=605, form=쇼츠
2025-09-15 22:09:38,474 [INFO] ytcrawl: [VIDEO] 시작: id=a9AEx4VELK8 url=https://www.youtube.com/watch?v=a9AEx4VELK8
2025-09-15 22:09:38,726 [INFO] ytcrawl: [CAP] 'a.ko' 발견 → 원문 사용
2025-09-15 22:09:38,775 [DEBUG] ytcrawl: [HTTP] GET https://www.youtube.com/watch?v=fUh7wXClnA4&hl=ko&gl=KR&persist_hl=1&persist_gl=1 -> 200, len=1004694
2025-09-15 22:09:38,801 [INFO] ytcrawl: [SUBS][WATCH] channel=UC6O1y9zgPQzHa9tLiePpnUw text='구독자 845명' -> 845
2025-09-15 22:09:38,802 [INFO] ytcrawl: [CAP] XML 자막 미확보
2025-09-15 22:09:38,802 [INFO] ytcrawl: [VIDEO] 완료: id=fUh7wXClnA4, views=373, subs=845, cap_len=0, form=쇼츠
2025-09-15 22:09:38,802 [INFO] ytcrawl: [VIDEO] 시작: id=DUUje4_AV6k url=https://www.youtube.com/watch?v=DUUje4_AV6k
2025-09-15 22:09:38,994 [INFO] ytcrawl: [CAP] 파싱 성공: lines=17, text_len=317
2025-09-15 22:09:38,994 [INFO] ytcrawl: [VIDEO] 완료: id=wBzH8CEM34g, views=32021, subs=61, cap_len=317, form=쇼츠
2025-09-15 22:09:38,994 [INFO] ytcrawl: [VIDEO] 시작: id=wvb6olddzQc url=https://www.youtube.com/watch?v=wvb6olddzQc
2025-09-15 22:09:39,317 [DEBUG] ytcrawl: [HTTP] GET https://www.youtube.com/watch?v=7bSuTDqyVYo&hl=ko&gl=KR&persist_hl=1&persist_gl=1 -> 200, len=1046109
2025-09-15 22:09:39,349 [INFO] ytcrawl: [SUBS][WATCH] channel=UCmJemyhY2nHB-fk-XG_PtBQ text='구독자 4명' -> 4
2025-09-15 22:09:39,563 [INFO] ytcrawl: [CAP] 'a.ko' 발견 → 원문 사용
2025-09-15 22:09:39,757 [INFO] ytcrawl: [CAP] 파싱 성공: lines=7, text_len=116
2025-09-15 22:09:39,757 [INFO] ytcrawl: [VIDEO] 완료: id=7bSuTDqyVYo, views=2571, subs=4, cap_len=116, form=쇼츠
2025-09-15 22:09:39,757 [INFO] ytcrawl: [VIDEO] 시작: id=nRigq-y2Yos url=https://www.youtube.com/watch?v=nRigq-y2Yos
2025-09-15 22:09:39,870 [DEBUG] ytcrawl: [HTTP] GET https://www.youtube.com/watch?v=Zf1Z1EKtoDg&hl=ko&gl=KR&persist_hl=1&persist_gl=1 -> 200, len=1020845
2025-09-15 22:09:39,900 [INFO] ytcrawl: [SUBS][WATCH] channel=UCzwcHZipk2wIG7UzgLzw67Q text='구독자 13명' -> 13
2025-09-15 22:09:40,109 [INFO] ytcrawl: [CAP] 'a.ko' 발견 → 원문 사용
2025-09-15 22:09:40,326 [INFO] ytcrawl: [CAP] 파싱 성공: lines=43, text_len=812
2025-09-15 22:09:40,335 [INFO] ytcrawl: [VIDEO] 완료: id=Zf1Z1EKtoDg, views=878, subs=13, cap_len=812, form=쇼츠
2025-09-15 22:09:40,336 [INFO] ytcrawl: [VIDEO] 시작: id=B_3NT8YovGI url=https://www.youtube.com/watch?v=B_3NT8YovGI
2025-09-15 22:09:40,583 [INFO] ytcrawl: [CAP] 'a.ko' 발견 → 원문 사용
2025-09-15 22:09:40,636 [DEBUG] ytcrawl: [HTTP] GET https://www.youtube.com/watch?v=FfWGDXM_mso&hl=ko&gl=KR&persist_hl=1&persist_gl=1 -> 200, len=1051419
2025-09-15 22:09:40,668 [INFO] ytcrawl: [SUBS][WATCH] channel=UCkEer8JzZbh_03BX9w0-gRA text='구독자 47명' -> 47
2025-09-15 22:09:40,683 [DEBUG] ytcrawl: [HTTP] GET https://www.youtube.com/watch?v=EwvskNY4Jxw&hl=ko&gl=KR&persist_hl=1&persist_gl=1 -> 200, len=1020321
2025-09-15 22:09:40,712 [INFO] ytcrawl: [SUBS][WATCH] channel=UCt8tF4F2mhJtYtGmA22WjUA text='구독자 311명' -> 311
2025-09-15 22:09:40,790 [INFO] ytcrawl: [CAP] 파싱 성공: lines=4, text_len=32
2025-09-15 22:09:40,791 [INFO] ytcrawl: [VIDEO] 완료: id=DUUje4_AV6k, views=163031, subs=73000, cap_len=32, form=쇼츠
2025-09-15 22:09:40,791 [INFO] ytcrawl: [VIDEO] 시작: id=28-3TYzQ6Ik url=https://www.youtube.com/watch?v=28-3TYzQ6Ik
2025-09-15 22:09:40,884 [INFO] ytcrawl: [CAP] 'a.ko' 발견 → 원문 사용
2025-09-15 22:09:41,000 [INFO] ytcrawl: [CAP] 'a.ko' 발견 → 원문 사용
2025-09-15 22:09:41,073 [INFO] ytcrawl: [CAP] 파싱 성공: lines=12, text_len=207
2025-09-15 22:09:41,073 [INFO] ytcrawl: [VIDEO] 완료: id=FfWGDXM_mso, views=726, subs=47, cap_len=207, form=쇼츠
2025-09-15 22:09:41,073 [INFO] ytcrawl: [VIDEO] 시작: id=yTX9jyXNkIQ url=https://www.youtube.com/watch?v=yTX9jyXNkIQ
2025-09-15 22:09:41,267 [DEBUG] ytcrawl: [HTTP] GET https://www.youtube.com/watch?v=4aMTOuR9mxc&hl=ko&gl=KR&persist_hl=1&persist_gl=1 -> 200, len=1022908
2025-09-15 22:09:41,295 [INFO] ytcrawl: [SUBS][WATCH] channel=UCDe23ZCiQse-UCWHdmQnHKg text='구독자 690명' -> 690
2025-09-15 22:09:41,295 [INFO] ytcrawl: [CAP] 파싱 성공: lines=25, text_len=452
2025-09-15 22:09:41,296 [INFO] ytcrawl: [VIDEO] 완료: id=EwvskNY4Jxw, views=4766, subs=311, cap_len=452, form=쇼츠
2025-09-15 22:09:41,296 [INFO] ytcrawl: [VIDEO] 시작: id=FJL3ARjSqSI url=https://www.youtube.com/watch?v=FJL3ARjSqSI
2025-09-15 22:09:41,474 [DEBUG] ytcrawl: [HTTP] GET https://www.youtube.com/watch?v=wvb6olddzQc&hl=ko&gl=KR&persist_hl=1&persist_gl=1 -> 200, len=1023334
2025-09-15 22:09:41,499 [INFO] ytcrawl: [SUBS][WATCH] channel=UCXILa5ONbnlsnTZVolWJ8Qw text='구독자 144명' -> 144
2025-09-15 22:09:41,557 [DEBUG] ytcrawl: [HTTP] GET https://www.youtube.com/watch?v=a9AEx4VELK8&hl=ko&gl=KR&persist_hl=1&persist_gl=1 -> 200, len=1551962
2025-09-15 22:09:41,592 [INFO] ytcrawl: [SUBS][WATCH] channel=UCbaOtL73V99gbZ-YFRCh-fA text='구독자 1.66만명' -> 16600
2025-09-15 22:09:41,593 [INFO] ytcrawl: [CAP] 'a.ko' 발견 → 원문 사용
2025-09-15 22:09:41,687 [INFO] ytcrawl: [CAP] 'a.ko' 발견 → 원문 사용
2025-09-15 22:09:41,833 [INFO] ytcrawl: [CAP] 파싱 성공: lines=13, text_len=87
2025-09-15 22:09:41,834 [INFO] ytcrawl: [VIDEO] 완료: id=4aMTOuR9mxc, views=3485, subs=690, cap_len=87, form=쇼츠
2025-09-15 22:09:41,834 [INFO] ytcrawl: [VIDEO] 시작: id=AlxnoFXo2Tw url=https://www.youtube.com/watch?v=AlxnoFXo2Tw
2025-09-15 22:09:41,877 [INFO] ytcrawl: [CAP] 파싱 성공: lines=19, text_len=351
2025-09-15 22:09:41,878 [INFO] ytcrawl: [VIDEO] 완료: id=wvb6olddzQc, views=67299, subs=144, cap_len=351, form=쇼츠
2025-09-15 22:09:41,878 [INFO] ytcrawl: [VIDEO] 시작: id=Wpc5vq3kixg url=https://www.youtube.com/watch?v=Wpc5vq3kixg
2025-09-15 22:09:41,904 [INFO] ytcrawl: [CAP] 'a.ko' 발견 → 원문 사용
2025-09-15 22:09:42,178 [INFO] ytcrawl: [CAP] 파싱 성공: lines=304, text_len=5863
2025-09-15 22:09:42,179 [INFO] ytcrawl: [VIDEO] 완료: id=a9AEx4VELK8, views=242957, subs=16600, cap_len=5863, form=롱폼
2025-09-15 22:09:42,179 [INFO] ytcrawl: [VIDEO] 시작: id=25aY5b6tlYk url=https://www.youtube.com/watch?v=25aY5b6tlYk
2025-09-15 22:09:42,364 [INFO] ytcrawl: [CAP] XML 자막 미확보
2025-09-15 22:09:42,364 [INFO] ytcrawl: [VIDEO] 완료: id=28-3TYzQ6Ik, views=87954, subs=2780, cap_len=0, form=쇼츠
2025-09-15 22:09:42,364 [INFO] ytcrawl: [VIDEO] 시작: id=npdhGh1ABLs url=https://www.youtube.com/watch?v=npdhGh1ABLs
2025-09-15 22:09:42,698 [DEBUG] ytcrawl: [HTTP] GET https://www.youtube.com/watch?v=B_3NT8YovGI&hl=ko&gl=KR&persist_hl=1&persist_gl=1 -> 200, len=1010976
2025-09-15 22:09:42,723 [INFO] ytcrawl: [SUBS][WATCH] channel=UC4l9MNVQZ-3cnv1erMl0oeg text='구독자 721명' -> 721
2025-09-15 22:09:42,769 [INFO] ytcrawl: [CAP] 'a.ko' 발견 → 원문 사용
2025-09-15 22:09:43,053 [INFO] ytcrawl: [CAP] 'a.ko' 발견 → 원문 사용
2025-09-15 22:09:43,197 [INFO] ytcrawl: [CAP] 'a.ko' 발견 → 원문 사용
2025-09-15 22:09:43,278 [INFO] ytcrawl: [CAP] 파싱 성공: lines=23, text_len=347
2025-09-15 22:09:43,278 [INFO] ytcrawl: [VIDEO] 완료: id=B_3NT8YovGI, views=10067, subs=721, cap_len=347, form=쇼츠
2025-09-15 22:09:43,278 [INFO] ytcrawl: [VIDEO] 시작: id=tQdMi5PGqYQ url=https://www.youtube.com/watch?v=tQdMi5PGqYQ
2025-09-15 22:09:43,306 [INFO] ytcrawl: [CAP] 파싱 성공: lines=2, text_len=23
2025-09-15 22:09:43,306 [INFO] ytcrawl: [VIDEO] 완료: id=yTX9jyXNkIQ, views=136130, subs=73000, cap_len=23, form=쇼츠
2025-09-15 22:09:43,306 [INFO] ytcrawl: [VIDEO] 시작: id=lZy_LIHt-4U url=https://www.youtube.com/watch?v=lZy_LIHt-4U
2025-09-15 22:09:43,473 [INFO] ytcrawl: [CAP] 파싱 성공: lines=11, text_len=60
2025-09-15 22:09:43,473 [INFO] ytcrawl: [VIDEO] 완료: id=FJL3ARjSqSI, views=74387, subs=1860, cap_len=60, form=쇼츠
2025-09-15 22:09:43,473 [INFO] ytcrawl: [VIDEO] 시작: id=9rgTY8rISbk url=https://www.youtube.com/watch?v=9rgTY8rISbk
2025-09-15 22:09:44,283 [DEBUG] ytcrawl: [HTTP] GET https://www.youtube.com/watch?v=AlxnoFXo2Tw&hl=ko&gl=KR&persist_hl=1&persist_gl=1 -> 200, len=1071216
2025-09-15 22:09:44,314 [INFO] ytcrawl: [SUBS][WATCH] channel=UC3aIr96eVK0ZOSVKoZ3m87w text='구독자 2.08만명' -> 20800
2025-09-15 22:09:44,466 [INFO] ytcrawl: [CAP] 'a.ko' 발견 → 원문 사용
2025-09-15 22:09:44,574 [INFO] ytcrawl: [CAP] 'a.ko' 발견 → 원문 사용
2025-09-15 22:09:44,612 [DEBUG] ytcrawl: [HTTP] GET https://www.youtube.com/watch?v=Wpc5vq3kixg&hl=ko&gl=KR&persist_hl=1&persist_gl=1 -> 200, len=1015895
2025-09-15 22:09:44,637 [INFO] ytcrawl: [SUBS][WATCH] channel=UCXrMi9Fujk4TsD6o2RkOX0g text='구독자 20명' -> 20
2025-09-15 22:09:44,755 [INFO] ytcrawl: [CAP] 파싱 성공: lines=152, text_len=2904
2025-09-15 22:09:44,755 [INFO] ytcrawl: [VIDEO] 완료: id=25aY5b6tlYk, views=3588, subs=15600, cap_len=2904, form=롱폼
2025-09-15 22:09:44,755 [INFO] ytcrawl: [VIDEO] 시작: id=9RyoagNDoMs url=https://www.youtube.com/watch?v=9RyoagNDoMs
2025-09-15 22:09:44,811 [INFO] ytcrawl: [CAP] 파싱 성공: lines=22, text_len=420
2025-09-15 22:09:44,811 [INFO] ytcrawl: [VIDEO] 완료: id=AlxnoFXo2Tw, views=15700, subs=20800, cap_len=420, form=쇼츠
2025-09-15 22:09:44,811 [INFO] ytcrawl: [VIDEO] 시작: id=pJRNFxLsXiE url=https://www.youtube.com/watch?v=pJRNFxLsXiE
2025-09-15 22:09:44,865 [INFO] ytcrawl: [CAP] 'a.ko' 발견 → 원문 사용
2025-09-15 22:09:44,887 [DEBUG] ytcrawl: [HTTP] GET https://www.youtube.com/watch?v=npdhGh1ABLs&hl=ko&gl=KR&persist_hl=1&persist_gl=1 -> 200, len=1034656
2025-09-15 22:09:44,916 [INFO] ytcrawl: [SUBS][WATCH] channel=UCBfIZTQWVtS7U66Pq6lXE7w text='구독자 328만명' -> 3280000
2025-09-15 22:09:45,163 [INFO] ytcrawl: [CAP] 파싱 성공: lines=27, text_len=495
2025-09-15 22:09:45,164 [INFO] ytcrawl: [VIDEO] 완료: id=Wpc5vq3kixg, views=1451, subs=20, cap_len=495, form=쇼츠
2025-09-15 22:09:45,164 [INFO] ytcrawl: [VIDEO] 시작: id=7kmW9KLy1q8 url=https://www.youtube.com/watch?v=7kmW9KLy1q8
2025-09-15 22:09:45,275 [DEBUG] ytcrawl: [CAP][PR] GET https://www.youtube.com/api/timedtext?v=npdhGh1ABLs&ei=FxDIaOaQBbO21d8P0Mmp4Q8&caps=asr&opi=112496729&exp=xpe&xoaf=5&hl=en&ip=0.0.0.0&ipbits=0&expire=1757966983&sparams=ip,ipbits,expire,v,ei,caps,opi,exp,xoaf&signature=301ADD06361D411276EF3BAB8BC37436ECFA3223.EFE85CD238B9D59EAD2ED98F8B4D13E799015559&key=yt8&kind=asr&lang=hi&fmt=srv3&tlang=ko -> 429, len=1103
2025-09-15 22:09:45,275 [INFO] ytcrawl: [CAP] XML 자막 미확보
2025-09-15 22:09:45,275 [INFO] ytcrawl: [VIDEO] 완료: id=npdhGh1ABLs, views=499968, subs=3280000, cap_len=0, form=쇼츠
2025-09-15 22:09:45,275 [INFO] ytcrawl: [VIDEO] 시작: id=CI-8nMW2pUY url=https://www.youtube.com/watch?v=CI-8nMW2pUY
2025-09-15 22:09:45,671 [DEBUG] ytcrawl: [CAP][PR] GET https://www.youtube.com/api/timedtext?v=lZy_LIHt-4U&ei=GBDIaMn8CJGYpt8P47-J6Qo&caps=asr&opi=112496729&exp=xpe&xoaf=5&xospf=1&hl=en&ip=0.0.0.0&ipbits=0&expire=1757966984&sparams=ip,ipbits,expire,v,ei,caps,opi,exp,xoaf&signature=93753DFEFE8BD3A2AE70A240E8A631D696B521DD.B138A72C1869D24D96E4529C429164866585A8A6&key=yt8&kind=asr&lang=ro&fmt=srv3&tlang=ko -> 429, len=1103
2025-09-15 22:09:45,672 [INFO] ytcrawl: [CAP] XML 자막 미확보
2025-09-15 22:09:45,672 [INFO] ytcrawl: [VIDEO] 완료: id=lZy_LIHt-4U, views=48, subs=5180, cap_len=0, form=쇼츠
2025-09-15 22:09:45,672 [INFO] ytcrawl: [VIDEO] 시작: id=puxR83uzxeE url=https://www.youtube.com/watch?v=puxR83uzxeE
2025-09-15 22:09:45,840 [DEBUG] ytcrawl: [HTTP] GET https://www.youtube.com/watch?v=9rgTY8rISbk&hl=ko&gl=KR&persist_hl=1&persist_gl=1 -> 200, len=1015553
2025-09-15 22:09:45,871 [INFO] ytcrawl: [SUBS][WATCH] channel=UCe15Z4pS0EO4NpZg3ijy-Uw text='구독자 51.8만명' -> 518000
2025-09-15 22:09:46,292 [DEBUG] ytcrawl: [HTTP] GET https://www.youtube.com/watch?v=nRigq-y2Yos&hl=ko&gl=KR&persist_hl=1&persist_gl=1 -> 200, len=1039255
2025-09-15 22:09:46,321 [INFO] ytcrawl: [SUBS][WATCH] channel=UCod3ACfa8UqqTuE10-MRnDA text='구독자 50명' -> 50
2025-09-15 22:09:46,327 [DEBUG] ytcrawl: [HTTP] GET https://www.youtube.com/watch?v=tQdMi5PGqYQ&hl=ko&gl=KR&persist_hl=1&persist_gl=1 -> 200, len=1057238
2025-09-15 22:09:46,348 [DEBUG] ytcrawl: [CAP][PR] GET https://www.youtube.com/api/timedtext?v=9rgTY8rISbk&ei=GBDIaOjpDJHlpt8P9Ii1MQ&caps=asr&opi=112496729&exp=xpe&xoaf=5&hl=en&ip=0.0.0.0&ipbits=0&expire=1757966984&sparams=ip,ipbits,expire,v,ei,caps,opi,exp,xoaf&signature=AC2AF36EE9D995938BE86C387E9DEAEBFA785064.BAC7DD6C757CC773B62C1DBD67D24040C9E69ABD&key=yt8&kind=asr&lang=kn&fmt=srv3&tlang=ko -> 429, len=1103
2025-09-15 22:09:46,358 [INFO] ytcrawl: [SUBS][WATCH] channel=UC_QrZqBbVV0X7Hk4M1033Zw text='구독자 18명' -> 18
2025-09-15 22:09:46,358 [INFO] ytcrawl: [CAP] XML 자막 미확보
2025-09-15 22:09:46,358 [INFO] ytcrawl: [VIDEO] 완료: id=9rgTY8rISbk, views=712902, subs=518000, cap_len=0, form=쇼츠
2025-09-15 22:09:46,359 [INFO] ytcrawl: [VIDEO] 시작: id=4-sjfBiJH04 url=https://www.youtube.com/watch?v=4-sjfBiJH04
2025-09-15 22:09:46,575 [INFO] ytcrawl: [CAP] 'a.ko' 발견 → 원문 사용
2025-09-15 22:09:46,576 [INFO] ytcrawl: [CAP] 'a.ko' 발견 → 원문 사용
2025-09-15 22:09:46,610 [INFO] ytcrawl: [CAP] 'a.ko' 발견 → 원문 사용
2025-09-15 22:09:46,788 [INFO] ytcrawl: [CAP] 파싱 성공: lines=6, text_len=108
2025-09-15 22:09:46,788 [INFO] ytcrawl: [VIDEO] 완료: id=nRigq-y2Yos, views=982, subs=50, cap_len=108, form=쇼츠
2025-09-15 22:09:46,788 [INFO] ytcrawl: [VIDEO] 시작: id=FV9Wg4f3H2A url=https://www.youtube.com/watch?v=FV9Wg4f3H2A
2025-09-15 22:09:46,838 [INFO] ytcrawl: [CAP] 파싱 성공: lines=15, text_len=269
2025-09-15 22:09:46,838 [INFO] ytcrawl: [VIDEO] 완료: id=tQdMi5PGqYQ, views=3997, subs=18, cap_len=269, form=쇼츠
2025-09-15 22:09:46,838 [INFO] ytcrawl: [VIDEO] 시작: id=fd2dc_RsKQ4 url=https://www.youtube.com/watch?v=fd2dc_RsKQ4
2025-09-15 22:09:46,893 [INFO] ytcrawl: [CAP] 파싱 성공: lines=171, text_len=3317
2025-09-15 22:09:46,893 [INFO] ytcrawl: [VIDEO] 완료: id=pJRNFxLsXiE, views=20221, subs=135000, cap_len=3317, form=롱폼
2025-09-15 22:09:46,893 [INFO] ytcrawl: [VIDEO] 시작: id=CodB4lW1IWM url=https://www.youtube.com/watch?v=CodB4lW1IWM
2025-09-15 22:09:47,268 [INFO] ytcrawl: [CAP] 'a.ko' 발견 → 원문 사용
2025-09-15 22:09:47,484 [INFO] ytcrawl: [CAP] 파싱 성공: lines=7, text_len=73
2025-09-15 22:09:47,485 [INFO] ytcrawl: [VIDEO] 완료: id=9RyoagNDoMs, views=1574, subs=5180, cap_len=73, form=쇼츠
2025-09-15 22:09:47,485 [INFO] ytcrawl: [VIDEO] 시작: id=GApFM2Er5oc url=https://www.youtube.com/watch?v=GApFM2Er5oc
2025-09-15 22:09:47,574 [INFO] ytcrawl: [CAP] 'a.ko' 발견 → 원문 사용
2025-09-15 22:09:47,763 [INFO] ytcrawl: [CAP] 파싱 성공: lines=16, text_len=258
2025-09-15 22:09:47,764 [INFO] ytcrawl: [VIDEO] 완료: id=CI-8nMW2pUY, views=133834, subs=164000, cap_len=258, form=쇼츠
2025-09-15 22:09:47,764 [INFO] ytcrawl: [VIDEO] 시작: id=kFGIoPNjdoc url=https://www.youtube.com/watch?v=kFGIoPNjdoc
2025-09-15 22:09:48,015 [DEBUG] ytcrawl: [HTTP] GET https://www.youtube.com/watch?v=7kmW9KLy1q8&hl=ko&gl=KR&persist_hl=1&persist_gl=1 -> 200, len=1106879
2025-09-15 22:09:48,059 [INFO] ytcrawl: [SUBS][WATCH] channel=UCrOOSBc4SmJ40mSEV56FckQ text='구독자 40명' -> 40
2025-09-15 22:09:48,283 [INFO] ytcrawl: [CAP] 'a.ko' 발견 → 원문 사용
2025-09-15 22:09:48,481 [INFO] ytcrawl: [CAP] 파싱 성공: lines=22, text_len=375
2025-09-15 22:09:48,481 [INFO] ytcrawl: [VIDEO] 완료: id=7kmW9KLy1q8, views=362, subs=40, cap_len=375, form=쇼츠
2025-09-15 22:09:48,481 [INFO] ytcrawl: [VIDEO] 시작: id=wCYnkhuXe84 url=https://www.youtube.com/watch?v=wCYnkhuXe84
2025-09-15 22:09:48,537 [DEBUG] ytcrawl: [HTTP] GET https://www.youtube.com/watch?v=puxR83uzxeE&hl=ko&gl=KR&persist_hl=1&persist_gl=1 -> 200, len=1013009
2025-09-15 22:09:48,569 [INFO] ytcrawl: [SUBS][WATCH] channel=UCh3GPpuMBcKoiUBV-f1WQ3A text='구독자 17명' -> 17
2025-09-15 22:09:48,714 [DEBUG] ytcrawl: [HTTP] GET https://www.youtube.com/watch?v=4-sjfBiJH04&hl=ko&gl=KR&persist_hl=1&persist_gl=1 -> 200, len=1005409
2025-09-15 22:09:48,745 [INFO] ytcrawl: [SUBS][WATCH] channel=UCMB-tgc5highzhS9UCKzpPA text='구독자 14명' -> 14
2025-09-15 22:09:48,806 [INFO] ytcrawl: [CAP] 'a.ko' 발견 → 원문 사용
2025-09-15 22:09:48,814 [INFO] ytcrawl: [CAP] 'a.ko' 발견 → 원문 사용
2025-09-15 22:09:49,004 [INFO] ytcrawl: [CAP] 'a.ko' 발견 → 원문 사용
2025-09-15 22:09:49,038 [INFO] ytcrawl: [CAP] 파싱 성공: lines=24, text_len=398
2025-09-15 22:09:49,038 [INFO] ytcrawl: [VIDEO] 완료: id=fd2dc_RsKQ4, views=19603, subs=73100, cap_len=398, form=쇼츠
2025-09-15 22:09:49,039 [INFO] ytcrawl: [VIDEO] 시작: id=z0jRsVJsWsM url=https://www.youtube.com/watch?v=z0jRsVJsWsM
2025-09-15 22:09:49,066 [INFO] ytcrawl: [CAP] 'a.ko' 발견 → 원문 사용
2025-09-15 22:09:49,090 [INFO] ytcrawl: [CAP] 파싱 성공: lines=5, text_len=68
2025-09-15 22:09:49,091 [INFO] ytcrawl: [VIDEO] 완료: id=puxR83uzxeE, views=2570, subs=17, cap_len=68, form=쇼츠
2025-09-15 22:09:49,091 [INFO] ytcrawl: [VIDEO] 시작: id=GRXdVek6MdQ url=https://www.youtube.com/watch?v=GRXdVek6MdQ
2025-09-15 22:09:49,211 [INFO] ytcrawl: [CAP] 파싱 성공: lines=11, text_len=196
2025-09-15 22:09:49,211 [INFO] ytcrawl: [VIDEO] 완료: id=4-sjfBiJH04, views=245, subs=14, cap_len=196, form=쇼츠
2025-09-15 22:09:49,211 [INFO] ytcrawl: [VIDEO] 시작: id=H4SH1_giyHk url=https://www.youtube.com/watch?v=H4SH1_giyHk
2025-09-15 22:09:49,393 [DEBUG] ytcrawl: [HTTP] GET https://www.youtube.com/watch?v=CodB4lW1IWM&hl=ko&gl=KR&persist_hl=1&persist_gl=1 -> 200, len=1482392
2025-09-15 22:09:49,421 [INFO] ytcrawl: [SUBS][WATCH] channel=UCESvSLZ8Of1RVFZCGuOkllA text='구독자 2.92천명' -> 2920
2025-09-15 22:09:49,423 [INFO] ytcrawl: [CAP] 'a.ko' 발견 → 원문 사용
2025-09-15 22:09:49,467 [INFO] ytcrawl: [CAP] 파싱 성공: lines=275, text_len=5295
2025-09-15 22:09:49,467 [INFO] ytcrawl: [VIDEO] 완료: id=FV9Wg4f3H2A, views=34746, subs=45300, cap_len=5295, form=롱폼
2025-09-15 22:09:49,467 [INFO] ytcrawl: [VIDEO] 시작: id=QzB0uRM2myc url=https://www.youtube.com/watch?v=QzB0uRM2myc
2025-09-15 22:09:49,703 [INFO] ytcrawl: [CAP] 파싱 성공: lines=101, text_len=1487
2025-09-15 22:09:49,704 [INFO] ytcrawl: [VIDEO] 완료: id=GApFM2Er5oc, views=23119, subs=70100, cap_len=1487, form=롱폼
2025-09-15 22:09:49,704 [INFO] ytcrawl: [VIDEO] 시작: id=ABL-R559HXk url=https://www.youtube.com/watch?v=ABL-R559HXk
2025-09-15 22:09:49,736 [INFO] ytcrawl: [CAP] 'a.ko' 발견 → 원문 사용
2025-09-15 22:09:49,978 [INFO] ytcrawl: [CAP] 파싱 성공: lines=98, text_len=1789
2025-09-15 22:09:49,978 [INFO] ytcrawl: [VIDEO] 완료: id=CodB4lW1IWM, views=530, subs=2920, cap_len=1789, form=롱폼
2025-09-15 22:09:49,979 [INFO] ytcrawl: [VIDEO] 시작: id=rf_RFVpP-Dg url=https://www.youtube.com/watch?v=rf_RFVpP-Dg
2025-09-15 22:09:49,991 [INFO] ytcrawl: [CAP] 'a.ko' 발견 → 원문 사용
2025-09-15 22:09:50,506 [INFO] ytcrawl: [CAP] 파싱 성공: lines=49, text_len=812
2025-09-15 22:09:50,506 [INFO] ytcrawl: [VIDEO] 완료: id=kFGIoPNjdoc, views=21272, subs=19200, cap_len=812, form=쇼츠
2025-09-15 22:09:50,506 [INFO] ytcrawl: [VIDEO] 시작: id=agypqPSN--o url=https://www.youtube.com/watch?v=agypqPSN--o
2025-09-15 22:09:51,000 [DEBUG] ytcrawl: [HTTP] GET https://www.youtube.com/watch?v=wCYnkhuXe84&hl=ko&gl=KR&persist_hl=1&persist_gl=1 -> 200, len=1485035
2025-09-15 22:09:51,033 [INFO] ytcrawl: [SUBS][WATCH] channel=UCCcsXVGRyiN_SnFM3r0c4Xg text='구독자 2.09천명' -> 2090
2025-09-15 22:09:51,098 [DEBUG] ytcrawl: [HTTP] GET https://www.youtube.com/watch?v=GRXdVek6MdQ&hl=ko&gl=KR&persist_hl=1&persist_gl=1 -> 200, len=986708
2025-09-15 22:09:51,129 [INFO] ytcrawl: [SUBS][WATCH] channel=UCWJGmx7R5t6MYphIb8YW6pQ text='구독자 5.79천명' -> 5790
2025-09-15 22:09:51,129 [INFO] ytcrawl: [CAP] 'a.ko' 발견 → 원문 사용
2025-09-15 22:09:51,130 [INFO] ytcrawl: [CAP] XML 자막 미확보
2025-09-15 22:09:51,130 [INFO] ytcrawl: [VIDEO] 완료: id=GRXdVek6MdQ, views=24063, subs=5790, cap_len=0, form=쇼츠
2025-09-15 22:09:51,130 [INFO] ytcrawl: [VIDEO] 시작: id=6-mdgdRQhwQ url=https://www.youtube.com/watch?v=6-mdgdRQhwQ
2025-09-15 22:09:51,362 [INFO] ytcrawl: [CAP] 'a.ko' 발견 → 원문 사용
2025-09-15 22:09:51,429 [INFO] ytcrawl: [CAP] 파싱 성공: lines=4, text_len=17
2025-09-15 22:09:51,429 [INFO] ytcrawl: [VIDEO] 완료: id=z0jRsVJsWsM, views=1306, subs=5180, cap_len=17, form=쇼츠
2025-09-15 22:09:51,429 [INFO] ytcrawl: [VIDEO] 시작: id=IlN5UAwhUDg url=https://www.youtube.com/watch?v=IlN5UAwhUDg
2025-09-15 22:09:51,479 [INFO] ytcrawl: [CAP] 'a.ko' 발견 → 원문 사용
2025-09-15 22:09:51,696 [INFO] ytcrawl: [CAP] 파싱 성공: lines=33, text_len=541
2025-09-15 22:09:51,696 [INFO] ytcrawl: [VIDEO] 완료: id=H4SH1_giyHk, views=8225, subs=11100, cap_len=541, form=쇼츠
2025-09-15 22:09:51,697 [INFO] ytcrawl: [VIDEO] 시작: id=heMjJm77q3U url=https://www.youtube.com/watch?v=heMjJm77q3U
2025-09-15 22:09:51,727 [INFO] ytcrawl: [CAP] 파싱 성공: lines=177, text_len=3359
2025-09-15 22:09:51,727 [INFO] ytcrawl: [VIDEO] 완료: id=wCYnkhuXe84, views=9502, subs=2090, cap_len=3359, form=롱폼
2025-09-15 22:09:51,728 [INFO] ytcrawl: [VIDEO] 시작: id=dTfacDcuEm8 url=https://www.youtube.com/watch?v=dTfacDcuEm8
2025-09-15 22:09:51,795 [INFO] ytcrawl: [CAP] 'a.ko' 발견 → 원문 사용
2025-09-15 22:09:51,960 [INFO] ytcrawl: [CAP] 'a.ko' 발견 → 원문 사용
2025-09-15 22:09:52,059 [INFO] ytcrawl: [CAP] 파싱 성공: lines=217, text_len=4155
2025-09-15 22:09:52,059 [INFO] ytcrawl: [VIDEO] 완료: id=ABL-R559HXk, views=15829, subs=45300, cap_len=4155, form=롱폼
2025-09-15 22:09:52,060 [INFO] ytcrawl: [VIDEO] 시작: id=CBGiAqesG4Y url=https://www.youtube.com/watch?v=CBGiAqesG4Y
2025-09-15 22:09:52,214 [INFO] ytcrawl: [CAP] 파싱 성공: lines=26, text_len=484
2025-09-15 22:09:52,214 [INFO] ytcrawl: [VIDEO] 완료: id=rf_RFVpP-Dg, views=1171, subs=13, cap_len=484, form=쇼츠
2025-09-15 22:09:52,214 [INFO] ytcrawl: [VIDEO] 시작: id=sWBaK0u3_50 url=https://www.youtube.com/watch?v=sWBaK0u3_50
2025-09-15 22:09:52,317 [DEBUG] ytcrawl: [HTTP] GET https://www.youtube.com/watch?v=QzB0uRM2myc&hl=ko&gl=KR&persist_hl=1&persist_gl=1 -> 200, len=1020441
2025-09-15 22:09:52,347 [INFO] ytcrawl: [SUBS][WATCH] channel=UCgke0NMamaTsHnGlIXrPTWA text='구독자 164명' -> 164
2025-09-15 22:09:52,643 [DEBUG] ytcrawl: [CAP] 번역(a.en) 응답: 429, len=1103
2025-09-15 22:09:53,013 [DEBUG] ytcrawl: [CAP][PR] GET https://www.youtube.com/api/timedtext?v=QzB0uRM2myc&ei=HhDIaKHnFseBvcAPlpe66Qw&caps=asr&opi=112496729&exp=xpe&xoaf=5&xowf=1&xospf=1&hl=en&ip=0.0.0.0&ipbits=0&expire=1757966990&sparams=ip,ipbits,expire,v,ei,caps,opi,exp,xoaf&signature=54903C9DD18EBA538B71ECB7DEB306CE1989CDB0.2AB5EE459BE8F9CBA6384E0E662FAA75D647CFDC&key=yt8&kind=asr&lang=en&fmt=srv3&tlang=ko -> 429, len=1103
2025-09-15 22:09:53,013 [INFO] ytcrawl: [CAP] XML 자막 미확보
2025-09-15 22:09:53,013 [INFO] ytcrawl: [VIDEO] 완료: id=QzB0uRM2myc, views=951, subs=164, cap_len=0, form=쇼츠
2025-09-15 22:09:53,013 [INFO] ytcrawl: [VIDEO] 시작: id=Iw-9I36yqHY url=https://www.youtube.com/watch?v=Iw-9I36yqHY
2025-09-15 22:09:53,937 [DEBUG] ytcrawl: [HTTP] GET https://www.youtube.com/watch?v=6-mdgdRQhwQ&hl=ko&gl=KR&persist_hl=1&persist_gl=1 -> 200, len=1049400
2025-09-15 22:09:53,965 [INFO] ytcrawl: [SUBS][WATCH] channel=UCYQaUbnR-brVZ1aN30D94yA text='구독자 7.3천명' -> 7300
2025-09-15 22:09:53,968 [DEBUG] ytcrawl: [HTTP] GET https://www.youtube.com/watch?v=IlN5UAwhUDg&hl=ko&gl=KR&persist_hl=1&persist_gl=1 -> 200, len=1017711
2025-09-15 22:09:53,994 [INFO] ytcrawl: [SUBS][WATCH] channel=UCbzbB2jboeKxYselv8A7kgA text='구독자 755명' -> 755
2025-09-15 22:09:54,081 [DEBUG] ytcrawl: [HTTP] GET https://www.youtube.com/watch?v=agypqPSN--o&hl=ko&gl=KR&persist_hl=1&persist_gl=1 -> 200, len=1504068
2025-09-15 22:09:54,114 [INFO] ytcrawl: [SUBS][WATCH] channel=UCd0JNZPS_7yjqWA3Y6yU-vw text='구독자 13.9만명' -> 139000
2025-09-15 22:09:54,117 [DEBUG] ytcrawl: [HTTP] GET https://www.youtube.com/watch?v=dTfacDcuEm8&hl=ko&gl=KR&persist_hl=1&persist_gl=1 -> 200, len=1028780
2025-09-15 22:09:54,146 [INFO] ytcrawl: [SUBS][WATCH] channel=UCXp1RmvMYbzH1j1pn8HfMZw text='구독자 2명' -> 2
2025-09-15 22:09:54,147 [INFO] ytcrawl: [CAP] XML 자막 미확보
2025-09-15 22:09:54,147 [INFO] ytcrawl: [VIDEO] 완료: id=dTfacDcuEm8, views=1244, subs=2, cap_len=0, form=쇼츠
2025-09-15 22:09:54,147 [INFO] ytcrawl: [VIDEO] 시작: id=38iB0XC61Do url=https://www.youtube.com/watch?v=38iB0XC61Do
2025-09-15 22:09:54,281 [INFO] ytcrawl: [CAP] 'a.ko' 발견 → 원문 사용
2025-09-15 22:09:54,399 [INFO] ytcrawl: [CAP] 'a.ko' 발견 → 원문 사용
2025-09-15 22:09:54,466 [INFO] ytcrawl: [CAP] 'a.ko' 발견 → 원문 사용
2025-09-15 22:09:54,533 [DEBUG] ytcrawl: [HTTP] GET https://www.youtube.com/watch?v=CBGiAqesG4Y&hl=ko&gl=KR&persist_hl=1&persist_gl=1 -> 200, len=1059364
2025-09-15 22:09:54,562 [INFO] ytcrawl: [SUBS][WATCH] channel=UCUAGWUmyZt9WLlPeI0pCdzQ text='구독자 13만명' -> 130000
2025-09-15 22:09:54,564 [INFO] ytcrawl: [CAP] 파싱 성공: lines=208, text_len=3332
2025-09-15 22:09:54,577 [INFO] ytcrawl: [VIDEO] 완료: id=6-mdgdRQhwQ, views=6439, subs=7300, cap_len=3332, form=롱폼
2025-09-15 22:09:54,580 [INFO] ytcrawl: [VIDEO] 시작: id=HgRNBqUiwXk url=https://www.youtube.com/watch?v=HgRNBqUiwXk
2025-09-15 22:09:54,688 [INFO] ytcrawl: [CAP] 파싱 성공: lines=241, text_len=4615
2025-09-15 22:09:54,688 [INFO] ytcrawl: [VIDEO] 완료: id=IlN5UAwhUDg, views=16864, subs=755, cap_len=4615, form=롱폼
2025-09-15 22:09:54,688 [INFO] ytcrawl: [VIDEO] 시작: id=8nLeC6BvbgE url=https://www.youtube.com/watch?v=8nLeC6BvbgE
2025-09-15 22:09:54,721 [DEBUG] ytcrawl: [HTTP] GET https://www.youtube.com/watch?v=heMjJm77q3U&hl=ko&gl=KR&persist_hl=1&persist_gl=1 -> 200, len=1056986
2025-09-15 22:09:54,752 [INFO] ytcrawl: [SUBS][WATCH] channel=UC5GW3frgoQh5m73Hs7Hc8Qg text='구독자 66.6만명' -> 666000
2025-09-15 22:09:54,836 [INFO] ytcrawl: [CAP] 'ko' 발견 → 원문 사용
2025-09-15 22:09:54,929 [DEBUG] ytcrawl: [CAP][PR] GET https://www.youtube.com/api/timedtext?v=CBGiAqesG4Y&ei=IBDIaMD7MfeVvcAPz5bg4Qo&caps=asr&opi=112496729&exp=xpe&xoaf=5&xospf=1&hl=en&ip=0.0.0.0&ipbits=0&expire=1757966992&sparams=ip,ipbits,expire,v,ei,caps,opi,exp,xoaf&signature=0DA22C6F2FFD695BF4B44E3306347A404C6D975E.292BFF2CE493896D5235A64502961DAE9A622209&key=yt8&kind=asr&lang=tr&fmt=srv3&tlang=ko -> 429, len=1103
2025-09-15 22:09:54,929 [INFO] ytcrawl: [CAP] XML 자막 미확보
2025-09-15 22:09:54,929 [INFO] ytcrawl: [VIDEO] 완료: id=CBGiAqesG4Y, views=1571393, subs=130000, cap_len=0, form=쇼츠
2025-09-15 22:09:54,929 [INFO] ytcrawl: [VIDEO] 시작: id=MRDXbH2jwF8 url=https://www.youtube.com/watch?v=MRDXbH2jwF8
2025-09-15 22:09:54,969 [INFO] ytcrawl: [CAP] 파싱 성공: lines=797, text_len=13960
2025-09-15 22:09:54,971 [INFO] ytcrawl: [VIDEO] 완료: id=agypqPSN--o, views=3370, subs=139000, cap_len=13960, form=롱폼
2025-09-15 22:09:54,971 [INFO] ytcrawl: [VIDEO] 시작: id=4Pas0bKTtWg url=https://www.youtube.com/watch?v=4Pas0bKTtWg
2025-09-15 22:09:55,094 [INFO] ytcrawl: [CAP] 파싱 성공: lines=367, text_len=6704
2025-09-15 22:09:55,094 [INFO] ytcrawl: [VIDEO] 완료: id=sWBaK0u3_50, views=49069, subs=28500, cap_len=6704, form=롱폼
2025-09-15 22:09:55,094 [INFO] ytcrawl: [VIDEO] 시작: id=2CpBw4a3eQs url=https://www.youtube.com/watch?v=2CpBw4a3eQs
2025-09-15 22:09:55,224 [DEBUG] ytcrawl: [CAP][PR] GET https://www.youtube.com/api/timedtext?v=heMjJm77q3U&ei=IBDIaIvWHJXX1d8PgqGGiAs&caps=asr&opi=112496729&exp=xpe&xoaf=5&xowf=1&hl=en&ip=0.0.0.0&ipbits=0&expire=1757966992&sparams=ip,ipbits,expire,v,ei,caps,opi,exp,xoaf&signature=EAACF2C9E934B518FE5F163BDE83389E16CC10DC.29DA0A161D6795DDD86678B5086BAF9CD0DDE6DB&key=yt8&kind=asr&lang=hi&fmt=srv3&tlang=ko -> 429, len=1103
2025-09-15 22:09:55,224 [INFO] ytcrawl: [CAP] XML 자막 미확보
2025-09-15 22:09:55,225 [INFO] ytcrawl: [VIDEO] 완료: id=heMjJm77q3U, views=78342, subs=666000, cap_len=0, form=쇼츠
2025-09-15 22:09:55,225 [INFO] ytcrawl: [VIDEO] 시작: id=np8tgxyVG_Y url=https://www.youtube.com/watch?v=np8tgxyVG_Y
2025-09-15 22:09:55,513 [DEBUG] ytcrawl: [CAP] 번역(a.en) 응답: 429, len=1103
2025-09-15 22:09:55,881 [DEBUG] ytcrawl: [CAP][PR] GET https://www.youtube.com/api/timedtext?v=Iw-9I36yqHY&ei=IRDIaJfEMsyDpt8P5taGoAw&caps=asr&opi=112496729&exp=xpe&xoaf=5&xowf=1&xospf=1&hl=en&ip=0.0.0.0&ipbits=0&expire=1757966993&sparams=ip,ipbits,expire,v,ei,caps,opi,exp,xoaf&signature=EAF0B3B4F065B922A8CDFCFD98A1FFF2B2A09292.1E065D3FFAB57E1ED1776A540031A7A0474EA6CB&key=yt8&kind=asr&lang=en&fmt=srv3&tlang=ko -> 429, len=1103
2025-09-15 22:09:55,881 [INFO] ytcrawl: [CAP] XML 자막 미확보
2025-09-15 22:09:55,881 [INFO] ytcrawl: [VIDEO] 완료: id=Iw-9I36yqHY, views=2199, subs=5180, cap_len=0, form=쇼츠
2025-09-15 22:09:55,881 [INFO] ytcrawl: [VIDEO] 시작: id=N4bJ1e1zC_A url=https://www.youtube.com/watch?v=N4bJ1e1zC_A
2025-09-15 22:09:56,495 [INFO] ytcrawl: [CAP] 'a.ko' 발견 → 원문 사용
2025-09-15 22:09:57,043 [INFO] ytcrawl: [CAP] 파싱 성공: lines=8, text_len=132
2025-09-15 22:09:57,043 [INFO] ytcrawl: [VIDEO] 완료: id=38iB0XC61Do, views=9334, subs=5540, cap_len=132, form=쇼츠
2025-09-15 22:09:57,043 [INFO] ytcrawl: [VIDEO] 시작: id=Jakbwl5Dwyo url=https://www.youtube.com/watch?v=Jakbwl5Dwyo
2025-09-15 22:09:57,073 [DEBUG] ytcrawl: [HTTP] GET https://www.youtube.com/watch?v=HgRNBqUiwXk&hl=ko&gl=KR&persist_hl=1&persist_gl=1 -> 200, len=1025365
2025-09-15 22:09:57,100 [INFO] ytcrawl: [SUBS][WATCH] channel=UCBk4PZWHl-gB9zUH0EIdZ0g text='구독자 5명' -> 5
2025-09-15 22:09:57,349 [INFO] ytcrawl: [CAP] 'a.ko' 발견 → 원문 사용
2025-09-15 22:09:57,372 [DEBUG] ytcrawl: [HTTP] GET https://www.youtube.com/watch?v=4Pas0bKTtWg&hl=ko&gl=KR&persist_hl=1&persist_gl=1 -> 200, len=1008061
2025-09-15 22:09:57,397 [INFO] ytcrawl: [SUBS][WATCH] channel=UChXUjQqf6bW4n3S9yCibGDg text='구독자 2.16만명' -> 21600
2025-09-15 22:09:57,418 [DEBUG] ytcrawl: [HTTP] GET https://www.youtube.com/watch?v=8nLeC6BvbgE&hl=ko&gl=KR&persist_hl=1&persist_gl=1 -> 200, len=1021498
2025-09-15 22:09:57,444 [INFO] ytcrawl: [SUBS][WATCH] channel=UC_LtHOYZQfM-0M6o1HdJwCA text='구독자 43.1만명' -> 431000
2025-09-15 22:09:57,563 [INFO] ytcrawl: [CAP] 파싱 성공: lines=78, text_len=1430
2025-09-15 22:09:57,564 [INFO] ytcrawl: [VIDEO] 완료: id=HgRNBqUiwXk, views=1295, subs=5, cap_len=1430, form=쇼츠
2025-09-15 22:09:57,564 [INFO] ytcrawl: [VIDEO] 시작: id=bSuRjO3n4Mc url=https://www.youtube.com/watch?v=bSuRjO3n4Mc
2025-09-15 22:09:57,646 [DEBUG] ytcrawl: [HTTP] GET https://www.youtube.com/watch?v=2CpBw4a3eQs&hl=ko&gl=KR&persist_hl=1&persist_gl=1 -> 200, len=1033601
2025-09-15 22:09:57,674 [INFO] ytcrawl: [SUBS][WATCH] channel=UCa95-tet6jp-lUXNuRz35Yg text='구독자 414명' -> 414
2025-09-15 22:09:57,693 [DEBUG] ytcrawl: [CAP][PR] GET https://www.youtube.com/api/timedtext?v=8nLeC6BvbgE&ei=IxDIaKWOHuWV1d8Pwfjb-Ac&caps=asr&opi=112496729&exp=xpe&xoaf=5&hl=en&ip=0.0.0.0&ipbits=0&expire=1757966995&sparams=ip,ipbits,expire,v,ei,caps,opi,exp,xoaf&signature=B2CC2AC2AA34D0E18CAAB456E0E82212537AFCFF.C2EA92EB14066AAA9F425AE2139DD41D8C0DBEE5&key=yt8&kind=asr&lang=hi&fmt=srv3&tlang=ko -> 429, len=1103
2025-09-15 22:09:57,693 [INFO] ytcrawl: [CAP] XML 자막 미확보
2025-09-15 22:09:57,693 [INFO] ytcrawl: [VIDEO] 완료: id=8nLeC6BvbgE, views=24433, subs=431000, cap_len=0, form=쇼츠
2025-09-15 22:09:57,694 [INFO] ytcrawl: [VIDEO] 시작: id=V9pw4rgVcNM url=https://www.youtube.com/watch?v=V9pw4rgVcNM
2025-09-15 22:09:57,788 [DEBUG] ytcrawl: [HTTP] GET https://www.youtube.com/watch?v=MRDXbH2jwF8&hl=ko&gl=KR&persist_hl=1&persist_gl=1 -> 200, len=1022443
2025-09-15 22:09:57,813 [INFO] ytcrawl: [SUBS][WATCH] channel=UCEMXeDnJKvWrrHtB0cIL1bw text='구독자 4.22만명' -> 42200
2025-09-15 22:09:57,843 [DEBUG] ytcrawl: [CAP][PR] GET https://www.youtube.com/api/timedtext?v=4Pas0bKTtWg&ei=IxDIaKOjMIn0pt8Pq_SviQk&caps=asr&opi=112496729&exp=xpe&xoaf=5&xowf=1&xospf=1&hl=en&ip=0.0.0.0&ipbits=0&expire=1757966995&sparams=ip,ipbits,expire,v,ei,caps,opi,exp,xoaf&signature=2F832C1C1A35C62B0CF13891C057F7BA1C7A3D71.1256E536058CCDB08BD1681C0298BE509EC1CFB6&key=yt8&kind=asr&lang=kn&fmt=srv3&tlang=ko -> 429, len=1103
2025-09-15 22:09:57,843 [INFO] ytcrawl: [CAP] XML 자막 미확보
2025-09-15 22:09:57,843 [INFO] ytcrawl: [VIDEO] 완료: id=4Pas0bKTtWg, views=8890, subs=21600, cap_len=0, form=쇼츠
2025-09-15 22:09:57,844 [INFO] ytcrawl: [VIDEO] 시작: id=o0C1ttwugz0 url=https://www.youtube.com/watch?v=o0C1ttwugz0
2025-09-15 22:09:57,981 [DEBUG] ytcrawl: [CAP][PR] GET https://www.youtube.com/api/timedtext?v=2CpBw4a3eQs&ei=IxDIaMePM_mAvcAPstvMkA8&caps=asr&opi=112496729&exp=xpe&xoaf=5&xowf=1&xospf=1&hl=en&ip=0.0.0.0&ipbits=0&expire=1757966995&sparams=ip,ipbits,expire,v,ei,caps,opi,exp,xoaf&signature=EA2B5A88EB83D2AB4DD8EC763932BD7D150E01BB.D0DC7B790988D9D9A8879BC866D02882D7C80E02&key=yt8&kind=asr&lang=gu&fmt=srv3&tlang=ko -> 429, len=1103
2025-09-15 22:09:57,981 [INFO] ytcrawl: [CAP] XML 자막 미확보
2025-09-15 22:09:57,981 [INFO] ytcrawl: [VIDEO] 완료: id=2CpBw4a3eQs, views=9110, subs=414, cap_len=0, form=쇼츠
2025-09-15 22:09:57,981 [INFO] ytcrawl: [VIDEO] 시작: id=Wao4l59jqAw url=https://www.youtube.com/watch?v=Wao4l59jqAw
2025-09-15 22:09:58,026 [DEBUG] ytcrawl: [HTTP] GET https://www.youtube.com/watch?v=np8tgxyVG_Y&hl=ko&gl=KR&persist_hl=1&persist_gl=1 -> 200, len=1559760
2025-09-15 22:09:58,060 [INFO] ytcrawl: [SUBS][WATCH] channel=UCMc2GGqnZjOqb7RaBCoM8FQ text='구독자 8.56만명' -> 85600
2025-09-15 22:09:58,079 [INFO] ytcrawl: [CAP] 'a.ko' 발견 → 원문 사용
2025-09-15 22:09:58,098 [INFO] ytcrawl: [CAP] 'a.ko' 발견 → 원문 사용
2025-09-15 22:09:58,294 [INFO] ytcrawl: [CAP] 파싱 성공: lines=27, text_len=500
2025-09-15 22:09:58,294 [INFO] ytcrawl: [VIDEO] 완료: id=MRDXbH2jwF8, views=305195, subs=42200, cap_len=500, form=쇼츠
2025-09-15 22:09:58,294 [INFO] ytcrawl: [VIDEO] 시작: id=-onKmvgA2xg url=https://www.youtube.com/watch?v=-onKmvgA2xg
2025-09-15 22:09:58,362 [INFO] ytcrawl: [CAP] 'a.ko' 발견 → 원문 사용
2025-09-15 22:09:58,385 [INFO] ytcrawl: [CAP] 파싱 성공: lines=64, text_len=1115
2025-09-15 22:09:58,385 [INFO] ytcrawl: [VIDEO] 완료: id=N4bJ1e1zC_A, views=2142, subs=5, cap_len=1115, form=쇼츠
2025-09-15 22:09:58,386 [INFO] ytcrawl: [VIDEO] 시작: id=OmU-h_D25VQ url=https://www.youtube.com/watch?v=OmU-h_D25VQ
2025-09-15 22:09:58,689 [INFO] ytcrawl: [CAP] 파싱 성공: lines=378, text_len=7129
2025-09-15 22:09:58,689 [INFO] ytcrawl: [VIDEO] 완료: id=np8tgxyVG_Y, views=338801, subs=85600, cap_len=7129, form=롱폼
2025-09-15 22:09:58,689 [INFO] ytcrawl: [VIDEO] 시작: id=gi-DHaje3mo url=https://www.youtube.com/watch?v=gi-DHaje3mo
2025-09-15 22:09:59,075 [INFO] ytcrawl: [CAP] 'a.ko' 발견 → 원문 사용
2025-09-15 22:09:59,320 [INFO] ytcrawl: [CAP] 파싱 성공: lines=15, text_len=284
2025-09-15 22:09:59,321 [INFO] ytcrawl: [VIDEO] 완료: id=Jakbwl5Dwyo, views=2100, subs=15800, cap_len=284, form=쇼츠
2025-09-15 22:09:59,321 [INFO] ytcrawl: [VIDEO] 시작: id=d8RCkmkbyzA url=https://www.youtube.com/watch?v=d8RCkmkbyzA
2025-09-15 22:09:59,825 [INFO] ytcrawl: [CAP] 'a.ko' 발견 → 원문 사용
2025-09-15 22:09:59,872 [DEBUG] ytcrawl: [HTTP] GET https://www.youtube.com/watch?v=bSuRjO3n4Mc&hl=ko&gl=KR&persist_hl=1&persist_gl=1 -> 200, len=1000974
2025-09-15 22:09:59,898 [INFO] ytcrawl: [SUBS][WATCH] channel=UCuvVaJxV_ACxGYOYYuiEPaw text='구독자 2.19천명' -> 2190
2025-09-15 22:09:59,898 [INFO] ytcrawl: [CAP] XML 자막 미확보
2025-09-15 22:09:59,899 [INFO] ytcrawl: [VIDEO] 완료: id=bSuRjO3n4Mc, views=406, subs=2190, cap_len=0, form=쇼츠
2025-09-15 22:09:59,899 [INFO] ytcrawl: [VIDEO] 시작: id=qErb0Rwil-M url=https://www.youtube.com/watch?v=qErb0Rwil-M
2025-09-15 22:10:00,034 [INFO] ytcrawl: [CAP] 파싱 성공: lines=6, text_len=102
2025-09-15 22:10:00,035 [INFO] ytcrawl: [VIDEO] 완료: id=o0C1ttwugz0, views=2054, subs=50, cap_len=102, form=쇼츠
2025-09-15 22:10:00,035 [INFO] ytcrawl: [VIDEO] 시작: id=S0ImThWB-ZM url=https://www.youtube.com/watch?v=S0ImThWB-ZM
2025-09-15 22:10:00,352 [DEBUG] ytcrawl: [HTTP] GET https://www.youtube.com/watch?v=V9pw4rgVcNM&hl=ko&gl=KR&persist_hl=1&persist_gl=1 -> 200, len=1020796
2025-09-15 22:10:00,377 [INFO] ytcrawl: [SUBS][WATCH] channel=UCyqzTNhNkon8kjFxYqVo48w text='구독자 8.78천명' -> 8780
2025-09-15 22:10:00,663 [INFO] ytcrawl: [CAP] 'a.ko' 발견 → 원문 사용
2025-09-15 22:10:00,960 [DEBUG] ytcrawl: [HTTP] GET https://www.youtube.com/watch?v=-onKmvgA2xg&hl=ko&gl=KR&persist_hl=1&persist_gl=1 -> 200, len=1419295
2025-09-15 22:10:00,990 [INFO] ytcrawl: [SUBS][WATCH] channel=UCB1kSznirn9jayiTl0tRe9g text='구독자 4.62만명' -> 46200
2025-09-15 22:10:01,015 [INFO] ytcrawl: [CAP] 'a.ko' 발견 → 원문 사용
2025-09-15 22:10:01,145 [DEBUG] ytcrawl: [HTTP] GET https://www.youtube.com/watch?v=OmU-h_D25VQ&hl=ko&gl=KR&persist_hl=1&persist_gl=1 -> 200, len=1156458
2025-09-15 22:10:01,169 [INFO] ytcrawl: [SUBS][WATCH] channel=UCcIKMzBiHz30rkELd_pninQ text='구독자 3.7만명' -> 37000
2025-09-15 22:10:01,170 [INFO] ytcrawl: [CAP] XML 자막 미확보
2025-09-15 22:10:01,170 [INFO] ytcrawl: [VIDEO] 완료: id=OmU-h_D25VQ, views=12405, subs=37000, cap_len=0, form=쇼츠
2025-09-15 22:10:01,171 [INFO] ytcrawl: [VIDEO] 시작: id=GkwqxQuMV68 url=https://www.youtube.com/watch?v=GkwqxQuMV68
2025-09-15 22:10:01,227 [INFO] ytcrawl: [CAP] 파싱 성공: lines=21, text_len=261
2025-09-15 22:10:01,228 [INFO] ytcrawl: [VIDEO] 완료: id=V9pw4rgVcNM, views=4752, subs=8780, cap_len=261, form=쇼츠
2025-09-15 22:10:01,228 [INFO] ytcrawl: [VIDEO] 시작: id=edKRLOUF-wQ url=https://www.youtube.com/watch?v=edKRLOUF-wQ
2025-09-15 22:10:01,293 [INFO] ytcrawl: [CAP] 'a.ko' 발견 → 원문 사용
2025-09-15 22:10:01,413 [DEBUG] ytcrawl: [HTTP] GET https://www.youtube.com/watch?v=Wao4l59jqAw&hl=ko&gl=KR&persist_hl=1&persist_gl=1 -> 200, len=1027402
2025-09-15 22:10:01,438 [INFO] ytcrawl: [SUBS][WATCH] channel=UCz9dGB-EvmaMA0hLYOiCjPg text='구독자 4.45천명' -> 4450
2025-09-15 22:10:01,605 [INFO] ytcrawl: [CAP] 파싱 성공: lines=123, text_len=2393
2025-09-15 22:10:01,606 [INFO] ytcrawl: [VIDEO] 완료: id=-onKmvgA2xg, views=55, subs=46200, cap_len=2393, form=롱폼
2025-09-15 22:10:01,606 [INFO] ytcrawl: [VIDEO] 시작: id=iNT-vPOzFBA url=https://www.youtube.com/watch?v=iNT-vPOzFBA
2025-09-15 22:10:01,656 [INFO] ytcrawl: [CAP] 파싱 성공: lines=11, text_len=218
2025-09-15 22:10:01,656 [INFO] ytcrawl: [VIDEO] 완료: id=gi-DHaje3mo, views=6, subs=15, cap_len=218, form=쇼츠
2025-09-15 22:10:01,657 [INFO] ytcrawl: [VIDEO] 시작: id=pw44gF3owGA url=https://www.youtube.com/watch?v=pw44gF3owGA
2025-09-15 22:10:01,873 [DEBUG] ytcrawl: [CAP] 번역(a.en) 응답: 429, len=1103
2025-09-15 22:10:02,124 [DEBUG] ytcrawl: [CAP][PR] GET https://www.youtube.com/api/timedtext?v=Wao4l59jqAw&ei=JhDIaK2oLamW1d8PtbWKyQQ&caps=asr&opi=112496729&exp=xpe&xoaf=5&hl=en&ip=0.0.0.0&ipbits=0&expire=1757966998&sparams=ip,ipbits,expire,v,ei,caps,opi,exp,xoaf&signature=7E19D133AD2DF0157BB194547D999837F232857C.9479041C076C7857CCA3B3BC8FA918B1F4FC8D0E&key=yt8&kind=asr&lang=en&fmt=srv3&tlang=ko -> 429, len=1103
2025-09-15 22:10:02,124 [INFO] ytcrawl: [CAP] XML 자막 미확보
2025-09-15 22:10:02,124 [INFO] ytcrawl: [VIDEO] 완료: id=Wao4l59jqAw, views=60213, subs=4450, cap_len=0, form=쇼츠
2025-09-15 22:10:02,124 [INFO] ytcrawl: [VIDEO] 시작: id=i_XC3s2zaGM url=https://www.youtube.com/watch?v=i_XC3s2zaGM
2025-09-15 22:10:02,424 [DEBUG] ytcrawl: [HTTP] GET https://www.youtube.com/watch?v=d8RCkmkbyzA&hl=ko&gl=KR&persist_hl=1&persist_gl=1 -> 200, len=1012134
2025-09-15 22:10:02,461 [INFO] ytcrawl: [SUBS][WATCH] channel=UCJVC88oj11VCBI4MhDH_7SA text='구독자 178명' -> 178
2025-09-15 22:10:02,578 [DEBUG] ytcrawl: [HTTP] GET https://www.youtube.com/watch?v=qErb0Rwil-M&hl=ko&gl=KR&persist_hl=1&persist_gl=1 -> 200, len=1587708
2025-09-15 22:10:02,685 [INFO] ytcrawl: [SUBS][WATCH] channel=UCJ8Vr4j-hNx6BT1FC_F1keQ text='구독자 14.4만명' -> 144000
2025-09-15 22:10:02,871 [DEBUG] ytcrawl: [CAP][PR] GET https://www.youtube.com/api/timedtext?v=d8RCkmkbyzA&ei=KBDIaJavD_3l29gP_7nFqAQ&caps=asr&opi=112496729&exp=xpe&xoaf=1&xoadf=4&hl=en&ip=0.0.0.0&ipbits=0&expire=1757967000&sparams=ip,ipbits,expire,v,ei,caps,opi,exp,xoaf,xoadf&signature=B697778106BE58AB37F65C06228B8596EBD08C32.AA292D9861EA31D0D547A9974DBE6C9AA9B0E4FB&key=yt8&kind=asr&lang=hi&fmt=srv3&tlang=ko -> 429, len=1103
2025-09-15 22:10:02,872 [INFO] ytcrawl: [CAP] XML 자막 미확보
2025-09-15 22:10:02,872 [INFO] ytcrawl: [VIDEO] 완료: id=d8RCkmkbyzA, views=936, subs=178, cap_len=0, form=쇼츠
2025-09-15 22:10:02,872 [INFO] ytcrawl: [VIDEO] 시작: id=5eMJy78YWTQ url=https://www.youtube.com/watch?v=5eMJy78YWTQ
2025-09-15 22:10:03,012 [INFO] ytcrawl: [CAP] 'a.ko' 발견 → 원문 사용
2025-09-15 22:10:03,054 [INFO] ytcrawl: [CAP] 'a.ko' 발견 → 원문 사용
2025-09-15 22:10:03,244 [INFO] ytcrawl: [CAP] 파싱 성공: lines=14, text_len=191
2025-09-15 22:10:03,244 [INFO] ytcrawl: [VIDEO] 완료: id=GkwqxQuMV68, views=2081, subs=2160, cap_len=191, form=쇼츠
2025-09-15 22:10:03,245 [INFO] ytcrawl: [VIDEO] 시작: id=lhbsPqtlWmk url=https://www.youtube.com/watch?v=lhbsPqtlWmk
2025-09-15 22:10:03,324 [DEBUG] ytcrawl: [HTTP] GET https://www.youtube.com/watch?v=S0ImThWB-ZM&hl=ko&gl=KR&persist_hl=1&persist_gl=1 -> 200, len=1028206
2025-09-15 22:10:03,359 [INFO] ytcrawl: [SUBS][WATCH] channel=UCI7DEqVktKrWdRB-OFftWEw text='구독자 10.4만명' -> 104000
2025-09-15 22:10:03,363 [INFO] ytcrawl: [CAP] 파싱 성공: lines=472, text_len=8946
2025-09-15 22:10:03,364 [INFO] ytcrawl: [VIDEO] 완료: id=qErb0Rwil-M, views=564106, subs=144000, cap_len=8946, form=롱폼
2025-09-15 22:10:03,364 [INFO] ytcrawl: [VIDEO] 시작: id=BYkIgzVha4M url=https://www.youtube.com/watch?v=BYkIgzVha4M
2025-09-15 22:10:03,600 [INFO] ytcrawl: [CAP] 'a.ko' 발견 → 원문 사용
2025-09-15 22:10:04,044 [DEBUG] ytcrawl: [HTTP] GET https://www.youtube.com/watch?v=edKRLOUF-wQ&hl=ko&gl=KR&persist_hl=1&persist_gl=1 -> 200, len=1027484
2025-09-15 22:10:04,082 [INFO] ytcrawl: [SUBS][WATCH] channel=UCDtkL5cwL8T8EQgpG_zrMIw text='구독자 263명' -> 263
2025-09-15 22:10:04,091 [INFO] ytcrawl: [CAP] 파싱 성공: lines=21, text_len=388
2025-09-15 22:10:04,092 [INFO] ytcrawl: [VIDEO] 완료: id=S0ImThWB-ZM, views=21348, subs=104000, cap_len=388, form=쇼츠
2025-09-15 22:10:04,092 [INFO] ytcrawl: [VIDEO] 시작: id=GkiT26jhMko url=https://www.youtube.com/watch?v=GkiT26jhMko
2025-09-15 22:10:04,170 [DEBUG] ytcrawl: [HTTP] GET https://www.youtube.com/watch?v=iNT-vPOzFBA&hl=ko&gl=KR&persist_hl=1&persist_gl=1 -> 200, len=1029143
2025-09-15 22:10:04,205 [INFO] ytcrawl: [SUBS][WATCH] channel=UCOsjkBAebPFi5x6GOsU0yBQ text='구독자 1.01만명' -> 10100
2025-09-15 22:10:04,237 [INFO] ytcrawl: [CAP] 'a.ko' 발견 → 원문 사용
2025-09-15 22:10:04,379 [INFO] ytcrawl: [CAP] 'a.ko' 발견 → 원문 사용
2025-09-15 22:10:04,615 [DEBUG] ytcrawl: [CAP][PR] GET https://www.youtube.com/api/timedtext?v=iNT-vPOzFBA&ei=KhDIaP3qFsOK1d8P9o2DoQw&caps=asr&opi=112496729&exp=xpe&xoaf=5&xowf=1&hl=en&ip=0.0.0.0&ipbits=0&expire=1757967002&sparams=ip,ipbits,expire,v,ei,caps,opi,exp,xoaf&signature=517E80167778CD6FDD28C379E3BFA5C1484BCE9A.AFE59BDCACA594CC9DC3ED2DEA55936356CF7FA3&key=yt8&kind=asr&lang=hi&fmt=srv3&tlang=ko -> 429, len=1103
2025-09-15 22:10:04,615 [INFO] ytcrawl: [CAP] XML 자막 미확보
2025-09-15 22:10:04,618 [INFO] ytcrawl: [CAP] 파싱 성공: lines=566, text_len=10096
2025-09-15 22:10:04,618 [INFO] ytcrawl: [VIDEO] 완료: id=iNT-vPOzFBA, views=6216, subs=10100, cap_len=0, form=쇼츠
2025-09-15 22:10:04,618 [INFO] ytcrawl: [VIDEO] 완료: id=i_XC3s2zaGM, views=266279, subs=102000, cap_len=10096, form=롱폼
2025-09-15 22:10:04,618 [INFO] ytcrawl: [VIDEO] 시작: id=fWl8yGFpwJQ url=https://www.youtube.com/watch?v=fWl8yGFpwJQ
2025-09-15 22:10:04,618 [INFO] ytcrawl: [VIDEO] 시작: id=eG5AOCGdbBA url=https://www.youtube.com/watch?v=eG5AOCGdbBA
2025-09-15 22:10:04,818 [DEBUG] ytcrawl: [HTTP] GET https://www.youtube.com/watch?v=pw44gF3owGA&hl=ko&gl=KR&persist_hl=1&persist_gl=1 -> 200, len=1057094
2025-09-15 22:10:04,851 [INFO] ytcrawl: [SUBS][WATCH] channel=UCscHoyPIlflTj_bUM3q0iBQ text='구독자 20명' -> 20
2025-09-15 22:10:05,023 [INFO] ytcrawl: [CAP] 파싱 성공: lines=43, text_len=831
2025-09-15 22:10:05,023 [INFO] ytcrawl: [VIDEO] 완료: id=edKRLOUF-wQ, views=578, subs=263, cap_len=831, form=쇼츠
2025-09-15 22:10:05,023 [INFO] ytcrawl: [VIDEO] 시작: id=hWYJSN-hicI url=https://www.youtube.com/watch?v=hWYJSN-hicI
2025-09-15 22:10:05,115 [INFO] ytcrawl: [CAP] 'a.ko' 발견 → 원문 사용
2025-09-15 22:10:05,315 [DEBUG] ytcrawl: [HTTP] GET https://www.youtube.com/watch?v=lhbsPqtlWmk&hl=ko&gl=KR&persist_hl=1&persist_gl=1 -> 200, len=1019134
2025-09-15 22:10:05,343 [INFO] ytcrawl: [SUBS][WATCH] channel=UCvoznBCzmLZ9yXiZ8p72iXw text='구독자 3명' -> 3
2025-09-15 22:10:05,343 [INFO] ytcrawl: [CAP] 파싱 성공: lines=3, text_len=31
2025-09-15 22:10:05,343 [INFO] ytcrawl: [VIDEO] 완료: id=pw44gF3owGA, views=6509, subs=20, cap_len=31, form=쇼츠
2025-09-15 22:10:05,344 [INFO] ytcrawl: [VIDEO] 시작: id=0Wq361gTUw8 url=https://www.youtube.com/watch?v=0Wq361gTUw8
2025-09-15 22:10:05,473 [DEBUG] ytcrawl: [HTTP] GET https://www.youtube.com/watch?v=5eMJy78YWTQ&hl=ko&gl=KR&persist_hl=1&persist_gl=1 -> 200, len=1017061
2025-09-15 22:10:05,503 [INFO] ytcrawl: [SUBS][WATCH] channel=UC-9UxLOBtTXaIGe_wDCJ_Zg text='구독자 69명' -> 69
2025-09-15 22:10:05,541 [INFO] ytcrawl: [CAP] 'a.ko' 발견 → 원문 사용
2025-09-15 22:10:05,785 [INFO] ytcrawl: [CAP] 파싱 성공: lines=15, text_len=178
2025-09-15 22:10:05,785 [INFO] ytcrawl: [VIDEO] 완료: id=lhbsPqtlWmk, views=387, subs=3, cap_len=178, form=쇼츠
2025-09-15 22:10:05,785 [INFO] ytcrawl: [VIDEO] 시작: id=jA2uNzJnn4Y url=https://www.youtube.com/watch?v=jA2uNzJnn4Y
2025-09-15 22:10:05,966 [DEBUG] ytcrawl: [CAP] 번역(a.en) 응답: 429, len=1103
2025-09-15 22:10:06,076 [DEBUG] ytcrawl: [HTTP] GET https://www.youtube.com/watch?v=BYkIgzVha4M&hl=ko&gl=KR&persist_hl=1&persist_gl=1 -> 200, len=1022450
2025-09-15 22:10:06,109 [INFO] ytcrawl: [SUBS][WATCH] channel=UCnZG5usKTFxK37FzIvmMtfg text='구독자 1.03만명' -> 10300
2025-09-15 22:10:06,382 [INFO] ytcrawl: [CAP] 'a.ko' 발견 → 원문 사용
2025-09-15 22:10:06,494 [DEBUG] ytcrawl: [CAP][PR] GET https://www.youtube.com/api/timedtext?v=5eMJy78YWTQ&ei=KxDIaKSfKZWRvcAPg7e6KQ&caps=asr&opi=112496729&exp=xpe&xoaf=5&xowf=1&hl=en&ip=0.0.0.0&ipbits=0&expire=1757967003&sparams=ip,ipbits,expire,v,ei,caps,opi,exp,xoaf&signature=1A9B58F2BC19100F5A23C45C27622D3BA126E2EB.A5C8E56FADA160891A0A24D9BB9512D4983DC3CD&key=yt8&kind=asr&lang=en&fmt=srv3&tlang=ko -> 429, len=1103
2025-09-15 22:10:06,494 [INFO] ytcrawl: [CAP] XML 자막 미확보
2025-09-15 22:10:06,495 [INFO] ytcrawl: [VIDEO] 완료: id=5eMJy78YWTQ, views=158, subs=69, cap_len=0, form=쇼츠
2025-09-15 22:10:06,495 [INFO] ytcrawl: [VIDEO] 시작: id=0HTDLJu-UNs url=https://www.youtube.com/watch?v=0HTDLJu-UNs
2025-09-15 22:10:06,604 [INFO] ytcrawl: [CAP] 파싱 성공: lines=12, text_len=432
2025-09-15 22:10:06,604 [INFO] ytcrawl: [VIDEO] 완료: id=BYkIgzVha4M, views=17112, subs=10300, cap_len=432, form=쇼츠
2025-09-15 22:10:06,604 [INFO] ytcrawl: [VIDEO] 시작: id=-nNyF_e1eUw url=https://www.youtube.com/watch?v=-nNyF_e1eUw
2025-09-15 22:10:07,237 [INFO] ytcrawl: [CAP] 'a.ko' 발견 → 원문 사용
2025-09-15 22:10:07,348 [INFO] ytcrawl: [CAP] 'a.ko' 발견 → 원문 사용
2025-09-15 22:10:07,367 [DEBUG] ytcrawl: [HTTP] GET https://www.youtube.com/watch?v=GkiT26jhMko&hl=ko&gl=KR&persist_hl=1&persist_gl=1 -> 200, len=1023668
2025-09-15 22:10:07,393 [INFO] ytcrawl: [SUBS][WATCH] channel=UC5XoM_VhuhELr-IqBfQP0jA text='구독자 1.32만명' -> 13200
2025-09-15 22:10:07,394 [INFO] ytcrawl: [CAP] XML 자막 미확보
2025-09-15 22:10:07,394 [INFO] ytcrawl: [VIDEO] 완료: id=GkiT26jhMko, views=10023, subs=13200, cap_len=0, form=쇼츠
2025-09-15 22:10:07,394 [INFO] ytcrawl: [VIDEO] 시작: id=MInmPXWpjLw url=https://www.youtube.com/watch?v=MInmPXWpjLw
2025-09-15 22:10:07,426 [DEBUG] ytcrawl: [HTTP] GET https://www.youtube.com/watch?v=fWl8yGFpwJQ&hl=ko&gl=KR&persist_hl=1&persist_gl=1 -> 200, len=1004764
2025-09-15 22:10:07,454 [INFO] ytcrawl: [SUBS][WATCH] channel=UCXh7Xe1RvyimEWNcQiSV_pQ text='구독자 1명' -> 1
2025-09-15 22:10:07,455 [INFO] ytcrawl: [CAP] XML 자막 미확보
2025-09-15 22:10:07,455 [INFO] ytcrawl: [VIDEO] 완료: id=fWl8yGFpwJQ, views=1332, subs=1, cap_len=0, form=쇼츠
2025-09-15 22:10:07,455 [INFO] ytcrawl: [VIDEO] 시작: id=oovWBMyO8dU url=https://www.youtube.com/watch?v=oovWBMyO8dU
2025-09-15 22:10:07,503 [INFO] ytcrawl: [CAP] 파싱 성공: lines=147, text_len=2777
2025-09-15 22:10:07,503 [INFO] ytcrawl: [VIDEO] 완료: id=hWYJSN-hicI, views=11906, subs=3960, cap_len=2777, form=롱폼
2025-09-15 22:10:07,503 [INFO] ytcrawl: [VIDEO] 시작: id=nJRyY2LBYrQ url=https://www.youtube.com/watch?v=nJRyY2LBYrQ
2025-09-15 22:10:07,599 [INFO] ytcrawl: [CAP] 파싱 성공: lines=17, text_len=118
2025-09-15 22:10:07,599 [INFO] ytcrawl: [VIDEO] 완료: id=eG5AOCGdbBA, views=209270, subs=1860000, cap_len=118, form=쇼츠
2025-09-15 22:10:07,599 [INFO] ytcrawl: [VIDEO] 시작: id=8fbNfFSCWDs url=https://www.youtube.com/watch?v=8fbNfFSCWDs
2025-09-15 22:10:08,114 [INFO] ytcrawl: [CAP] XML 자막 미확보
2025-09-15 22:10:08,114 [INFO] ytcrawl: [VIDEO] 완료: id=0HTDLJu-UNs, views=39, subs=13, cap_len=0, form=쇼츠
2025-09-15 22:10:08,114 [INFO] ytcrawl: [VIDEO] 시작: id=DDxU79QkxwQ url=https://www.youtube.com/watch?v=DDxU79QkxwQ
2025-09-15 22:10:08,233 [DEBUG] ytcrawl: [HTTP] GET https://www.youtube.com/watch?v=0Wq361gTUw8&hl=ko&gl=KR&persist_hl=1&persist_gl=1 -> 200, len=1017261
2025-09-15 22:10:08,261 [INFO] ytcrawl: [SUBS][WATCH] channel=UCJgZiklqrfvvfCDO3QhF1Hg text='구독자 264만명' -> 2640000
2025-09-15 22:10:08,262 [INFO] ytcrawl: [CAP] XML 자막 미확보
2025-09-15 22:10:08,273 [INFO] ytcrawl: [VIDEO] 완료: id=0Wq361gTUw8, views=18686340, subs=2640000, cap_len=0, form=쇼츠
2025-09-15 22:10:08,275 [INFO] ytcrawl: [VIDEO] 시작: id=chsVFj0pkG0 url=https://www.youtube.com/watch?v=chsVFj0pkG0
2025-09-15 22:10:08,377 [DEBUG] ytcrawl: [HTTP] GET https://www.youtube.com/watch?v=jA2uNzJnn4Y&hl=ko&gl=KR&persist_hl=1&persist_gl=1 -> 200, len=1023702
2025-09-15 22:10:08,405 [INFO] ytcrawl: [SUBS][WATCH] channel=UCcVMdFYDYp6kFryXykNu1fg text='구독자 52명' -> 52
2025-09-15 22:10:08,843 [DEBUG] ytcrawl: [CAP] 번역(a.en) 응답: 429, len=1103
2025-09-15 22:10:08,905 [DEBUG] ytcrawl: [HTTP] GET https://www.youtube.com/watch?v=-nNyF_e1eUw&hl=ko&gl=KR&persist_hl=1&persist_gl=1 -> 200, len=1001432
2025-09-15 22:10:08,930 [INFO] ytcrawl: [SUBS][WATCH] channel=UCbZIqLb-Jebp9Jlj9AeIZ3w text='구독자 618명' -> 618
2025-09-15 22:10:09,176 [INFO] ytcrawl: [CAP] 'a.ko' 발견 → 원문 사용
2025-09-15 22:10:09,323 [DEBUG] ytcrawl: [CAP][PR] GET https://www.youtube.com/api/timedtext?v=jA2uNzJnn4Y&ei=LhDIaMrUIPCI1d8PhLyg2Qk&caps=asr&opi=112496729&exp=xpe&xoaf=5&xowf=1&hl=en&ip=0.0.0.0&ipbits=0&expire=1757967006&sparams=ip,ipbits,expire,v,ei,caps,opi,exp,xoaf&signature=8185705FC35F00176D25CA572EE791BC75286929.0FB1C31D2EDB980D82258E7D66D8C914399D4C41&key=yt8&kind=asr&lang=en&fmt=srv3&tlang=ko -> 429, len=1103
2025-09-15 22:10:09,323 [INFO] ytcrawl: [CAP] XML 자막 미확보
2025-09-15 22:10:09,324 [INFO] ytcrawl: [VIDEO] 완료: id=jA2uNzJnn4Y, views=246, subs=52, cap_len=0, form=쇼츠
2025-09-15 22:10:09,324 [INFO] ytcrawl: [VIDEO] 시작: id=kKp1WZGg608 url=https://www.youtube.com/watch?v=kKp1WZGg608
2025-09-15 22:10:09,677 [INFO] ytcrawl: [CAP] 파싱 성공: lines=26, text_len=438
2025-09-15 22:10:09,678 [INFO] ytcrawl: [VIDEO] 완료: id=-nNyF_e1eUw, views=1312, subs=618, cap_len=438, form=쇼츠
2025-09-15 22:10:09,678 [INFO] ytcrawl: [VIDEO] 시작: id=8T7Dcy33k3I url=https://www.youtube.com/watch?v=8T7Dcy33k3I
2025-09-15 22:10:09,768 [DEBUG] ytcrawl: [HTTP] GET https://www.youtube.com/watch?v=MInmPXWpjLw&hl=ko&gl=KR&persist_hl=1&persist_gl=1 -> 200, len=1000934
2025-09-15 22:10:09,796 [INFO] ytcrawl: [SUBS][WATCH] channel=UCxZmtPSKBNzlxFrfStAQCjw text='구독자 5명' -> 5
2025-09-15 22:10:09,797 [INFO] ytcrawl: [CAP] XML 자막 미확보
2025-09-15 22:10:09,797 [INFO] ytcrawl: [VIDEO] 완료: id=MInmPXWpjLw, views=7722, subs=5, cap_len=0, form=쇼츠
2025-09-15 22:10:09,797 [INFO] ytcrawl: [VIDEO] 시작: id=9BHTLtbnyfk url=https://www.youtube.com/watch?v=9BHTLtbnyfk
2025-09-15 22:10:09,831 [DEBUG] ytcrawl: [HTTP] GET https://www.youtube.com/watch?v=8fbNfFSCWDs&hl=ko&gl=KR&persist_hl=1&persist_gl=1 -> 200, len=1057181
2025-09-15 22:10:09,860 [INFO] ytcrawl: [SUBS][WATCH] channel=UC7FNcZgZWeG6wh5lerv84eg text='구독자 11.2만명' -> 112000
2025-09-15 22:10:09,864 [DEBUG] ytcrawl: [HTTP] GET https://www.youtube.com/watch?v=oovWBMyO8dU&hl=ko&gl=KR&persist_hl=1&persist_gl=1 -> 200, len=1017845
2025-09-15 22:10:09,891 [INFO] ytcrawl: [SUBS][WATCH] channel=UC4LYFdtvsCgl-g4kcd4coQg text='구독자 43.2만명' -> 432000
2025-09-15 22:10:09,892 [INFO] ytcrawl: [CAP] XML 자막 미확보
2025-09-15 22:10:09,893 [INFO] ytcrawl: [VIDEO] 완료: id=oovWBMyO8dU, views=295339, subs=432000, cap_len=0, form=쇼츠
2025-09-15 22:10:09,893 [INFO] ytcrawl: [VIDEO] 시작: id=t7NlkELJhV0 url=https://www.youtube.com/watch?v=t7NlkELJhV0
2025-09-15 22:10:10,160 [INFO] ytcrawl: [CAP] 'a.ko' 발견 → 원문 사용
2025-09-15 22:10:10,311 [DEBUG] ytcrawl: [HTTP] GET https://www.youtube.com/watch?v=nJRyY2LBYrQ&hl=ko&gl=KR&persist_hl=1&persist_gl=1 -> 200, len=1029369
2025-09-15 22:10:10,341 [INFO] ytcrawl: [SUBS][WATCH] channel=UCoZduRS6YD9cfyFZbqlgGuQ text='구독자 1.64천명' -> 1640
2025-09-15 22:10:10,356 [INFO] ytcrawl: [CAP] 파싱 성공: lines=10, text_len=164
2025-09-15 22:10:10,356 [INFO] ytcrawl: [VIDEO] 완료: id=8fbNfFSCWDs, views=933261, subs=112000, cap_len=164, form=쇼츠
2025-09-15 22:10:10,356 [INFO] ytcrawl: [VIDEO] 시작: id=MvMkyqwwh68 url=https://www.youtube.com/watch?v=MvMkyqwwh68
2025-09-15 22:10:10,546 [INFO] ytcrawl: [CAP] 'a.ko' 발견 → 원문 사용
2025-09-15 22:10:10,745 [INFO] ytcrawl: [CAP] 파싱 성공: lines=41, text_len=536
2025-09-15 22:10:10,745 [INFO] ytcrawl: [VIDEO] 완료: id=nJRyY2LBYrQ, views=53123, subs=1640, cap_len=536, form=롱폼
2025-09-15 22:10:10,745 [INFO] ytcrawl: [VIDEO] 시작: id=ngJX8Aa0KOU url=https://www.youtube.com/watch?v=ngJX8Aa0KOU
2025-09-15 22:10:10,821 [DEBUG] ytcrawl: [HTTP] GET https://www.youtube.com/watch?v=DDxU79QkxwQ&hl=ko&gl=KR&persist_hl=1&persist_gl=1 -> 200, len=1016401
2025-09-15 22:10:10,848 [INFO] ytcrawl: [SUBS][WATCH] channel=UC1Svg1OzkuIouYU1xSRTChw text='구독자 2.07천명' -> 2070
2025-09-15 22:10:11,189 [DEBUG] ytcrawl: [HTTP] GET https://www.youtube.com/watch?v=chsVFj0pkG0&hl=ko&gl=KR&persist_hl=1&persist_gl=1 -> 200, len=1056589
2025-09-15 22:10:11,219 [INFO] ytcrawl: [SUBS][WATCH] channel=UCp3BSINVC7Ggj4kChEUiy7Q text='구독자 66.8만명' -> 668000
2025-09-15 22:10:11,307 [DEBUG] ytcrawl: [CAP][PR] GET https://www.youtube.com/api/timedtext?v=DDxU79QkxwQ&ei=MBDIaKLeNqyN29gPhZew8QQ&caps=asr&opi=112496729&exp=xpe&xoaf=5&xowf=1&hl=en&ip=0.0.0.0&ipbits=0&expire=1757967008&sparams=ip,ipbits,expire,v,ei,caps,opi,exp,xoaf&signature=4F3F81FF2C0A3BEA6E277BE93D4EBD68C4D669CD.1CCD9A783F5B7277F3A47D80B7EB3A0925FE0105&key=yt8&kind=asr&lang=ar&fmt=srv3&tlang=ko -> 429, len=1103
2025-09-15 22:10:11,307 [INFO] ytcrawl: [CAP] XML 자막 미확보
2025-09-15 22:10:11,308 [INFO] ytcrawl: [VIDEO] 완료: id=DDxU79QkxwQ, views=11896, subs=2070, cap_len=0, form=쇼츠
2025-09-15 22:10:11,308 [INFO] ytcrawl: [VIDEO] 시작: id=w9meAdQdcpM url=https://www.youtube.com/watch?v=w9meAdQdcpM
2025-09-15 22:10:11,743 [INFO] ytcrawl: [CAP] 'a.ko' 발견 → 원문 사용
2025-09-15 22:10:11,921 [DEBUG] ytcrawl: [HTTP] GET https://www.youtube.com/watch?v=kKp1WZGg608&hl=ko&gl=KR&persist_hl=1&persist_gl=1 -> 200, len=1495153
2025-09-15 22:10:11,950 [INFO] ytcrawl: [SUBS][WATCH] channel=UCNd08Z3aWm-Qw3SIzorxtgg text='구독자 6.61천명' -> 6610
2025-09-15 22:10:12,005 [INFO] ytcrawl: [CAP] 파싱 성공: lines=20, text_len=369
2025-09-15 22:10:12,006 [INFO] ytcrawl: [VIDEO] 완료: id=chsVFj0pkG0, views=17369, subs=668000, cap_len=369, form=쇼츠
2025-09-15 22:10:12,006 [INFO] ytcrawl: [VIDEO] 시작: id=XMrFhs_T5eg url=https://www.youtube.com/watch?v=XMrFhs_T5eg
2025-09-15 22:10:12,098 [DEBUG] ytcrawl: [HTTP] GET https://www.youtube.com/watch?v=t7NlkELJhV0&hl=ko&gl=KR&persist_hl=1&persist_gl=1 -> 200, len=1376134
2025-09-15 22:10:12,126 [INFO] ytcrawl: [SUBS][WATCH] channel=UCEBwfWU8Qq_GyxQkM0FuSLA text='구독자 7.35천명' -> 7350
2025-09-15 22:10:12,243 [INFO] ytcrawl: [CAP] 'a.ko' 발견 → 원문 사용
2025-09-15 22:10:12,298 [DEBUG] ytcrawl: [HTTP] GET https://www.youtube.com/watch?v=9BHTLtbnyfk&hl=ko&gl=KR&persist_hl=1&persist_gl=1 -> 200, len=991097
2025-09-15 22:10:12,325 [INFO] ytcrawl: [SUBS][WATCH] channel=UC69OPtXoVp7kaTFXlPpc_jA text='구독자 171명' -> 171
2025-09-15 22:10:12,325 [INFO] ytcrawl: [CAP] XML 자막 미확보
2025-09-15 22:10:12,325 [INFO] ytcrawl: [VIDEO] 완료: id=9BHTLtbnyfk, views=460, subs=171, cap_len=0, form=쇼츠
2025-09-15 22:10:12,326 [INFO] ytcrawl: [VIDEO] 시작: id=ILTmOuss9h8 url=https://www.youtube.com/watch?v=ILTmOuss9h8
2025-09-15 22:10:12,504 [INFO] ytcrawl: [CAP] 파싱 성공: lines=158, text_len=3062
2025-09-15 22:10:12,504 [INFO] ytcrawl: [CAP] 'a.ko' 발견 → 원문 사용
2025-09-15 22:10:12,504 [INFO] ytcrawl: [VIDEO] 완료: id=kKp1WZGg608, views=27402, subs=6610, cap_len=3062, form=롱폼
2025-09-15 22:10:12,504 [INFO] ytcrawl: [VIDEO] 시작: id=JxuKOY5Cep8 url=https://www.youtube.com/watch?v=JxuKOY5Cep8
2025-09-15 22:10:12,657 [DEBUG] ytcrawl: [HTTP] GET https://www.youtube.com/watch?v=8T7Dcy33k3I&hl=ko&gl=KR&persist_hl=1&persist_gl=1 -> 200, len=1023514
2025-09-15 22:10:12,684 [INFO] ytcrawl: [SUBS][WATCH] channel=UC-0_39tdHUNL0AGMNMYSF9Q text='구독자 1.66천명' -> 1660
2025-09-15 22:10:12,767 [DEBUG] ytcrawl: [HTTP] GET https://www.youtube.com/watch?v=MvMkyqwwh68&hl=ko&gl=KR&persist_hl=1&persist_gl=1 -> 200, len=1439982
2025-09-15 22:10:12,799 [INFO] ytcrawl: [SUBS][WATCH] channel=UC6jCOLOm8MMwYy7W_9BfsgA text='구독자 4.19천명' -> 4190
2025-09-15 22:10:12,807 [INFO] ytcrawl: [CAP] 파싱 성공: lines=268, text_len=5209
2025-09-15 22:10:12,807 [INFO] ytcrawl: [VIDEO] 완료: id=t7NlkELJhV0, views=11296, subs=7350, cap_len=5209, form=롱폼
2025-09-15 22:10:12,807 [INFO] ytcrawl: [VIDEO] 시작: id=CrnrqWVxnMs url=https://www.youtube.com/watch?v=CrnrqWVxnMs
2025-09-15 22:10:12,947 [INFO] ytcrawl: [CAP] 'a.ko' 발견 → 원문 사용
2025-09-15 22:10:13,137 [INFO] ytcrawl: [CAP] 'a.ko' 발견 → 원문 사용
2025-09-15 22:10:13,137 [INFO] ytcrawl: [CAP] 파싱 성공: lines=15, text_len=189
2025-09-15 22:10:13,137 [INFO] ytcrawl: [VIDEO] 완료: id=8T7Dcy33k3I, views=5335, subs=1660, cap_len=189, form=쇼츠
2025-09-15 22:10:13,138 [INFO] ytcrawl: [VIDEO] 시작: id=jRrZN4yVLHI url=https://www.youtube.com/watch?v=jRrZN4yVLHI
2025-09-15 22:10:13,451 [INFO] ytcrawl: [CAP] 파싱 성공: lines=245, text_len=4360
2025-09-15 22:10:13,451 [INFO] ytcrawl: [VIDEO] 완료: id=MvMkyqwwh68, views=1398, subs=4190, cap_len=4360, form=롱폼
2025-09-15 22:10:13,451 [INFO] ytcrawl: [VIDEO] 시작: id=Au1CYC8Iuck url=https://www.youtube.com/watch?v=Au1CYC8Iuck
2025-09-15 22:10:13,733 [DEBUG] ytcrawl: [HTTP] GET https://www.youtube.com/watch?v=ngJX8Aa0KOU&hl=ko&gl=KR&persist_hl=1&persist_gl=1 -> 200, len=1496314
2025-09-15 22:10:13,764 [INFO] ytcrawl: [SUBS][WATCH] channel=UCiYYfibfL0cR_hIupNZDLxQ text='구독자 5.09천명' -> 5090
2025-09-15 22:10:13,940 [DEBUG] ytcrawl: [HTTP] GET https://www.youtube.com/watch?v=w9meAdQdcpM&hl=ko&gl=KR&persist_hl=1&persist_gl=1 -> 200, len=1571048
2025-09-15 22:10:13,975 [INFO] ytcrawl: [SUBS][WATCH] channel=UCxPzKls2-iq6Q1omu84nEcg text='구독자 1.79천명' -> 1790
2025-09-15 22:10:14,115 [INFO] ytcrawl: [CAP] 'a.ko' 발견 → 원문 사용
2025-09-15 22:10:14,124 [DEBUG] ytcrawl: [HTTP] GET https://www.youtube.com/watch?v=XMrFhs_T5eg&hl=ko&gl=KR&persist_hl=1&persist_gl=1 -> 200, len=1034613
2025-09-15 22:10:14,153 [INFO] ytcrawl: [SUBS][WATCH] channel=UC7KtrTyQMLms93lsnkVfGEg text='구독자 22.9만명' -> 229000
2025-09-15 22:10:14,216 [INFO] ytcrawl: [CAP] 'a.ko' 발견 → 원문 사용
2025-09-15 22:10:14,363 [INFO] ytcrawl: [CAP] 'a.ko' 발견 → 원문 사용
2025-09-15 22:10:14,424 [INFO] ytcrawl: [CAP] 파싱 성공: lines=207, text_len=3874
2025-09-15 22:10:14,425 [INFO] ytcrawl: [VIDEO] 완료: id=ngJX8Aa0KOU, views=24539, subs=5090, cap_len=3874, form=롱폼
2025-09-15 22:10:14,425 [INFO] ytcrawl: [VIDEO] 시작: id=-qesW9R9jr0 url=https://www.youtube.com/watch?v=-qesW9R9jr0
2025-09-15 22:10:14,441 [INFO] ytcrawl: [CAP] 'a.ko' 발견 → 원문 사용
2025-09-15 22:10:14,457 [INFO] ytcrawl: [CAP] 파싱 성공: lines=128, text_len=2251
2025-09-15 22:10:14,457 [INFO] ytcrawl: [VIDEO] 완료: id=w9meAdQdcpM, views=3636, subs=1790, cap_len=2251, form=롱폼
2025-09-15 22:10:14,457 [INFO] ytcrawl: [VIDEO] 시작: id=aUShO7gLx24 url=https://www.youtube.com/watch?v=aUShO7gLx24
2025-09-15 22:10:14,623 [INFO] ytcrawl: [CAP] 파싱 성공: lines=4, text_len=31
2025-09-15 22:10:14,623 [INFO] ytcrawl: [VIDEO] 완료: id=ILTmOuss9h8, views=66105, subs=73000, cap_len=31, form=쇼츠
2025-09-15 22:10:14,624 [INFO] ytcrawl: [VIDEO] 시작: id=80i46vxWSCA url=https://www.youtube.com/watch?v=80i46vxWSCA
2025-09-15 22:10:14,693 [INFO] ytcrawl: [CAP] 파싱 성공: lines=33, text_len=615
2025-09-15 22:10:14,693 [INFO] ytcrawl: [VIDEO] 완료: id=XMrFhs_T5eg, views=83488, subs=229000, cap_len=615, form=쇼츠
2025-09-15 22:10:14,694 [INFO] ytcrawl: [VIDEO] 시작: id=VSLUfqT3-7E url=https://www.youtube.com/watch?v=VSLUfqT3-7E
2025-09-15 22:10:14,784 [DEBUG] ytcrawl: [HTTP] GET https://www.youtube.com/watch?v=JxuKOY5Cep8&hl=ko&gl=KR&persist_hl=1&persist_gl=1 -> 200, len=1037483
2025-09-15 22:10:14,812 [INFO] ytcrawl: [SUBS][WATCH] channel=UCpLHYgK6IJsqy7yCExrnsKQ text='구독자 167명' -> 167
2025-09-15 22:10:15,072 [INFO] ytcrawl: [CAP] 'a.ko' 발견 → 원문 사용
2025-09-15 22:10:15,265 [INFO] ytcrawl: [CAP] 파싱 성공: lines=22, text_len=405
2025-09-15 22:10:15,265 [INFO] ytcrawl: [VIDEO] 완료: id=JxuKOY5Cep8, views=1381, subs=167, cap_len=405, form=롱폼
2025-09-15 22:10:15,266 [INFO] ytcrawl: [VIDEO] 시작: id=hXAHOvMfTdE url=https://www.youtube.com/watch?v=hXAHOvMfTdE
2025-09-15 22:10:15,533 [INFO] ytcrawl: [CAP] 'a.ko' 발견 → 원문 사용
2025-09-15 22:10:15,648 [DEBUG] ytcrawl: [PT] title 실패 :: Exception while accessing title of https://youtube.com/watch?v=-qesW9R9jr0. Please file a bug report at https://github.com/pytube/pytube
2025-09-15 22:10:15,649 [DEBUG] ytcrawl: [PT] views 실패 :: int() argument must be a string, a bytes-like object or a real number, not 'NoneType'
2025-09-15 22:10:15,656 [DEBUG] ytcrawl: [PT] length 실패 :: int() argument must be a string, a bytes-like object or a real number, not 'NoneType'
2025-09-15 22:10:15,658 [DEBUG] ytcrawl: [SUBS] channel_id 미확보
2025-09-15 22:10:15,658 [INFO] ytcrawl: [CAP] XML 자막 미확보
2025-09-15 22:10:15,658 [INFO] ytcrawl: [VIDEO] 완료: id=-qesW9R9jr0, views=0, subs=0, cap_len=0, form=롱폼
2025-09-15 22:10:15,658 [INFO] ytcrawl: [VIDEO] 시작: id=9DaAdACLCtY url=https://www.youtube.com/watch?v=9DaAdACLCtY
2025-09-15 22:10:15,812 [INFO] ytcrawl: [CAP] 'a.ko' 발견 → 원문 사용
2025-09-15 22:10:15,855 [DEBUG] ytcrawl: [HTTP] GET https://www.youtube.com/watch?v=CrnrqWVxnMs&hl=ko&gl=KR&persist_hl=1&persist_gl=1 -> 200, len=1097595
2025-09-15 22:10:15,888 [INFO] ytcrawl: [SUBS][WATCH] channel=UCTLl9TAuwEIayAp_hFM4cMw text='구독자 38.2만명' -> 382000
2025-09-15 22:10:15,913 [INFO] ytcrawl: [CAP] 파싱 성공: lines=556, text_len=10346
2025-09-15 22:10:15,913 [INFO] ytcrawl: [VIDEO] 완료: id=Au1CYC8Iuck, views=45858, subs=39100, cap_len=10346, form=롱폼
2025-09-15 22:10:15,914 [INFO] ytcrawl: [VIDEO] 시작: id=5UeozpDQEXU url=https://www.youtube.com/watch?v=5UeozpDQEXU
2025-09-15 22:10:15,952 [DEBUG] ytcrawl: [PT] title 실패 :: Exception while accessing title of https://youtube.com/watch?v=aUShO7gLx24. Please file a bug report at https://github.com/pytube/pytube
2025-09-15 22:10:15,952 [DEBUG] ytcrawl: [PT] views 실패 :: int() argument must be a string, a bytes-like object or a real number, not 'NoneType'
2025-09-15 22:10:15,962 [DEBUG] ytcrawl: [PT] length 실패 :: int() argument must be a string, a bytes-like object or a real number, not 'NoneType'
2025-09-15 22:10:15,964 [DEBUG] ytcrawl: [SUBS] channel_id 미확보
2025-09-15 22:10:15,964 [INFO] ytcrawl: [CAP] XML 자막 미확보
2025-09-15 22:10:15,964 [INFO] ytcrawl: [VIDEO] 완료: id=aUShO7gLx24, views=0, subs=0, cap_len=0, form=롱폼
2025-09-15 22:10:15,964 [INFO] ytcrawl: [VIDEO] 시작: id=cug_16N_kKI url=https://www.youtube.com/watch?v=cug_16N_kKI
2025-09-15 22:10:16,189 [INFO] ytcrawl: [CAP] 파싱 성공: lines=336, text_len=6428
2025-09-15 22:10:16,189 [INFO] ytcrawl: [VIDEO] 완료: id=jRrZN4yVLHI, views=23005, subs=302000, cap_len=6428, form=롱폼
2025-09-15 22:10:16,189 [INFO] ytcrawl: [VIDEO] 시작: id=laJZ5U0nits url=https://www.youtube.com/watch?v=laJZ5U0nits
2025-09-15 22:10:16,404 [DEBUG] ytcrawl: [CAP][PR] GET https://www.youtube.com/api/timedtext?v=CrnrqWVxnMs&ei=NRDIaPbDIPmNvcAP7ony6Q0&caps=asr&opi=112496729&exp=xpe&xoaf=5&xospf=1&hl=en&ip=0.0.0.0&ipbits=0&expire=1757967013&sparams=ip,ipbits,expire,v,ei,caps,opi,exp,xoaf&signature=86AF49FC69B25696E521077588F5AC01D9E58809.9E7E32CE16E97CE2D6FF03A4BE7738ABC9BB08DC&key=yt8&kind=asr&lang=hi&fmt=srv3&tlang=ko -> 429, len=1103
2025-09-15 22:10:16,404 [INFO] ytcrawl: [CAP] XML 자막 미확보
2025-09-15 22:10:16,404 [INFO] ytcrawl: [VIDEO] 완료: id=CrnrqWVxnMs, views=982650, subs=382000, cap_len=0, form=쇼츠
2025-09-15 22:10:16,404 [INFO] ytcrawl: [VIDEO] 시작: id=6wJBd6CBb7U url=https://www.youtube.com/watch?v=6wJBd6CBb7U
2025-09-15 22:10:16,544 [INFO] ytcrawl: [CAP] 'a.ko' 발견 → 원문 사용
2025-09-15 22:10:16,808 [INFO] ytcrawl: [CAP] 파싱 성공: lines=157, text_len=2868
2025-09-15 22:10:16,809 [INFO] ytcrawl: [VIDEO] 완료: id=VSLUfqT3-7E, views=11339, subs=1790, cap_len=2868, form=롱폼
2025-09-15 22:10:16,809 [INFO] ytcrawl: [VIDEO] 시작: id=IzXrwftKOeU url=https://www.youtube.com/watch?v=IzXrwftKOeU
2025-09-15 22:10:16,885 [INFO] ytcrawl: [CAP] 'a.ko' 발견 → 원문 사용
2025-09-15 22:10:17,067 [INFO] ytcrawl: [CAP] XML 자막 미확보
2025-09-15 22:10:17,067 [INFO] ytcrawl: [VIDEO] 완료: id=hXAHOvMfTdE, views=1461, subs=5180, cap_len=0, form=쇼츠
2025-09-15 22:10:17,068 [INFO] ytcrawl: [VIDEO] 시작: id=QjjOg1PM1_E url=https://www.youtube.com/watch?v=QjjOg1PM1_E
2025-09-15 22:10:17,304 [DEBUG] ytcrawl: [PT] title 실패 :: Exception while accessing title of https://youtube.com/watch?v=cug_16N_kKI. Please file a bug report at https://github.com/pytube/pytube
2025-09-15 22:10:17,305 [DEBUG] ytcrawl: [PT] views 실패 :: int() argument must be a string, a bytes-like object or a real number, not 'NoneType'
2025-09-15 22:10:17,313 [DEBUG] ytcrawl: [PT] length 실패 :: int() argument must be a string, a bytes-like object or a real number, not 'NoneType'
2025-09-15 22:10:17,315 [DEBUG] ytcrawl: [SUBS] channel_id 미확보
2025-09-15 22:10:17,315 [INFO] ytcrawl: [CAP] XML 자막 미확보
2025-09-15 22:10:17,315 [INFO] ytcrawl: [VIDEO] 완료: id=cug_16N_kKI, views=0, subs=0, cap_len=0, form=롱폼
2025-09-15 22:10:17,316 [INFO] ytcrawl: [VIDEO] 시작: id=m7tlemzPAwk url=https://www.youtube.com/watch?v=m7tlemzPAwk
2025-09-15 22:10:17,471 [INFO] ytcrawl: [CAP] 파싱 성공: lines=500, text_len=9316
2025-09-15 22:10:17,471 [INFO] ytcrawl: [VIDEO] 완료: id=80i46vxWSCA, views=94692, subs=73100, cap_len=9316, form=롱폼
2025-09-15 22:10:17,472 [INFO] ytcrawl: [VIDEO] 시작: id=TJUwVD613hU url=https://www.youtube.com/watch?v=TJUwVD613hU
2025-09-15 22:10:17,880 [INFO] ytcrawl: [CAP] 'a.ko' 발견 → 원문 사용
2025-09-15 22:10:18,015 [DEBUG] ytcrawl: [PT] title 실패 :: Exception while accessing title of https://youtube.com/watch?v=6wJBd6CBb7U. Please file a bug report at https://github.com/pytube/pytube
2025-09-15 22:10:18,015 [DEBUG] ytcrawl: [PT] views 실패 :: int() argument must be a string, a bytes-like object or a real number, not 'NoneType'
2025-09-15 22:10:18,027 [DEBUG] ytcrawl: [PT] length 실패 :: int() argument must be a string, a bytes-like object or a real number, not 'NoneType'
2025-09-15 22:10:18,028 [DEBUG] ytcrawl: [SUBS] channel_id 미확보
2025-09-15 22:10:18,029 [INFO] ytcrawl: [CAP] XML 자막 미확보
2025-09-15 22:10:18,029 [INFO] ytcrawl: [VIDEO] 완료: id=6wJBd6CBb7U, views=0, subs=0, cap_len=0, form=롱폼
2025-09-15 22:10:18,029 [INFO] ytcrawl: [VIDEO] 시작: id=reeJIhAza4U url=https://www.youtube.com/watch?v=reeJIhAza4U
2025-09-15 22:10:18,411 [INFO] ytcrawl: [CAP] 'a.ko' 발견 → 원문 사용
2025-09-15 22:10:18,475 [INFO] ytcrawl: [CAP] 파싱 성공: lines=304, text_len=5869
2025-09-15 22:10:18,475 [INFO] ytcrawl: [VIDEO] 완료: id=5UeozpDQEXU, views=15850, subs=16600, cap_len=5869, form=롱폼
2025-09-15 22:10:18,476 [INFO] ytcrawl: [VIDEO] 시작: id=EFZ2uFUde1o url=https://www.youtube.com/watch?v=EFZ2uFUde1o
2025-09-15 22:10:18,510 [DEBUG] ytcrawl: [HTTP] GET https://www.youtube.com/watch?v=9DaAdACLCtY&hl=ko&gl=KR&persist_hl=1&persist_gl=1 -> 200, len=943572
2025-09-15 22:10:18,531 [INFO] ytcrawl: [SUBS][WATCH] channel=UCUufwthrOOB-jPoa-eWa-rA text='구독자 1.7천명' -> 1700
2025-09-15 22:10:18,799 [INFO] ytcrawl: [CAP] 'a.ko' 발견 → 원문 사용
2025-09-15 22:10:18,804 [INFO] ytcrawl: [CAP] 파싱 성공: lines=204, text_len=3777
2025-09-15 22:10:18,804 [INFO] ytcrawl: [VIDEO] 완료: id=laJZ5U0nits, views=4770, subs=20800, cap_len=3777, form=롱폼
2025-09-15 22:10:18,805 [INFO] ytcrawl: [VIDEO] 시작: id=wdI1vhWqBhI url=https://www.youtube.com/watch?v=wdI1vhWqBhI
2025-09-15 22:10:18,880 [INFO] ytcrawl: [CAP] 'a.ko' 발견 → 원문 사용
2025-09-15 22:10:19,002 [INFO] ytcrawl: [CAP] 파싱 성공: lines=76, text_len=1234
2025-09-15 22:10:19,002 [INFO] ytcrawl: [VIDEO] 완료: id=9DaAdACLCtY, views=14837, subs=1700, cap_len=1234, form=쇼츠
2025-09-15 22:10:19,002 [INFO] ytcrawl: [VIDEO] 시작: id=N6OK3Li3EXg url=https://www.youtube.com/watch?v=N6OK3Li3EXg
2025-09-15 22:10:19,117 [DEBUG] ytcrawl: [PT] title 실패 :: Exception while accessing title of https://youtube.com/watch?v=TJUwVD613hU. Please file a bug report at https://github.com/pytube/pytube
2025-09-15 22:10:19,117 [DEBUG] ytcrawl: [PT] views 실패 :: int() argument must be a string, a bytes-like object or a real number, not 'NoneType'
2025-09-15 22:10:19,131 [DEBUG] ytcrawl: [PT] length 실패 :: int() argument must be a string, a bytes-like object or a real number, not 'NoneType'
2025-09-15 22:10:19,133 [DEBUG] ytcrawl: [SUBS] channel_id 미확보
2025-09-15 22:10:19,134 [INFO] ytcrawl: [CAP] XML 자막 미확보
2025-09-15 22:10:19,134 [INFO] ytcrawl: [VIDEO] 완료: id=TJUwVD613hU, views=0, subs=0, cap_len=0, form=롱폼
2025-09-15 22:10:19,134 [INFO] ytcrawl: [VIDEO] 시작: id=wGYQbZqoKMw url=https://www.youtube.com/watch?v=wGYQbZqoKMw
2025-09-15 22:10:19,501 [INFO] ytcrawl: [CAP] 파싱 성공: lines=247, text_len=4382
2025-09-15 22:10:19,501 [INFO] ytcrawl: [VIDEO] 완료: id=IzXrwftKOeU, views=387585, subs=102000, cap_len=4382, form=롱폼
2025-09-15 22:10:19,501 [INFO] ytcrawl: [VIDEO] 시작: id=ymfO8J42ZPc url=https://www.youtube.com/watch?v=ymfO8J42ZPc
2025-09-15 22:10:19,795 [DEBUG] ytcrawl: [HTTP] GET https://www.youtube.com/watch?v=QjjOg1PM1_E&hl=ko&gl=KR&persist_hl=1&persist_gl=1 -> 200, len=1044792
2025-09-15 22:10:19,824 [INFO] ytcrawl: [SUBS][WATCH] channel=UCcWSFWj1huiLzBQZXRcpLew text='구독자 402명' -> 402
2025-09-15 22:10:19,849 [INFO] ytcrawl: [CAP] 'a.ko' 발견 → 원문 사용
2025-09-15 22:10:20,040 [INFO] ytcrawl: [CAP] 'a.ko' 발견 → 원문 사용
2025-09-15 22:10:20,196 [INFO] ytcrawl: [CAP] 파싱 성공: lines=237, text_len=4569
2025-09-15 22:10:20,196 [INFO] ytcrawl: [VIDEO] 완료: id=m7tlemzPAwk, views=7175, subs=45300, cap_len=4569, form=롱폼
2025-09-15 22:10:20,196 [INFO] ytcrawl: [VIDEO] 시작: id=uiuVV9yFn54 url=https://www.youtube.com/watch?v=uiuVV9yFn54
2025-09-15 22:10:20,297 [INFO] ytcrawl: [CAP] 파싱 성공: lines=15, text_len=276
2025-09-15 22:10:20,298 [INFO] ytcrawl: [VIDEO] 완료: id=QjjOg1PM1_E, views=16823, subs=402, cap_len=276, form=쇼츠
2025-09-15 22:10:20,298 [INFO] ytcrawl: [VIDEO] 시작: id=e5TN2UyWDQc url=https://www.youtube.com/watch?v=e5TN2UyWDQc
2025-09-15 22:10:20,647 [DEBUG] ytcrawl: [PT] title 실패 :: Exception while accessing title of https://youtube.com/watch?v=wGYQbZqoKMw. Please file a bug report at https://github.com/pytube/pytube
2025-09-15 22:10:20,649 [DEBUG] ytcrawl: [PT] views 실패 :: int() argument must be a string, a bytes-like object or a real number, not 'NoneType'
2025-09-15 22:10:20,655 [DEBUG] ytcrawl: [PT] length 실패 :: int() argument must be a string, a bytes-like object or a real number, not 'NoneType'
2025-09-15 22:10:21,129 [INFO] ytcrawl: [CAP] 'a.ko' 발견 → 원문 사용
2025-09-15 22:10:21,159 [DEBUG] ytcrawl: [HTTP] GET https://www.youtube.com/watch?v=reeJIhAza4U&hl=ko&gl=KR&persist_hl=1&persist_gl=1 -> 200, len=1522515
2025-09-15 22:10:21,193 [INFO] ytcrawl: [SUBS][WATCH] channel=UCHZ45eAueN5zkGUYIrWL94w text='구독자 6.05천명' -> 6050
2025-09-15 22:10:21,295 [DEBUG] ytcrawl: [HTTP] GET https://www.youtube.com/watch?v=wdI1vhWqBhI&hl=ko&gl=KR&persist_hl=1&persist_gl=1 -> 200, len=1020755
2025-09-15 22:10:21,319 [INFO] ytcrawl: [SUBS][WATCH] channel=UCpazNls5C8rJwRe66Jcm9Qg text='구독자 1.03만명' -> 10300
2025-09-15 22:10:21,354 [DEBUG] ytcrawl: [HTTP] GET https://www.youtube.com/watch?v=wGYQbZqoKMw&hl=ko&gl=KR&persist_hl=1&persist_gl=1 -> 200, len=1473030
2025-09-15 22:10:21,390 [INFO] ytcrawl: [SUBS][WATCH] channel=UC_KcA6EBhnA_q7zrNLQrgog text='구독자 3.9만명' -> 39000
2025-09-15 22:10:21,471 [DEBUG] ytcrawl: [CAP][PR] GET https://www.youtube.com/api/timedtext?v=wGYQbZqoKMw&ei=OxDIaIeMLO6O29gPn9L0QA&caps=asr&opi=112496729&exp=xpe&xoaf=5&xowf=1&hl=en&ip=0.0.0.0&ipbits=0&expire=1757967019&sparams=ip,ipbits,expire,v,ei,caps,opi,exp,xoaf&signature=E611B599FA207EA1356471EDEE60828C235120D6.D92C7F4981243B51542727449E00A01BE3F12277&key=yt8&kind=asr&lang=ko&fmt=srv3 -> 200, len=0
2025-09-15 22:10:21,471 [INFO] ytcrawl: [CAP] XML 자막 미확보
2025-09-15 22:10:21,471 [INFO] ytcrawl: [VIDEO] 완료: id=wGYQbZqoKMw, views=11856, subs=39000, cap_len=0, form=롱폼
2025-09-15 22:10:21,471 [INFO] ytcrawl: [VIDEO] 시작: id=SVEF8Z1VIjU url=https://www.youtube.com/watch?v=SVEF8Z1VIjU
2025-09-15 22:10:21,516 [INFO] ytcrawl: [CAP] 파싱 성공: lines=218, text_len=4148
2025-09-15 22:10:21,516 [INFO] ytcrawl: [VIDEO] 완료: id=N6OK3Li3EXg, views=172283, subs=42800, cap_len=4148, form=롱폼
2025-09-15 22:10:21,516 [INFO] ytcrawl: [VIDEO] 시작: id=wgmV6Mxw-vs url=https://www.youtube.com/watch?v=wgmV6Mxw-vs
2025-09-15 22:10:21,525 [DEBUG] ytcrawl: [HTTP] GET https://www.youtube.com/watch?v=EFZ2uFUde1o&hl=ko&gl=KR&persist_hl=1&persist_gl=1 -> 200, len=1481710
2025-09-15 22:10:21,561 [INFO] ytcrawl: [SUBS][WATCH] channel=UCXh_55-DSbC1_tHc2oZcDcQ text='구독자 4.65만명' -> 46500
2025-09-15 22:10:21,561 [INFO] ytcrawl: [CAP] 'a.ko' 발견 → 원문 사용
2025-09-15 22:10:21,590 [INFO] ytcrawl: [CAP] 'a.ko' 발견 → 원문 사용
2025-09-15 22:10:21,883 [INFO] ytcrawl: [CAP] 파싱 성공: lines=21, text_len=388
2025-09-15 22:10:21,884 [INFO] ytcrawl: [VIDEO] 완료: id=wdI1vhWqBhI, views=6281, subs=10300, cap_len=388, form=쇼츠
2025-09-15 22:10:21,884 [INFO] ytcrawl: [VIDEO] 시작: id=YPvE92CF_xQ url=https://www.youtube.com/watch?v=YPvE92CF_xQ
2025-09-15 22:10:21,936 [INFO] ytcrawl: [CAP] 파싱 성공: lines=254, text_len=4864
2025-09-15 22:10:21,936 [INFO] ytcrawl: [VIDEO] 완료: id=reeJIhAza4U, views=2831, subs=6050, cap_len=4864, form=롱폼
2025-09-15 22:10:21,936 [INFO] ytcrawl: [VIDEO] 시작: id=mqBDxwlxdQM url=https://www.youtube.com/watch?v=mqBDxwlxdQM
2025-09-15 22:10:21,986 [INFO] ytcrawl: [CAP] 'a.ko' 발견 → 원문 사용
2025-09-15 22:10:22,137 [DEBUG] ytcrawl: [HTTP] GET https://www.youtube.com/watch?v=ymfO8J42ZPc&hl=ko&gl=KR&persist_hl=1&persist_gl=1 -> 200, len=1490592
2025-09-15 22:10:22,181 [INFO] ytcrawl: [SUBS][WATCH] channel=UC0nurP_anZMgJ_uhLICP8cA text='구독자 13.6만명' -> 136000
2025-09-15 22:10:22,285 [DEBUG] ytcrawl: [HTTP] GET https://www.youtube.com/watch?v=uiuVV9yFn54&hl=ko&gl=KR&persist_hl=1&persist_gl=1 -> 200, len=1001289
2025-09-15 22:10:22,314 [INFO] ytcrawl: [SUBS][WATCH] channel=UC63wwtFmS1YbT9eV7QKwyNA text='구독자 2.53천명' -> 2530
2025-09-15 22:10:22,316 [INFO] ytcrawl: [CAP] 파싱 성공: lines=417, text_len=8064
2025-09-15 22:10:22,316 [INFO] ytcrawl: [VIDEO] 완료: id=EFZ2uFUde1o, views=23231, subs=46500, cap_len=8064, form=롱폼
2025-09-15 22:10:22,316 [INFO] ytcrawl: [VIDEO] 시작: id=h7Q4qGR90nA url=https://www.youtube.com/watch?v=h7Q4qGR90nA
2025-09-15 22:10:22,557 [INFO] ytcrawl: [CAP] 'a.ko' 발견 → 원문 사용
2025-09-15 22:10:22,624 [DEBUG] ytcrawl: [HTTP] GET https://www.youtube.com/watch?v=e5TN2UyWDQc&hl=ko&gl=KR&persist_hl=1&persist_gl=1 -> 200, len=1179341
2025-09-15 22:10:22,669 [INFO] ytcrawl: [SUBS][WATCH] channel=UCstTmMrIy-AGyKkdhJtrLzQ text='구독자 988명' -> 988
2025-09-15 22:10:22,675 [INFO] ytcrawl: [CAP] 'a.ko' 발견 → 원문 사용
2025-09-15 22:10:22,881 [INFO] ytcrawl: [CAP] 'a.ko' 발견 → 원문 사용
2025-09-15 22:10:22,956 [INFO] ytcrawl: [CAP] 파싱 성공: lines=412, text_len=7984
2025-09-15 22:10:22,956 [INFO] ytcrawl: [VIDEO] 완료: id=ymfO8J42ZPc, views=313432, subs=136000, cap_len=7984, form=롱폼
2025-09-15 22:10:22,956 [INFO] ytcrawl: [VIDEO] 시작: id=nGoVrL2x_rM url=https://www.youtube.com/watch?v=nGoVrL2x_rM
2025-09-15 22:10:22,996 [INFO] ytcrawl: [CAP] 파싱 성공: lines=90, text_len=1634
2025-09-15 22:10:22,996 [INFO] ytcrawl: [VIDEO] 완료: id=uiuVV9yFn54, views=158, subs=2530, cap_len=1634, form=롱폼
2025-09-15 22:10:22,997 [INFO] ytcrawl: [VIDEO] 시작: id=-3PIHxrCvxw url=https://www.youtube.com/watch?v=-3PIHxrCvxw
2025-09-15 22:10:23,093 [INFO] ytcrawl: [CAP] 파싱 성공: lines=38, text_len=708
2025-09-15 22:10:23,094 [INFO] ytcrawl: [VIDEO] 완료: id=e5TN2UyWDQc, views=14880, subs=988, cap_len=708, form=롱폼
2025-09-15 22:10:23,094 [INFO] ytcrawl: [VIDEO] 시작: id=duFbqcKcKYM url=https://www.youtube.com/watch?v=duFbqcKcKYM
2025-09-15 22:10:23,215 [DEBUG] ytcrawl: [PT] title 실패 :: Exception while accessing title of https://youtube.com/watch?v=wgmV6Mxw-vs. Please file a bug report at https://github.com/pytube/pytube
2025-09-15 22:10:23,216 [DEBUG] ytcrawl: [PT] views 실패 :: int() argument must be a string, a bytes-like object or a real number, not 'NoneType'
2025-09-15 22:10:23,221 [DEBUG] ytcrawl: [PT] length 실패 :: int() argument must be a string, a bytes-like object or a real number, not 'NoneType'
2025-09-15 22:10:23,892 [INFO] ytcrawl: [CAP] 'a.ko' 발견 → 원문 사용
2025-09-15 22:10:24,020 [DEBUG] ytcrawl: [HTTP] GET https://www.youtube.com/watch?v=SVEF8Z1VIjU&hl=ko&gl=KR&persist_hl=1&persist_gl=1 -> 200, len=1018998
2025-09-15 22:10:24,047 [INFO] ytcrawl: [SUBS][WATCH] channel=UCdtC3GNj0Df3LkU1QJQqjEg text='구독자 37.4만명' -> 374000
2025-09-15 22:10:24,091 [DEBUG] ytcrawl: [HTTP] GET https://www.youtube.com/watch?v=wgmV6Mxw-vs&hl=ko&gl=KR&persist_hl=1&persist_gl=1 -> 200, len=1400379
2025-09-15 22:10:24,123 [INFO] ytcrawl: [SUBS][WATCH] channel=UCpxDmsNgDUoTU7StWkdYlTg text='구독자 8.46천명' -> 8460
2025-09-15 22:10:24,213 [DEBUG] ytcrawl: [CAP][PR] GET https://www.youtube.com/api/timedtext?v=wgmV6Mxw-vs&ei=PhDIaLPdCpOH29gPuZqemAc&caps=asr&opi=112496729&exp=xpe&xoaf=5&xowf=1&hl=en&ip=0.0.0.0&ipbits=0&expire=1757967022&sparams=ip,ipbits,expire,v,ei,caps,opi,exp,xoaf&signature=EB7D77DB94CE47BB12B21FE365B2545356608761.1B4CE7DBEB33B2220B8BE4B2AC965845C2476176&key=yt8&kind=asr&lang=ko&fmt=srv3 -> 200, len=0
2025-09-15 22:10:24,213 [INFO] ytcrawl: [CAP] XML 자막 미확보
2025-09-15 22:10:24,215 [INFO] ytcrawl: [CAP] 파싱 성공: lines=227, text_len=4383
2025-09-15 22:10:24,215 [INFO] ytcrawl: [VIDEO] 완료: id=wgmV6Mxw-vs, views=107757, subs=8460, cap_len=0, form=롱폼
2025-09-15 22:10:24,215 [INFO] ytcrawl: [VIDEO] 완료: id=mqBDxwlxdQM, views=892, subs=6050, cap_len=4383, form=롱폼
2025-09-15 22:10:24,215 [INFO] ytcrawl: [VIDEO] 시작: id=pfgplnATGVc url=https://www.youtube.com/watch?v=pfgplnATGVc
2025-09-15 22:10:24,217 [INFO] ytcrawl: [VIDEO] 시작: id=FOj9nkZsjhc url=https://www.youtube.com/watch?v=FOj9nkZsjhc
2025-09-15 22:10:24,258 [DEBUG] ytcrawl: [HTTP] GET https://www.youtube.com/watch?v=YPvE92CF_xQ&hl=ko&gl=KR&persist_hl=1&persist_gl=1 -> 200, len=1032704
2025-09-15 22:10:24,289 [INFO] ytcrawl: [SUBS][WATCH] channel=UCl3ecG8YVKG0VXEDSdYPDDg text='구독자 1110만명' -> 11100000
2025-09-15 22:10:24,391 [DEBUG] ytcrawl: [CAP][PR] GET https://www.youtube.com/api/timedtext?v=SVEF8Z1VIjU&ei=PhDIaJm7E-SDvcAP9Zr5wAg&caps=asr&opi=112496729&exp=xpe&xoaf=5&xowf=1&xospf=1&hl=en&ip=0.0.0.0&ipbits=0&expire=1757967022&sparams=ip,ipbits,expire,v,ei,caps,opi,exp,xoaf&signature=A2EBE75D5A6E68455D29765312F8D1B15E023348.A419F864B6E50B0B84720BEAEFD7E56823980CB1&key=yt8&kind=asr&lang=hi&fmt=srv3&tlang=ko -> 429, len=1103
2025-09-15 22:10:24,392 [INFO] ytcrawl: [CAP] XML 자막 미확보
2025-09-15 22:10:24,392 [INFO] ytcrawl: [VIDEO] 완료: id=SVEF8Z1VIjU, views=4686686, subs=374000, cap_len=0, form=쇼츠
2025-09-15 22:10:24,392 [INFO] ytcrawl: [VIDEO] 시작: id=GrTYeHXMsJw url=https://www.youtube.com/watch?v=GrTYeHXMsJw
2025-09-15 22:10:24,694 [DEBUG] ytcrawl: [HTTP] GET https://www.youtube.com/watch?v=h7Q4qGR90nA&hl=ko&gl=KR&persist_hl=1&persist_gl=1 -> 200, len=1028288
2025-09-15 22:10:24,719 [INFO] ytcrawl: [SUBS][WATCH] channel=UCs0fiwjd8eOkxRGi74E8bCQ text='구독자 3.83만명' -> 38300
2025-09-15 22:10:24,720 [INFO] ytcrawl: [CAP] XML 자막 미확보
2025-09-15 22:10:24,720 [INFO] ytcrawl: [VIDEO] 완료: id=h7Q4qGR90nA, views=12399, subs=38300, cap_len=0, form=쇼츠
2025-09-15 22:10:24,720 [INFO] ytcrawl: [VIDEO] 시작: id=AqZo_Uy3hsw url=https://www.youtube.com/watch?v=AqZo_Uy3hsw
2025-09-15 22:10:24,953 [DEBUG] ytcrawl: [CAP][PR] GET https://www.youtube.com/api/timedtext?v=YPvE92CF_xQ&ei=PhDIaL3mJZGVvcAP9KGN6QI&caps=asr&opi=112496729&exp=xpe&xoaf=5&xowf=1&xospf=1&hl=en&ip=0.0.0.0&ipbits=0&expire=1757967022&sparams=ip,ipbits,expire,v,ei,caps,opi,exp,xoaf&signature=B83DBA1FB7E120B09029A58C8A9AC2D94E6279F9.CA3911B4B924DE8D37AAA9B076C263B1726BF0F3&key=yt8&kind=asr&lang=hi&fmt=srv3&tlang=ko -> 429, len=1103
2025-09-15 22:10:24,953 [INFO] ytcrawl: [CAP] XML 자막 미확보
2025-09-15 22:10:24,953 [INFO] ytcrawl: [VIDEO] 완료: id=YPvE92CF_xQ, views=120122, subs=11100000, cap_len=0, form=쇼츠
2025-09-15 22:10:24,953 [INFO] ytcrawl: [VIDEO] 시작: id=_6n-aX0jBB4 url=https://www.youtube.com/watch?v=_6n-aX0jBB4
2025-09-15 22:10:25,202 [INFO] ytcrawl: [CAP] 'ko' 발견 → 원문 사용
2025-09-15 22:10:25,305 [INFO] ytcrawl: [CAP] 'a.ko' 발견 → 원문 사용
2025-09-15 22:10:25,399 [INFO] ytcrawl: [CAP] 파싱 성공: lines=23, text_len=1115
2025-09-15 22:10:25,399 [INFO] ytcrawl: [VIDEO] 완료: id=-3PIHxrCvxw, views=1362, subs=10300, cap_len=1115, form=롱폼
2025-09-15 22:10:25,399 [INFO] ytcrawl: [VIDEO] 시작: id=3FH8lcc5O54 url=https://www.youtube.com/watch?v=3FH8lcc5O54
2025-09-15 22:10:25,584 [DEBUG] ytcrawl: [HTTP] GET https://www.youtube.com/watch?v=nGoVrL2x_rM&hl=ko&gl=KR&persist_hl=1&persist_gl=1 -> 200, len=1096960
2025-09-15 22:10:25,620 [INFO] ytcrawl: [SUBS][WATCH] channel=UCETrH7eSASyN_MZsSKAybcQ text='구독자 2.79천명' -> 2790
2025-09-15 22:10:25,622 [INFO] ytcrawl: [CAP] 파싱 성공: lines=164, text_len=2775
2025-09-15 22:10:25,622 [INFO] ytcrawl: [VIDEO] 완료: id=duFbqcKcKYM, views=2670, subs=11000, cap_len=2775, form=롱폼
2025-09-15 22:10:25,622 [INFO] ytcrawl: [VIDEO] 시작: id=6QPa6luO-eY url=https://www.youtube.com/watch?v=6QPa6luO-eY
2025-09-15 22:10:25,838 [DEBUG] ytcrawl: [PT] title 실패 :: Exception while accessing title of https://youtube.com/watch?v=FOj9nkZsjhc. Please file a bug report at https://github.com/pytube/pytube
2025-09-15 22:10:25,839 [DEBUG] ytcrawl: [PT] views 실패 :: int() argument must be a string, a bytes-like object or a real number, not 'NoneType'
2025-09-15 22:10:25,844 [DEBUG] ytcrawl: [PT] length 실패 :: int() argument must be a string, a bytes-like object or a real number, not 'NoneType'
2025-09-15 22:10:26,293 [INFO] ytcrawl: [CAP] 'a.ko' 발견 → 원문 사용
2025-09-15 22:10:26,370 [INFO] ytcrawl: [CAP] 'a.ko' 발견 → 원문 사용
2025-09-15 22:10:26,623 [INFO] ytcrawl: [CAP] 'a.ko' 발견 → 원문 사용
2025-09-15 22:10:26,632 [INFO] ytcrawl: [CAP] 파싱 성공: lines=22, text_len=415
2025-09-15 22:10:26,632 [INFO] ytcrawl: [VIDEO] 완료: id=GrTYeHXMsJw, views=33516, subs=842, cap_len=415, form=쇼츠
2025-09-15 22:10:26,632 [INFO] ytcrawl: [VIDEO] 시작: id=wLM3Ywx8n0I url=https://www.youtube.com/watch?v=wLM3Ywx8n0I
2025-09-15 22:10:26,670 [INFO] ytcrawl: [CAP] 파싱 성공: lines=183, text_len=3449
2025-09-15 22:10:26,671 [INFO] ytcrawl: [VIDEO] 완료: id=nGoVrL2x_rM, views=41616, subs=2790, cap_len=3449, form=롱폼
2025-09-15 22:10:26,671 [INFO] ytcrawl: [VIDEO] 시작: id=aHne87wMzF0 url=https://www.youtube.com/watch?v=aHne87wMzF0
2025-09-15 22:10:26,755 [DEBUG] ytcrawl: [HTTP] GET https://www.youtube.com/watch?v=FOj9nkZsjhc&hl=ko&gl=KR&persist_hl=1&persist_gl=1 -> 200, len=1024852
2025-09-15 22:10:26,783 [INFO] ytcrawl: [SUBS][WATCH] channel=UCMlcC5lER2UX4xznISbNXaQ text='구독자 48명' -> 48
2025-09-15 22:10:26,829 [DEBUG] ytcrawl: [PT] title 실패 :: Exception while accessing title of https://youtube.com/watch?v=3FH8lcc5O54. Please file a bug report at https://github.com/pytube/pytube
2025-09-15 22:10:26,830 [DEBUG] ytcrawl: [PT] views 실패 :: int() argument must be a string, a bytes-like object or a real number, not 'NoneType'
2025-09-15 22:10:26,838 [DEBUG] ytcrawl: [PT] length 실패 :: int() argument must be a string, a bytes-like object or a real number, not 'NoneType'
2025-09-15 22:10:26,840 [DEBUG] ytcrawl: [SUBS] channel_id 미확보
2025-09-15 22:10:26,840 [INFO] ytcrawl: [CAP] XML 자막 미확보
2025-09-15 22:10:26,840 [INFO] ytcrawl: [VIDEO] 완료: id=3FH8lcc5O54, views=0, subs=0, cap_len=0, form=롱폼
2025-09-15 22:10:26,840 [INFO] ytcrawl: [VIDEO] 시작: id=q6tfKOlSS38 url=https://www.youtube.com/watch?v=q6tfKOlSS38
2025-09-15 22:10:26,871 [DEBUG] ytcrawl: [CAP][PR] GET https://www.youtube.com/api/timedtext?v=FOj9nkZsjhc&ei=QBDIaNO0McmSvcAP5fG8gA8&caps=asr&opi=112496729&exp=xpe&xoaf=5&xospf=1&hl=en&ip=0.0.0.0&ipbits=0&expire=1757967024&sparams=ip,ipbits,expire,v,ei,caps,opi,exp,xoaf&signature=DDB564819D6D5AD00CBAC2AF5B4577197F00F6EF.A999E2991382116B95FC465B19473A622E0EDD24&key=yt8&kind=asr&lang=ko&fmt=srv3 -> 200, len=0
2025-09-15 22:10:26,871 [INFO] ytcrawl: [CAP] XML 자막 미확보
2025-09-15 22:10:26,871 [INFO] ytcrawl: [VIDEO] 완료: id=FOj9nkZsjhc, views=418, subs=48, cap_len=0, form=쇼츠
2025-09-15 22:10:26,871 [INFO] ytcrawl: [VIDEO] 시작: id=ZnsIp0_Mk28 url=https://www.youtube.com/watch?v=ZnsIp0_Mk28
2025-09-15 22:10:27,100 [INFO] ytcrawl: [CAP] 파싱 성공: lines=238, text_len=4561
2025-09-15 22:10:27,102 [INFO] ytcrawl: [VIDEO] 완료: id=AqZo_Uy3hsw, views=22013, subs=45300, cap_len=4561, form=롱폼
2025-09-15 22:10:27,102 [INFO] ytcrawl: [VIDEO] 시작: id=D_5EHu3vQH8 url=https://www.youtube.com/watch?v=D_5EHu3vQH8
2025-09-15 22:10:27,466 [DEBUG] ytcrawl: [PT] title 실패 :: Exception while accessing title of https://youtube.com/watch?v=6QPa6luO-eY. Please file a bug report at https://github.com/pytube/pytube
2025-09-15 22:10:27,466 [DEBUG] ytcrawl: [PT] views 실패 :: int() argument must be a string, a bytes-like object or a real number, not 'NoneType'
2025-09-15 22:10:27,475 [DEBUG] ytcrawl: [PT] length 실패 :: int() argument must be a string, a bytes-like object or a real number, not 'NoneType'
2025-09-15 22:10:27,477 [DEBUG] ytcrawl: [SUBS] channel_id 미확보
2025-09-15 22:10:27,477 [INFO] ytcrawl: [CAP] XML 자막 미확보
2025-09-15 22:10:27,478 [INFO] ytcrawl: [VIDEO] 완료: id=6QPa6luO-eY, views=0, subs=0, cap_len=0, form=롱폼
2025-09-15 22:10:27,478 [INFO] ytcrawl: [VIDEO] 시작: id=GL9apGiNowg url=https://www.youtube.com/watch?v=GL9apGiNowg
2025-09-15 22:10:27,653 [DEBUG] ytcrawl: [PT] title 실패 :: Exception while accessing title of https://youtube.com/watch?v=pfgplnATGVc. Please file a bug report at https://github.com/pytube/pytube
2025-09-15 22:10:27,653 [DEBUG] ytcrawl: [PT] views 실패 :: int() argument must be a string, a bytes-like object or a real number, not 'NoneType'
2025-09-15 22:10:27,666 [DEBUG] ytcrawl: [PT] length 실패 :: int() argument must be a string, a bytes-like object or a real number, not 'NoneType'
2025-09-15 22:10:27,669 [DEBUG] ytcrawl: [SUBS] channel_id 미확보
2025-09-15 22:10:27,669 [INFO] ytcrawl: [CAP] XML 자막 미확보
2025-09-15 22:10:27,669 [INFO] ytcrawl: [VIDEO] 완료: id=pfgplnATGVc, views=0, subs=0, cap_len=0, form=롱폼
2025-09-15 22:10:27,670 [INFO] ytcrawl: [VIDEO] 시작: id=dunnWZdGO78 url=https://www.youtube.com/watch?v=dunnWZdGO78
2025-09-15 22:10:28,031 [DEBUG] ytcrawl: [HTTP] GET https://www.youtube.com/watch?v=_6n-aX0jBB4&hl=ko&gl=KR&persist_hl=1&persist_gl=1 -> 200, len=1538622
2025-09-15 22:10:28,081 [INFO] ytcrawl: [SUBS][WATCH] channel=UCBA-HfMnzKapU1ToFwOGuvA text='구독자 6.27천명' -> 6270
2025-09-15 22:10:28,255 [DEBUG] ytcrawl: [PT] title 실패 :: Exception while accessing title of https://youtube.com/watch?v=aHne87wMzF0. Please file a bug report at https://github.com/pytube/pytube
2025-09-15 22:10:28,255 [DEBUG] ytcrawl: [PT] views 실패 :: int() argument must be a string, a bytes-like object or a real number, not 'NoneType'
2025-09-15 22:10:28,266 [DEBUG] ytcrawl: [PT] length 실패 :: int() argument must be a string, a bytes-like object or a real number, not 'NoneType'
2025-09-15 22:10:28,268 [DEBUG] ytcrawl: [SUBS] channel_id 미확보
2025-09-15 22:10:28,269 [INFO] ytcrawl: [CAP] XML 자막 미확보
2025-09-15 22:10:28,269 [INFO] ytcrawl: [VIDEO] 완료: id=aHne87wMzF0, views=0, subs=0, cap_len=0, form=롱폼
2025-09-15 22:10:28,269 [INFO] ytcrawl: [VIDEO] 시작: id=vieBGbP66b8 url=https://www.youtube.com/watch?v=vieBGbP66b8
2025-09-15 22:10:28,392 [DEBUG] ytcrawl: [PT] title 실패 :: Exception while accessing title of https://youtube.com/watch?v=q6tfKOlSS38. Please file a bug report at https://github.com/pytube/pytube
2025-09-15 22:10:28,393 [DEBUG] ytcrawl: [PT] views 실패 :: int() argument must be a string, a bytes-like object or a real number, not 'NoneType'
2025-09-15 22:10:28,403 [DEBUG] ytcrawl: [PT] length 실패 :: int() argument must be a string, a bytes-like object or a real number, not 'NoneType'
2025-09-15 22:10:28,405 [DEBUG] ytcrawl: [SUBS] channel_id 미확보
2025-09-15 22:10:28,405 [INFO] ytcrawl: [CAP] XML 자막 미확보
2025-09-15 22:10:28,406 [INFO] ytcrawl: [VIDEO] 완료: id=q6tfKOlSS38, views=0, subs=0, cap_len=0, form=롱폼
2025-09-15 22:10:28,406 [INFO] ytcrawl: [VIDEO] 시작: id=WxLgquWcVWQ url=https://www.youtube.com/watch?v=WxLgquWcVWQ
2025-09-15 22:10:28,446 [INFO] ytcrawl: [CAP] 'a.ko' 발견 → 원문 사용
2025-09-15 22:10:28,461 [DEBUG] ytcrawl: [PT] title 실패 :: Exception while accessing title of https://youtube.com/watch?v=ZnsIp0_Mk28. Please file a bug report at https://github.com/pytube/pytube
2025-09-15 22:10:28,461 [DEBUG] ytcrawl: [PT] views 실패 :: int() argument must be a string, a bytes-like object or a real number, not 'NoneType'
2025-09-15 22:10:28,467 [DEBUG] ytcrawl: [PT] length 실패 :: int() argument must be a string, a bytes-like object or a real number, not 'NoneType'
2025-09-15 22:10:28,552 [DEBUG] ytcrawl: [CAP][PR] GET https://www.youtube.com/api/timedtext?v=ZnsIp0_Mk28&ei=QxDIaPHKIIeMvcAP9ePjKQ&caps=asr&opi=112496729&exp=xpe&xoaf=5&hl=en&ip=0.0.0.0&ipbits=0&expire=1757967027&sparams=ip,ipbits,expire,v,ei,caps,opi,exp,xoaf&signature=6A3999B15A532B7C26792B44AEBF4A86A8DA6919.343E6352484ACC78D2232E7B2A8773F00765A572&key=yt8&kind=asr&lang=ko&fmt=srv3 -> 200, len=0
2025-09-15 22:10:28,554 [INFO] ytcrawl: [CAP] XML 자막 미확보
2025-09-15 22:10:28,555 [INFO] ytcrawl: [VIDEO] 완료: id=ZnsIp0_Mk28, views=23764, subs=135000, cap_len=0, form=롱폼
2025-09-15 22:10:28,555 [INFO] ytcrawl: [VIDEO] 시작: id=BSYLzbhy1hw url=https://www.youtube.com/watch?v=BSYLzbhy1hw
2025-09-15 22:10:28,717 [INFO] ytcrawl: [CAP] 파싱 성공: lines=337, text_len=5205
2025-09-15 22:10:28,718 [INFO] ytcrawl: [VIDEO] 완료: id=_6n-aX0jBB4, views=188469, subs=6270, cap_len=5205, form=롱폼
2025-09-15 22:10:28,718 [INFO] ytcrawl: [VIDEO] 시작: id=aitn5H-pIGc url=https://www.youtube.com/watch?v=aitn5H-pIGc
2025-09-15 22:10:29,530 [DEBUG] ytcrawl: [HTTP] GET https://www.youtube.com/watch?v=wLM3Ywx8n0I&hl=ko&gl=KR&persist_hl=1&persist_gl=1 -> 200, len=1697613
2025-09-15 22:10:29,577 [INFO] ytcrawl: [SUBS][WATCH] channel=UC-9TtVKtRYWT3_iD2LIsR7g text='구독자 15.1만명' -> 151000
2025-09-15 22:10:29,825 [INFO] ytcrawl: [CAP] 'a.ko' 발견 → 원문 사용
2025-09-15 22:10:29,899 [DEBUG] ytcrawl: [HTTP] GET https://www.youtube.com/watch?v=D_5EHu3vQH8&hl=ko&gl=KR&persist_hl=1&persist_gl=1 -> 200, len=1024727
2025-09-15 22:10:29,929 [INFO] ytcrawl: [SUBS][WATCH] channel=UCsde0VylQg9xLX7xCDL4L_g text='구독자 5.4만명' -> 54000
2025-09-15 22:10:29,935 [DEBUG] ytcrawl: [PT] title 실패 :: Exception while accessing title of https://youtube.com/watch?v=WxLgquWcVWQ. Please file a bug report at https://github.com/pytube/pytube
2025-09-15 22:10:29,935 [DEBUG] ytcrawl: [PT] views 실패 :: int() argument must be a string, a bytes-like object or a real number, not 'NoneType'
2025-09-15 22:10:29,949 [DEBUG] ytcrawl: [PT] length 실패 :: int() argument must be a string, a bytes-like object or a real number, not 'NoneType'
2025-09-15 22:10:29,952 [DEBUG] ytcrawl: [SUBS] channel_id 미확보
2025-09-15 22:10:29,952 [INFO] ytcrawl: [CAP] XML 자막 미확보
2025-09-15 22:10:29,952 [INFO] ytcrawl: [VIDEO] 완료: id=WxLgquWcVWQ, views=0, subs=0, cap_len=0, form=롱폼
2025-09-15 22:10:29,952 [INFO] ytcrawl: [VIDEO] 시작: id=uXfy5U8BfvA url=https://www.youtube.com/watch?v=uXfy5U8BfvA
2025-09-15 22:10:30,065 [INFO] ytcrawl: [CAP] 'a.ko' 발견 → 원문 사용
2025-09-15 22:10:30,102 [INFO] ytcrawl: [CAP] 파싱 성공: lines=221, text_len=4215
2025-09-15 22:10:30,102 [INFO] ytcrawl: [VIDEO] 완료: id=GL9apGiNowg, views=28001, subs=45300, cap_len=4215, form=롱폼
2025-09-15 22:10:30,102 [INFO] ytcrawl: [VIDEO] 시작: id=S_Q__Zvc43E url=https://www.youtube.com/watch?v=S_Q__Zvc43E
2025-09-15 22:10:30,167 [DEBUG] ytcrawl: [HTTP] GET https://www.youtube.com/watch?v=dunnWZdGO78&hl=ko&gl=KR&persist_hl=1&persist_gl=1 -> 200, len=1264958
2025-09-15 22:10:30,211 [INFO] ytcrawl: [SUBS][WATCH] channel=UColcluiJSqE1tF_w2KUKPhQ text='구독자 5.7만명' -> 57000
2025-09-15 22:10:30,224 [INFO] ytcrawl: [CAP] 'a.ko' 발견 → 원문 사용
2025-09-15 22:10:30,439 [INFO] ytcrawl: [CAP] 파싱 성공: lines=5, text_len=28
2025-09-15 22:10:30,439 [INFO] ytcrawl: [VIDEO] 완료: id=D_5EHu3vQH8, views=118929, subs=54000, cap_len=28, form=쇼츠
2025-09-15 22:10:30,440 [INFO] ytcrawl: [VIDEO] 시작: id=in32v0UIB0U url=https://www.youtube.com/watch?v=in32v0UIB0U
2025-09-15 22:10:30,483 [INFO] ytcrawl: [CAP] 파싱 성공: lines=758, text_len=14439
2025-09-15 22:10:30,483 [INFO] ytcrawl: [VIDEO] 완료: id=wLM3Ywx8n0I, views=56133, subs=151000, cap_len=14439, form=롱폼
2025-09-15 22:10:30,483 [INFO] ytcrawl: [VIDEO] 시작: id=y1ejwPm9yKQ url=https://www.youtube.com/watch?v=y1ejwPm9yKQ
2025-09-15 22:10:30,490 [INFO] ytcrawl: [CAP] 'a.ko' 발견 → 원문 사용
2025-09-15 22:10:30,717 [INFO] ytcrawl: [CAP] 파싱 성공: lines=25, text_len=470
2025-09-15 22:10:30,717 [INFO] ytcrawl: [VIDEO] 완료: id=dunnWZdGO78, views=164043, subs=57000, cap_len=470, form=쇼츠
2025-09-15 22:10:30,717 [INFO] ytcrawl: [VIDEO] 시작: id=Nok0Yu_VhZ8 url=https://www.youtube.com/watch?v=Nok0Yu_VhZ8
2025-09-15 22:10:30,976 [DEBUG] ytcrawl: [HTTP] GET https://www.youtube.com/watch?v=BSYLzbhy1hw&hl=ko&gl=KR&persist_hl=1&persist_gl=1 -> 200, len=1014138
2025-09-15 22:10:31,005 [INFO] ytcrawl: [SUBS][WATCH] channel=UCWSi7db-mTtZGLbONzZGl9Q text='구독자 341만명' -> 3410000
2025-09-15 22:10:31,006 [INFO] ytcrawl: [CAP] XML 자막 미확보
2025-09-15 22:10:31,006 [INFO] ytcrawl: [VIDEO] 완료: id=BSYLzbhy1hw, views=1936429, subs=3410000, cap_len=0, form=쇼츠
2025-09-15 22:10:31,006 [INFO] ytcrawl: [VIDEO] 시작: id=YcKZgbzJkJI url=https://www.youtube.com/watch?v=YcKZgbzJkJI
2025-09-15 22:10:31,487 [DEBUG] ytcrawl: [HTTP] GET https://www.youtube.com/watch?v=aitn5H-pIGc&hl=ko&gl=KR&persist_hl=1&persist_gl=1 -> 200, len=1126678
2025-09-15 22:10:31,522 [INFO] ytcrawl: [SUBS][WATCH] channel=UCYp5nsUn0roI2oir1ghDigQ text='구독자 8.63천명' -> 8630
2025-09-15 22:10:31,657 [DEBUG] ytcrawl: [PT] title 실패 :: Exception while accessing title of https://youtube.com/watch?v=uXfy5U8BfvA. Please file a bug report at https://github.com/pytube/pytube
2025-09-15 22:10:31,657 [DEBUG] ytcrawl: [PT] views 실패 :: int() argument must be a string, a bytes-like object or a real number, not 'NoneType'
2025-09-15 22:10:31,663 [DEBUG] ytcrawl: [PT] length 실패 :: int() argument must be a string, a bytes-like object or a real number, not 'NoneType'
2025-09-15 22:10:31,738 [INFO] ytcrawl: [CAP] 'a.ko' 발견 → 원문 사용
2025-09-15 22:10:31,749 [DEBUG] ytcrawl: [CAP][PR] GET https://www.youtube.com/api/timedtext?v=uXfy5U8BfvA&ei=RhDIaI70Ja_g29gPlPyFmAc&caps=asr&opi=112496729&exp=xpe&xoaf=5&xowf=1&hl=en&ip=0.0.0.0&ipbits=0&expire=1757967030&sparams=ip,ipbits,expire,v,ei,caps,opi,exp,xoaf&signature=DD08F424768431B1AAE70C8AF8F4C31EBB8C778F.849E658F1C342F67FC4F73B26A63A871AF192337&key=yt8&kind=asr&lang=ko&fmt=srv3 -> 200, len=0
2025-09-15 22:10:31,749 [INFO] ytcrawl: [CAP] XML 자막 미확보
2025-09-15 22:10:31,749 [INFO] ytcrawl: [VIDEO] 완료: id=uXfy5U8BfvA, views=247614, subs=102000, cap_len=0, form=롱폼
2025-09-15 22:10:31,749 [INFO] ytcrawl: [VIDEO] 시작: id=lxomK7gvue8 url=https://www.youtube.com/watch?v=lxomK7gvue8
2025-09-15 22:10:31,796 [DEBUG] ytcrawl: [HTTP] GET https://www.youtube.com/watch?v=vieBGbP66b8&hl=ko&gl=KR&persist_hl=1&persist_gl=1 -> 200, len=1019242
2025-09-15 22:10:31,822 [INFO] ytcrawl: [SUBS][WATCH] channel=UCSM4h4BqWWWW06943FdyQIQ text='구독자 48만명' -> 480000
2025-09-15 22:10:32,006 [INFO] ytcrawl: [CAP] 파싱 성공: lines=5, text_len=56
2025-09-15 22:10:32,006 [INFO] ytcrawl: [VIDEO] 완료: id=aitn5H-pIGc, views=266, subs=8630, cap_len=56, form=쇼츠
2025-09-15 22:10:32,006 [INFO] ytcrawl: [VIDEO] 시작: id=2kP637gNVbM url=https://www.youtube.com/watch?v=2kP637gNVbM
2025-09-15 22:10:32,243 [DEBUG] ytcrawl: [CAP][PR] GET https://www.youtube.com/api/timedtext?v=vieBGbP66b8&ei=RRDIaI2WHY2BvcAP5YmW2A4&caps=asr&opi=112496729&exp=xpe&xoaf=5&xospf=1&hl=en&ip=0.0.0.0&ipbits=0&expire=1757967029&sparams=ip,ipbits,expire,v,ei,caps,opi,exp,xoaf&signature=2467FAEE4DAC91E4698E58D8A77B1DEBF1362B24.50D23A8190CEECCAFC27FEE2705618BED5A258B7&key=yt8&kind=asr&lang=hi&fmt=srv3&tlang=ko -> 429, len=1103
2025-09-15 22:10:32,243 [INFO] ytcrawl: [CAP] XML 자막 미확보
2025-09-15 22:10:32,243 [INFO] ytcrawl: [VIDEO] 완료: id=vieBGbP66b8, views=388460, subs=480000, cap_len=0, form=쇼츠
2025-09-15 22:10:32,244 [INFO] ytcrawl: [VIDEO] 시작: id=gLAlDybsIpU url=https://www.youtube.com/watch?v=gLAlDybsIpU
2025-09-15 22:10:32,333 [DEBUG] ytcrawl: [HTTP] GET https://www.youtube.com/watch?v=S_Q__Zvc43E&hl=ko&gl=KR&persist_hl=1&persist_gl=1 -> 200, len=1364354
2025-09-15 22:10:32,362 [INFO] ytcrawl: [SUBS][WATCH] channel=UCQ-5l1s3o0HDjEUaqlE8MvQ text='구독자 4.23만명' -> 42300
2025-09-15 22:10:32,564 [INFO] ytcrawl: [CAP] 'ko' 발견 → 원문 사용
2025-09-15 22:10:32,728 [INFO] ytcrawl: [CAP] 'a.ko' 발견 → 원문 사용
2025-09-15 22:10:32,809 [INFO] ytcrawl: [CAP] 파싱 성공: lines=41, text_len=1026
2025-09-15 22:10:32,810 [INFO] ytcrawl: [VIDEO] 완료: id=S_Q__Zvc43E, views=19885, subs=42300, cap_len=1026, form=롱폼
2025-09-15 22:10:32,810 [INFO] ytcrawl: [VIDEO] 시작: id=n71aV0h4dBQ url=https://www.youtube.com/watch?v=n71aV0h4dBQ
2025-09-15 22:10:32,844 [DEBUG] ytcrawl: [HTTP] GET https://www.youtube.com/watch?v=y1ejwPm9yKQ&hl=ko&gl=KR&persist_hl=1&persist_gl=1 -> 200, len=1064196
2025-09-15 22:10:32,874 [INFO] ytcrawl: [SUBS][WATCH] channel=UCbBeXhXb0a9lqCDDnLrr2pQ text='구독자 7.18만명' -> 71800
2025-09-15 22:10:33,004 [INFO] ytcrawl: [CAP] 파싱 성공: lines=73, text_len=2180
2025-09-15 22:10:33,004 [INFO] ytcrawl: [VIDEO] 완료: id=in32v0UIB0U, views=35688, subs=135000, cap_len=2180, form=롱폼
2025-09-15 22:10:33,004 [INFO] ytcrawl: [VIDEO] 시작: id=IOq0hFRzGf4 url=https://www.youtube.com/watch?v=IOq0hFRzGf4
2025-09-15 22:10:33,281 [DEBUG] ytcrawl: [CAP] 번역(a.en) 응답: 429, len=1103
2025-09-15 22:10:33,410 [DEBUG] ytcrawl: [HTTP] GET https://www.youtube.com/watch?v=Nok0Yu_VhZ8&hl=ko&gl=KR&persist_hl=1&persist_gl=1 -> 200, len=1533981
2025-09-15 22:10:33,443 [INFO] ytcrawl: [SUBS][WATCH] channel=UCCZEqe3-h1IKKsMLNIZmJ1A text='구독자 6.13만명' -> 61300
2025-09-15 22:10:33,805 [INFO] ytcrawl: [CAP] 'a.ko' 발견 → 원문 사용
2025-09-15 22:10:33,878 [INFO] ytcrawl: [CAP] 'a.ko' 발견 → 원문 사용
2025-09-15 22:10:33,910 [DEBUG] ytcrawl: [CAP][PR] GET https://www.youtube.com/api/timedtext?v=y1ejwPm9yKQ&ei=RxDIaK6tD_CtvcAP9uiH0QI&caps=asr&opi=112496729&exp=xpe&xoaf=1&xoadf=4&hl=en&ip=0.0.0.0&ipbits=0&expire=1757967031&sparams=ip,ipbits,expire,v,ei,caps,opi,exp,xoaf,xoadf&signature=54BB879CD903A8E744DC4F1B7D2E9A62405612BF.895E6BED0508EBA9C578E9BCAE4FF480639AA3D3&key=yt8&kind=asr&lang=en&fmt=srv3&tlang=ko -> 429, len=1103
2025-09-15 22:10:33,910 [INFO] ytcrawl: [CAP] XML 자막 미확보
2025-09-15 22:10:33,910 [INFO] ytcrawl: [VIDEO] 완료: id=y1ejwPm9yKQ, views=277941, subs=71800, cap_len=0, form=쇼츠
2025-09-15 22:10:33,910 [INFO] ytcrawl: [VIDEO] 시작: id=dF5HKYA4mKQ url=https://www.youtube.com/watch?v=dF5HKYA4mKQ
2025-09-15 22:10:34,004 [DEBUG] ytcrawl: [HTTP] GET https://www.youtube.com/watch?v=YcKZgbzJkJI&hl=ko&gl=KR&persist_hl=1&persist_gl=1 -> 200, len=1489229
2025-09-15 22:10:34,036 [INFO] ytcrawl: [SUBS][WATCH] channel=UCg0D4XIQicbay1Jhq_feliw text='구독자 3.5만명' -> 35000
2025-09-15 22:10:34,216 [INFO] ytcrawl: [CAP] 파싱 성공: lines=517, text_len=9740
2025-09-15 22:10:34,216 [INFO] ytcrawl: [VIDEO] 완료: id=lxomK7gvue8, views=14869, subs=39100, cap_len=9740, form=롱폼
2025-09-15 22:10:34,216 [INFO] ytcrawl: [VIDEO] 시작: id=WVaZgN_pnkg url=https://www.youtube.com/watch?v=WVaZgN_pnkg
2025-09-15 22:10:34,247 [INFO] ytcrawl: [CAP] 파싱 성공: lines=123, text_len=2076
2025-09-15 22:10:34,248 [INFO] ytcrawl: [VIDEO] 완료: id=Nok0Yu_VhZ8, views=17295, subs=61300, cap_len=2076, form=롱폼
2025-09-15 22:10:34,248 [INFO] ytcrawl: [VIDEO] 시작: id=FcY9MbUJm8E url=https://www.youtube.com/watch?v=FcY9MbUJm8E
2025-09-15 22:10:34,344 [INFO] ytcrawl: [CAP] 'a.ko' 발견 → 원문 사용
2025-09-15 22:10:34,585 [INFO] ytcrawl: [CAP] 파싱 성공: lines=107, text_len=2005
2025-09-15 22:10:34,585 [INFO] ytcrawl: [VIDEO] 완료: id=YcKZgbzJkJI, views=123851, subs=35000, cap_len=2005, form=롱폼
2025-09-15 22:10:34,585 [INFO] ytcrawl: [VIDEO] 시작: id=5q-84HD6EjM url=https://www.youtube.com/watch?v=5q-84HD6EjM
2025-09-15 22:10:34,653 [DEBUG] ytcrawl: [HTTP] GET https://www.youtube.com/watch?v=gLAlDybsIpU&hl=ko&gl=KR&persist_hl=1&persist_gl=1 -> 200, len=1499852
2025-09-15 22:10:34,693 [INFO] ytcrawl: [SUBS][WATCH] channel=UC9QP1d61Q9J-qz8jpZnXjfw text='구독자 2.38천명' -> 2380
2025-09-15 22:10:34,703 [DEBUG] ytcrawl: [HTTP] GET https://www.youtube.com/watch?v=2kP637gNVbM&hl=ko&gl=KR&persist_hl=1&persist_gl=1 -> 200, len=1885625
2025-09-15 22:10:34,769 [INFO] ytcrawl: [SUBS][WATCH] channel=UCqE12UfHbu4_8gW271tsb_g text='구독자 1.5만명' -> 15000
2025-09-15 22:10:34,906 [DEBUG] ytcrawl: [PT] title 실패 :: Exception while accessing title of https://youtube.com/watch?v=IOq0hFRzGf4. Please file a bug report at https://github.com/pytube/pytube
2025-09-15 22:10:34,906 [DEBUG] ytcrawl: [PT] views 실패 :: int() argument must be a string, a bytes-like object or a real number, not 'NoneType'
2025-09-15 22:10:34,912 [DEBUG] ytcrawl: [PT] length 실패 :: int() argument must be a string, a bytes-like object or a real number, not 'NoneType'
2025-09-15 22:10:34,994 [DEBUG] ytcrawl: [CAP][PR] GET https://www.youtube.com/api/timedtext?v=IOq0hFRzGf4&ei=SRDIaJnWKfmI29gP5sfKkQE&caps=asr&opi=112496729&exp=xpe&xoaf=5&hl=en&ip=0.0.0.0&ipbits=0&expire=1757967033&sparams=ip,ipbits,expire,v,ei,caps,opi,exp,xoaf&signature=59E4739C56BDD76DFE0295D662C3CF052115C314.E22FFA8D6F8B29BCEA1B99773F20845BD2435A18&key=yt8&kind=asr&lang=ko&fmt=srv3 -> 200, len=0
2025-09-15 22:10:34,994 [INFO] ytcrawl: [CAP] 'a.ko' 발견 → 원문 사용
2025-09-15 22:10:34,994 [INFO] ytcrawl: [CAP] XML 자막 미확보
2025-09-15 22:10:34,994 [INFO] ytcrawl: [VIDEO] 완료: id=IOq0hFRzGf4, views=46568, subs=39100, cap_len=0, form=롱폼
2025-09-15 22:10:34,994 [INFO] ytcrawl: [VIDEO] 시작: id=gFt71PT6phM url=https://www.youtube.com/watch?v=gFt71PT6phM
2025-09-15 22:10:35,097 [INFO] ytcrawl: [CAP] 'a.ko' 발견 → 원문 사용
2025-09-15 22:10:35,170 [INFO] ytcrawl: [CAP] 'a.ko' 발견 → 원문 사용
2025-09-15 22:10:35,326 [INFO] ytcrawl: [CAP] 파싱 성공: lines=179, text_len=3448
2025-09-15 22:10:35,327 [INFO] ytcrawl: [VIDEO] 완료: id=gLAlDybsIpU, views=3390, subs=2380, cap_len=3448, form=롱폼
2025-09-15 22:10:35,327 [INFO] ytcrawl: [VIDEO] 시작: id=koiSVB2AvxM url=https://www.youtube.com/watch?v=koiSVB2AvxM
2025-09-15 22:10:35,364 [INFO] ytcrawl: [CAP] 파싱 성공: lines=157, text_len=3021
2025-09-15 22:10:35,365 [INFO] ytcrawl: [VIDEO] 완료: id=n71aV0h4dBQ, views=23338, subs=6050, cap_len=3021, form=롱폼
2025-09-15 22:10:35,365 [INFO] ytcrawl: [VIDEO] 시작: id=8nML6B7poHM url=https://www.youtube.com/watch?v=8nML6B7poHM
2025-09-15 22:10:35,596 [DEBUG] ytcrawl: [PT] title 실패 :: Exception while accessing title of https://youtube.com/watch?v=dF5HKYA4mKQ. Please file a bug report at https://github.com/pytube/pytube
2025-09-15 22:10:35,596 [DEBUG] ytcrawl: [PT] views 실패 :: int() argument must be a string, a bytes-like object or a real number, not 'NoneType'
2025-09-15 22:10:35,609 [DEBUG] ytcrawl: [PT] length 실패 :: int() argument must be a string, a bytes-like object or a real number, not 'NoneType'
2025-09-15 22:10:35,611 [DEBUG] ytcrawl: [SUBS] channel_id 미확보
2025-09-15 22:10:35,611 [INFO] ytcrawl: [CAP] XML 자막 미확보
2025-09-15 22:10:35,611 [INFO] ytcrawl: [VIDEO] 완료: id=dF5HKYA4mKQ, views=0, subs=0, cap_len=0, form=롱폼
2025-09-15 22:10:35,612 [INFO] ytcrawl: [VIDEO] 시작: id=uDLZplacMu8 url=https://www.youtube.com/watch?v=uDLZplacMu8
2025-09-15 22:10:35,708 [INFO] ytcrawl: [CAP] 파싱 성공: lines=1327, text_len=25314
2025-09-15 22:10:35,708 [INFO] ytcrawl: [VIDEO] 완료: id=2kP637gNVbM, views=59779, subs=15000, cap_len=25314, form=롱폼
2025-09-15 22:10:35,708 [INFO] ytcrawl: [VIDEO] 시작: id=eZmriXgkhAs url=https://www.youtube.com/watch?v=eZmriXgkhAs
2025-09-15 22:10:36,139 [DEBUG] ytcrawl: [PT] title 실패 :: Exception while accessing title of https://youtube.com/watch?v=5q-84HD6EjM. Please file a bug report at https://github.com/pytube/pytube
2025-09-15 22:10:36,139 [DEBUG] ytcrawl: [PT] views 실패 :: int() argument must be a string, a bytes-like object or a real number, not 'NoneType'
2025-09-15 22:10:36,144 [DEBUG] ytcrawl: [PT] length 실패 :: int() argument must be a string, a bytes-like object or a real number, not 'NoneType'
2025-09-15 22:10:36,227 [DEBUG] ytcrawl: [CAP][PR] GET https://www.youtube.com/api/timedtext?v=5q-84HD6EjM&ei=SxDIaPHFDu7Zpt8Pz_jViAw&caps=asr&opi=112496729&exp=xpe&xoaf=5&hl=en&ip=0.0.0.0&ipbits=0&expire=1757967035&sparams=ip,ipbits,expire,v,ei,caps,opi,exp,xoaf&signature=34CBF48D398591D2238AB625DA5C0932ABD0CFE1.A9255D8913CC83287B037CC953F864F8E5393161&key=yt8&kind=asr&lang=ko&fmt=srv3 -> 200, len=0
2025-09-15 22:10:36,227 [INFO] ytcrawl: [CAP] XML 자막 미확보
2025-09-15 22:10:36,228 [INFO] ytcrawl: [VIDEO] 완료: id=5q-84HD6EjM, views=88693, subs=302000, cap_len=0, form=롱폼
2025-09-15 22:10:36,228 [INFO] ytcrawl: [VIDEO] 시작: id=kP4_gtyUlKM url=https://www.youtube.com/watch?v=kP4_gtyUlKM
2025-09-15 22:10:36,471 [DEBUG] ytcrawl: [HTTP] GET https://www.youtube.com/watch?v=FcY9MbUJm8E&hl=ko&gl=KR&persist_hl=1&persist_gl=1 -> 200, len=1009131
2025-09-15 22:10:36,498 [INFO] ytcrawl: [SUBS][WATCH] channel=UCYkfwFpcilWREaa6BuBn60g text='구독자 132명' -> 132
2025-09-15 22:10:36,645 [DEBUG] ytcrawl: [HTTP] GET https://www.youtube.com/watch?v=WVaZgN_pnkg&hl=ko&gl=KR&persist_hl=1&persist_gl=1 -> 200, len=1037572
2025-09-15 22:10:36,677 [INFO] ytcrawl: [SUBS][WATCH] channel=UCToyN6_ku7Wdbne0fKyBa2w text='구독자 88명' -> 88
2025-09-15 22:10:36,715 [INFO] ytcrawl: [CAP] 'a.ko' 발견 → 원문 사용
2025-09-15 22:10:36,833 [INFO] ytcrawl: [CAP] 'a.ko' 발견 → 원문 사용
2025-09-15 22:10:36,885 [INFO] ytcrawl: [CAP] 'a.ko' 발견 → 원문 사용
2025-09-15 22:10:36,895 [DEBUG] ytcrawl: [PT] title 실패 :: Exception while accessing title of https://youtube.com/watch?v=koiSVB2AvxM. Please file a bug report at https://github.com/pytube/pytube
2025-09-15 22:10:36,896 [DEBUG] ytcrawl: [PT] views 실패 :: int() argument must be a string, a bytes-like object or a real number, not 'NoneType'
2025-09-15 22:10:36,901 [DEBUG] ytcrawl: [PT] length 실패 :: int() argument must be a string, a bytes-like object or a real number, not 'NoneType'
2025-09-15 22:10:36,924 [INFO] ytcrawl: [CAP] 파싱 성공: lines=10, text_len=106
2025-09-15 22:10:36,924 [INFO] ytcrawl: [VIDEO] 완료: id=FcY9MbUJm8E, views=1434, subs=132, cap_len=106, form=쇼츠
2025-09-15 22:10:36,924 [INFO] ytcrawl: [VIDEO] 시작: id=ketzC0LqBtE url=https://www.youtube.com/watch?v=ketzC0LqBtE
2025-09-15 22:10:37,044 [INFO] ytcrawl: [CAP] 파싱 성공: lines=14, text_len=119
2025-09-15 22:10:37,045 [INFO] ytcrawl: [VIDEO] 완료: id=gFt71PT6phM, views=300, subs=8630, cap_len=119, form=쇼츠
2025-09-15 22:10:37,045 [INFO] ytcrawl: [VIDEO] 시작: id=tfTzhY7bNb0 url=https://www.youtube.com/watch?v=tfTzhY7bNb0
2025-09-15 22:10:37,100 [INFO] ytcrawl: [CAP] 파싱 성공: lines=21, text_len=386
2025-09-15 22:10:37,100 [INFO] ytcrawl: [VIDEO] 완료: id=WVaZgN_pnkg, views=1257, subs=88, cap_len=386, form=쇼츠
2025-09-15 22:10:37,100 [INFO] ytcrawl: [VIDEO] 시작: id=Z-fQq6pyuFo url=https://www.youtube.com/watch?v=Z-fQq6pyuFo
2025-09-15 22:10:37,161 [DEBUG] ytcrawl: [PT] title 실패 :: Exception while accessing title of https://youtube.com/watch?v=uDLZplacMu8. Please file a bug report at https://github.com/pytube/pytube
2025-09-15 22:10:37,172 [DEBUG] ytcrawl: [PT] views 실패 :: int() argument must be a string, a bytes-like object or a real number, not 'NoneType'
2025-09-15 22:10:37,179 [DEBUG] ytcrawl: [PT] title 실패 :: Exception while accessing title of https://youtube.com/watch?v=eZmriXgkhAs. Please file a bug report at https://github.com/pytube/pytube
2025-09-15 22:10:37,188 [DEBUG] ytcrawl: [PT] length 실패 :: int() argument must be a string, a bytes-like object or a real number, not 'NoneType'
2025-09-15 22:10:37,189 [DEBUG] ytcrawl: [PT] views 실패 :: int() argument must be a string, a bytes-like object or a real number, not 'NoneType'
2025-09-15 22:10:37,201 [DEBUG] ytcrawl: [PT] length 실패 :: int() argument must be a string, a bytes-like object or a real number, not 'NoneType'
2025-09-15 22:10:37,285 [DEBUG] ytcrawl: [CAP][PR] GET https://www.youtube.com/api/timedtext?v=eZmriXgkhAs&ei=TBDIaJrRFOaH29gPxPymsQQ&caps=asr&opi=112496729&exp=xpe&xoaf=5&hl=en&ip=0.0.0.0&ipbits=0&expire=1757967036&sparams=ip,ipbits,expire,v,ei,caps,opi,exp,xoaf&signature=B9CFE6D182DB7B7D446DAA82E696114EB5E9EC82.64BE08F626D9DAFF0D87DBE373B82010B8D7CB1D&key=yt8&lang=ko&fmt=srv3 -> 200, len=0
2025-09-15 22:10:37,285 [INFO] ytcrawl: [CAP] XML 자막 미확보
2025-09-15 22:10:37,286 [INFO] ytcrawl: [VIDEO] 완료: id=eZmriXgkhAs, views=32577, subs=102000, cap_len=0, form=롱폼
2025-09-15 22:10:37,286 [INFO] ytcrawl: [VIDEO] 시작: id=1j91iIKe4Mc url=https://www.youtube.com/watch?v=1j91iIKe4Mc
2025-09-15 22:10:37,903 [DEBUG] ytcrawl: [HTTP] GET https://www.youtube.com/watch?v=koiSVB2AvxM&hl=ko&gl=KR&persist_hl=1&persist_gl=1 -> 200, len=1028920
2025-09-15 22:10:37,934 [INFO] ytcrawl: [SUBS][WATCH] channel=UCXnv4nN5sz1CLAZeteyH90g text='구독자 48.5만명' -> 485000
2025-09-15 22:10:38,211 [DEBUG] ytcrawl: [HTTP] GET https://www.youtube.com/watch?v=uDLZplacMu8&hl=ko&gl=KR&persist_hl=1&persist_gl=1 -> 200, len=1453317
2025-09-15 22:10:38,256 [INFO] ytcrawl: [SUBS][WATCH] channel=UCpBGjdb3EySxC001_MvgheA text='구독자 21.8만명' -> 218000
2025-09-15 22:10:38,258 [DEBUG] ytcrawl: [CAP][PR] GET https://www.youtube.com/api/timedtext?v=koiSVB2AvxM&ei=SxDIaNTdPNX1pt8PjdqegA4&caps=asr&opi=112496729&exp=xpe&xoaf=5&xowf=1&hl=en&ip=0.0.0.0&ipbits=0&expire=1757967036&sparams=ip,ipbits,expire,v,ei,caps,opi,exp,xoaf&signature=135541A271BF5E4BF054703B5942DEF7653B5B8B.854409D93CFC89FABEA0754D7D7516EB7318659A&key=yt8&kind=asr&lang=en&fmt=srv3&tlang=ko -> 429, len=1103
2025-09-15 22:10:38,258 [INFO] ytcrawl: [CAP] XML 자막 미확보
2025-09-15 22:10:38,260 [INFO] ytcrawl: [VIDEO] 완료: id=koiSVB2AvxM, views=338332, subs=485000, cap_len=0, form=쇼츠
2025-09-15 22:10:38,262 [INFO] ytcrawl: [VIDEO] 시작: id=G60PbSEozvE url=https://www.youtube.com/watch?v=G60PbSEozvE
2025-09-15 22:10:38,310 [INFO] ytcrawl: [CAP] 'a.ko' 발견 → 원문 사용
2025-09-15 22:10:38,320 [DEBUG] ytcrawl: [HTTP] GET https://www.youtube.com/watch?v=8nML6B7poHM&hl=ko&gl=KR&persist_hl=1&persist_gl=1 -> 200, len=1647986
2025-09-15 22:10:38,360 [INFO] ytcrawl: [SUBS][WATCH] channel=UCyjLjMUl4IEe0M4yBTXPSyw text='구독자 1.4만명' -> 14000
2025-09-15 22:10:38,624 [DEBUG] ytcrawl: [CAP][PR] GET https://www.youtube.com/api/timedtext?v=uDLZplacMu8&ei=TBDIaNTCDYmopt8PpMeBqA0&caps=asr&opi=112496729&exp=xpe&xoaf=5&xowf=1&hl=en&ip=0.0.0.0&ipbits=0&expire=1757967036&sparams=ip,ipbits,expire,v,ei,caps,opi,exp,xoaf&signature=7E723F78FC492F222BE04C50B9AB572CB01E882E.2B82811BE3B9AE1F4A0E4CC21CB2FFBCC82B581C&key=yt8&kind=asr&lang=hi&fmt=srv3&tlang=ko -> 429, len=1103
2025-09-15 22:10:38,624 [INFO] ytcrawl: [CAP] XML 자막 미확보
2025-09-15 22:10:38,624 [INFO] ytcrawl: [VIDEO] 완료: id=uDLZplacMu8, views=197012, subs=218000, cap_len=0, form=롱폼
2025-09-15 22:10:38,625 [INFO] ytcrawl: [VIDEO] 시작: id=RTd2DedNh7s url=https://www.youtube.com/watch?v=RTd2DedNh7s
2025-09-15 22:10:38,668 [DEBUG] ytcrawl: [PT] title 실패 :: Exception while accessing title of https://youtube.com/watch?v=Z-fQq6pyuFo. Please file a bug report at https://github.com/pytube/pytube
2025-09-15 22:10:38,668 [DEBUG] ytcrawl: [PT] views 실패 :: int() argument must be a string, a bytes-like object or a real number, not 'NoneType'
2025-09-15 22:10:38,673 [DEBUG] ytcrawl: [PT] length 실패 :: int() argument must be a string, a bytes-like object or a real number, not 'NoneType'
2025-09-15 22:10:38,681 [INFO] ytcrawl: [CAP] 파싱 성공: lines=433, text_len=8386
2025-09-15 22:10:38,682 [INFO] ytcrawl: [VIDEO] 완료: id=kP4_gtyUlKM, views=226071, subs=104000, cap_len=8386, form=롱폼
2025-09-15 22:10:38,682 [INFO] ytcrawl: [VIDEO] 시작: id=A38_RJ_mkBE url=https://www.youtube.com/watch?v=A38_RJ_mkBE
2025-09-15 22:10:38,810 [INFO] ytcrawl: [CAP] 'a.ko' 발견 → 원문 사용
2025-09-15 22:10:38,926 [DEBUG] ytcrawl: [PT] title 실패 :: Exception while accessing title of https://youtube.com/watch?v=ketzC0LqBtE. Please file a bug report at https://github.com/pytube/pytube
2025-09-15 22:10:38,926 [DEBUG] ytcrawl: [PT] views 실패 :: int() argument must be a string, a bytes-like object or a real number, not 'NoneType'
2025-09-15 22:10:38,935 [DEBUG] ytcrawl: [PT] length 실패 :: int() argument must be a string, a bytes-like object or a real number, not 'NoneType'
2025-09-15 22:10:38,936 [DEBUG] ytcrawl: [SUBS] channel_id 미확보
2025-09-15 22:10:38,941 [INFO] ytcrawl: [CAP] XML 자막 미확보
2025-09-15 22:10:38,941 [INFO] ytcrawl: [VIDEO] 완료: id=ketzC0LqBtE, views=0, subs=0, cap_len=0, form=롱폼
2025-09-15 22:10:38,941 [INFO] ytcrawl: [VIDEO] 시작: id=Iozm8iTofX0 url=https://www.youtube.com/watch?v=Iozm8iTofX0
2025-09-15 22:10:39,219 [INFO] ytcrawl: [CAP] 파싱 성공: lines=1345, text_len=24451
2025-09-15 22:10:39,219 [INFO] ytcrawl: [VIDEO] 완료: id=8nML6B7poHM, views=59048, subs=14000, cap_len=24451, form=롱폼
2025-09-15 22:10:39,219 [INFO] ytcrawl: [VIDEO] 시작: id=Vh4t3jVN_Gw url=https://www.youtube.com/watch?v=Vh4t3jVN_Gw
2025-09-15 22:10:39,575 [INFO] ytcrawl: [CAP] 'a.ko' 발견 → 원문 사용
2025-09-15 22:10:39,672 [INFO] ytcrawl: [CAP] 'a.ko' 발견 → 원문 사용
2025-09-15 22:10:39,788 [DEBUG] ytcrawl: [HTTP] GET https://www.youtube.com/watch?v=Z-fQq6pyuFo&hl=ko&gl=KR&persist_hl=1&persist_gl=1 -> 200, len=1505223
2025-09-15 22:10:39,817 [INFO] ytcrawl: [SUBS][WATCH] channel=UCbI_MeHQI_p34SGdGuzr2Kw text='구독자 7.72천명' -> 7720
2025-09-15 22:10:39,858 [INFO] ytcrawl: [CAP] 파싱 성공: lines=75, text_len=1279
2025-09-15 22:10:39,858 [INFO] ytcrawl: [VIDEO] 완료: id=tfTzhY7bNb0, views=3731, subs=19200, cap_len=1279, form=롱폼
2025-09-15 22:10:39,858 [INFO] ytcrawl: [VIDEO] 시작: id=bAcWxdsM-6A url=https://www.youtube.com/watch?v=bAcWxdsM-6A
2025-09-15 22:10:39,907 [DEBUG] ytcrawl: [CAP][PR] GET https://www.youtube.com/api/timedtext?v=Z-fQq6pyuFo&ei=TRDIaKDmLqeJ29gPptnF8QQ&caps=asr&opi=112496729&exp=xpe&xoaf=5&xowf=1&hl=en&ip=0.0.0.0&ipbits=0&expire=1757967037&sparams=ip,ipbits,expire,v,ei,caps,opi,exp,xoaf&signature=82D0C8D5F117102CEE3DC2ED57B04C9D10EA3C1A.74F38C7FDB4A17CD0FEDDEDE2196FF647A100FC1&key=yt8&kind=asr&lang=ko&fmt=srv3 -> 200, len=0
2025-09-15 22:10:39,907 [INFO] ytcrawl: [CAP] XML 자막 미확보
2025-09-15 22:10:39,907 [INFO] ytcrawl: [VIDEO] 완료: id=Z-fQq6pyuFo, views=7353, subs=7720, cap_len=0, form=롱폼
2025-09-15 22:10:39,907 [INFO] ytcrawl: [VIDEO] 시작: id=MkHpD8aExZ4 url=https://www.youtube.com/watch?v=MkHpD8aExZ4
2025-09-15 22:10:39,999 [INFO] ytcrawl: [CAP] 파싱 성공: lines=137, text_len=2467
2025-09-15 22:10:39,999 [INFO] ytcrawl: [VIDEO] 완료: id=1j91iIKe4Mc, views=90852, subs=102000, cap_len=2467, form=롱폼
2025-09-15 22:10:39,999 [INFO] ytcrawl: [VIDEO] 시작: id=QTgzKe0QhXM url=https://www.youtube.com/watch?v=QTgzKe0QhXM
2025-09-15 22:10:40,843 [DEBUG] ytcrawl: [PT] title 실패 :: Exception while accessing title of https://youtube.com/watch?v=Vh4t3jVN_Gw. Please file a bug report at https://github.com/pytube/pytube
2025-09-15 22:10:40,843 [DEBUG] ytcrawl: [PT] views 실패 :: int() argument must be a string, a bytes-like object or a real number, not 'NoneType'
2025-09-15 22:10:40,848 [DEBUG] ytcrawl: [PT] length 실패 :: int() argument must be a string, a bytes-like object or a real number, not 'NoneType'
2025-09-15 22:10:40,886 [DEBUG] ytcrawl: [HTTP] GET https://www.youtube.com/watch?v=G60PbSEozvE&hl=ko&gl=KR&persist_hl=1&persist_gl=1 -> 200, len=1004786
2025-09-15 22:10:40,912 [INFO] ytcrawl: [SUBS][WATCH] channel=UC65Ovs-SU1vIcYbzWGFY4WQ text='구독자 4명' -> 4
2025-09-15 22:10:40,931 [DEBUG] ytcrawl: [CAP][PR] GET https://www.youtube.com/api/timedtext?v=Vh4t3jVN_Gw&ei=TxDIaLaHOdOXvcAPj9uL2Ac&caps=asr&opi=112496729&exp=xpe&xoaf=5&hl=en&ip=0.0.0.0&ipbits=0&expire=1757967039&sparams=ip,ipbits,expire,v,ei,caps,opi,exp,xoaf&signature=29DBFBFDF855DACE263476EF1FD9447271095913.1542A425B9745FBB20B8CA42D9BCBE98386100C9&key=yt8&kind=asr&lang=ko&fmt=srv3 -> 200, len=0
2025-09-15 22:10:40,931 [INFO] ytcrawl: [CAP] XML 자막 미확보
2025-09-15 22:10:40,931 [INFO] ytcrawl: [VIDEO] 완료: id=Vh4t3jVN_Gw, views=62841, subs=6050, cap_len=0, form=롱폼
2025-09-15 22:10:40,931 [INFO] ytcrawl: [VIDEO] 시작: id=-nIOrMkO7rM url=https://www.youtube.com/watch?v=-nIOrMkO7rM
2025-09-15 22:10:40,976 [INFO] ytcrawl: [CAP] 'a.ko' 발견 → 원문 사용
2025-09-15 22:10:41,151 [INFO] ytcrawl: [CAP] 'a.ko' 발견 → 원문 사용
2025-09-15 22:10:41,261 [INFO] ytcrawl: [CAP] 파싱 성공: lines=73, text_len=1176
2025-09-15 22:10:41,261 [INFO] ytcrawl: [VIDEO] 완료: id=A38_RJ_mkBE, views=5295, subs=19200, cap_len=1176, form=쇼츠
2025-09-15 22:10:41,261 [INFO] ytcrawl: [VIDEO] 시작: id=SfX6d--QoXI url=https://www.youtube.com/watch?v=SfX6d--QoXI
2025-09-15 22:10:41,322 [DEBUG] ytcrawl: [HTTP] GET https://www.youtube.com/watch?v=Iozm8iTofX0&hl=ko&gl=KR&persist_hl=1&persist_gl=1 -> 200, len=1002291
2025-09-15 22:10:41,349 [INFO] ytcrawl: [SUBS][WATCH] channel=UCm4KFVQO2B6MeWVvOuXahKQ text='구독자 1.28천명' -> 1280
2025-09-15 22:10:41,695 [DEBUG] ytcrawl: [CAP] 번역(a.en) 응답: 429, len=1103
2025-09-15 22:10:41,696 [INFO] ytcrawl: [CAP] XML 자막 미확보
2025-09-15 22:10:41,696 [INFO] ytcrawl: [VIDEO] 완료: id=Iozm8iTofX0, views=1201720, subs=1280, cap_len=0, form=쇼츠
2025-09-15 22:10:41,696 [INFO] ytcrawl: [VIDEO] 시작: id=j5xcWWGXIrs url=https://www.youtube.com/watch?v=j5xcWWGXIrs
2025-09-15 22:10:41,783 [INFO] ytcrawl: [CAP] 파싱 성공: lines=44, text_len=837
2025-09-15 22:10:41,783 [INFO] ytcrawl: [VIDEO] 완료: id=G60PbSEozvE, views=568, subs=4, cap_len=837, form=쇼츠
2025-09-15 22:10:41,783 [INFO] ytcrawl: [CAP] 'a.ko' 발견 → 원문 사용
2025-09-15 22:10:41,784 [INFO] ytcrawl: [VIDEO] 시작: id=3jrs6TvFFZg url=https://www.youtube.com/watch?v=3jrs6TvFFZg
2025-09-15 22:10:41,873 [DEBUG] ytcrawl: [HTTP] GET https://www.youtube.com/watch?v=RTd2DedNh7s&hl=ko&gl=KR&persist_hl=1&persist_gl=1 -> 200, len=1609831
2025-09-15 22:10:41,910 [INFO] ytcrawl: [SUBS][WATCH] channel=UCUzoht-2qT2sg7mPaZCKHWQ text='구독자 9.88만명' -> 98800
2025-09-15 22:10:42,052 [INFO] ytcrawl: [CAP] 파싱 성공: lines=172, text_len=3168
2025-09-15 22:10:42,052 [INFO] ytcrawl: [VIDEO] 완료: id=MkHpD8aExZ4, views=63968, subs=6260, cap_len=3168, form=롱폼
2025-09-15 22:10:42,052 [INFO] ytcrawl: [VIDEO] 시작: id=AbL9KGNNJeA url=https://www.youtube.com/watch?v=AbL9KGNNJeA
2025-09-15 22:10:42,274 [INFO] ytcrawl: [CAP] 'a.ko' 발견 → 원문 사용
2025-09-15 22:10:42,673 [INFO] ytcrawl: [CAP] 파싱 성공: lines=498, text_len=9570
2025-09-15 22:10:42,673 [INFO] ytcrawl: [VIDEO] 완료: id=RTd2DedNh7s, views=74025, subs=98800, cap_len=9570, form=롱폼
2025-09-15 22:10:42,674 [INFO] ytcrawl: [VIDEO] 시작: id=S3X_VyMEnJ8 url=https://www.youtube.com/watch?v=S3X_VyMEnJ8
2025-09-15 22:10:42,935 [DEBUG] ytcrawl: [HTTP] GET https://www.youtube.com/watch?v=QTgzKe0QhXM&hl=ko&gl=KR&persist_hl=1&persist_gl=1 -> 200, len=1090365
2025-09-15 22:10:42,982 [INFO] ytcrawl: [SUBS][WATCH] channel=UCiqg9Qa4OXLAaEgfBEO-r3w text='구독자 8.99만명' -> 89900
2025-09-15 22:10:43,006 [DEBUG] ytcrawl: [HTTP] GET https://www.youtube.com/watch?v=bAcWxdsM-6A&hl=ko&gl=KR&persist_hl=1&persist_gl=1 -> 200, len=1569112
2025-09-15 22:10:43,057 [INFO] ytcrawl: [SUBS][WATCH] channel=UCa9OXODEH6azPrc_OEBM-Ew text='구독자 44.7만명' -> 447000
2025-09-15 22:10:43,082 [INFO] ytcrawl: [CAP] 'a.ko' 발견 → 원문 사용
2025-09-15 22:10:43,217 [DEBUG] ytcrawl: [PT] title 실패 :: Exception while accessing title of https://youtube.com/watch?v=SfX6d--QoXI. Please file a bug report at https://github.com/pytube/pytube
2025-09-15 22:10:43,217 [DEBUG] ytcrawl: [PT] views 실패 :: int() argument must be a string, a bytes-like object or a real number, not 'NoneType'
2025-09-15 22:10:43,227 [DEBUG] ytcrawl: [PT] length 실패 :: int() argument must be a string, a bytes-like object or a real number, not 'NoneType'
2025-09-15 22:10:43,357 [INFO] ytcrawl: [CAP] 파싱 성공: lines=208, text_len=3630
2025-09-15 22:10:43,358 [INFO] ytcrawl: [VIDEO] 완료: id=-nIOrMkO7rM, views=11516, subs=7300, cap_len=3630, form=롱폼
2025-09-15 22:10:43,359 [INFO] ytcrawl: [VIDEO] 시작: id=7J1phzZtP3E url=https://www.youtube.com/watch?v=7J1phzZtP3E
2025-09-15 22:10:43,400 [INFO] ytcrawl: [CAP] 'a.ko' 발견 → 원문 사용
2025-09-15 22:10:43,416 [DEBUG] ytcrawl: [CAP][PR] GET https://www.youtube.com/api/timedtext?v=QTgzKe0QhXM&ei=URDIaMjkCZGKpt8PhdCpiQM&caps=asr&opi=112496729&exp=xpe&xoaf=5&xowf=1&hl=en&ip=0.0.0.0&ipbits=0&expire=1757967041&sparams=ip,ipbits,expire,v,ei,caps,opi,exp,xoaf&signature=2B268AAF8B05279CF0C723708CA1B2E9EAF0D0C9.10AA3408C267FE4C7DC5F4EE17BDEBAA870966A0&key=yt8&kind=asr&lang=te&fmt=srv3&tlang=ko -> 429, len=1103
2025-09-15 22:10:43,417 [INFO] ytcrawl: [CAP] XML 자막 미확보
2025-09-15 22:10:43,417 [INFO] ytcrawl: [VIDEO] 완료: id=QTgzKe0QhXM, views=6510, subs=89900, cap_len=0, form=쇼츠
2025-09-15 22:10:43,417 [INFO] ytcrawl: [VIDEO] 시작: id=CJB_QkgL7_A url=https://www.youtube.com/watch?v=CJB_QkgL7_A
2025-09-15 22:10:43,655 [DEBUG] ytcrawl: [PT] title 실패 :: Exception while accessing title of https://youtube.com/watch?v=AbL9KGNNJeA. Please file a bug report at https://github.com/pytube/pytube
2025-09-15 22:10:43,655 [DEBUG] ytcrawl: [PT] views 실패 :: int() argument must be a string, a bytes-like object or a real number, not 'NoneType'
2025-09-15 22:10:43,668 [DEBUG] ytcrawl: [PT] length 실패 :: int() argument must be a string, a bytes-like object or a real number, not 'NoneType'
2025-09-15 22:10:43,760 [INFO] ytcrawl: [CAP] 'a.ko' 발견 → 원문 사용
2025-09-15 22:10:43,761 [INFO] ytcrawl: [CAP] 파싱 성공: lines=132, text_len=4162
2025-09-15 22:10:43,761 [INFO] ytcrawl: [VIDEO] 완료: id=bAcWxdsM-6A, views=263897, subs=447000, cap_len=4162, form=롱폼
2025-09-15 22:10:43,761 [INFO] ytcrawl: [VIDEO] 시작: id=1-ybEC2Iqrw url=https://www.youtube.com/watch?v=1-ybEC2Iqrw
2025-09-15 22:10:43,940 [DEBUG] ytcrawl: [HTTP] GET https://www.youtube.com/watch?v=SfX6d--QoXI&hl=ko&gl=KR&persist_hl=1&persist_gl=1 -> 200, len=984379
2025-09-15 22:10:43,966 [INFO] ytcrawl: [SUBS][WATCH] channel=UCJXp4vhDgMdi_2isrXahJPw text='구독자 746명' -> 746
2025-09-15 22:10:43,967 [INFO] ytcrawl: [CAP] XML 자막 미확보
2025-09-15 22:10:43,967 [INFO] ytcrawl: [VIDEO] 완료: id=SfX6d--QoXI, views=2020, subs=746, cap_len=0, form=쇼츠
2025-09-15 22:10:43,967 [INFO] ytcrawl: [VIDEO] 시작: id=FZHSKS1kDLY url=https://www.youtube.com/watch?v=FZHSKS1kDLY
2025-09-15 22:10:44,063 [INFO] ytcrawl: [CAP] 파싱 성공: lines=248, text_len=4734
2025-09-15 22:10:44,063 [INFO] ytcrawl: [VIDEO] 완료: id=3jrs6TvFFZg, views=31879, subs=45300, cap_len=4734, form=롱폼
2025-09-15 22:10:44,063 [INFO] ytcrawl: [VIDEO] 시작: id=iePJT_2LE2E url=https://www.youtube.com/watch?v=iePJT_2LE2E
2025-09-15 22:10:44,282 [DEBUG] ytcrawl: [HTTP] GET https://www.youtube.com/watch?v=AbL9KGNNJeA&hl=ko&gl=KR&persist_hl=1&persist_gl=1 -> 200, len=1071983
2025-09-15 22:10:44,321 [INFO] ytcrawl: [SUBS][WATCH] channel=UCRLZWPMWyl_8AWgC1W0W6mA text='구독자 464만명' -> 4640000
2025-09-15 22:10:44,674 [DEBUG] ytcrawl: [CAP][PR] GET https://www.youtube.com/api/timedtext?v=AbL9KGNNJeA&ei=UhDIaMfPKuaypt8PrKXa0Ao&caps=asr&opi=112496729&exp=xpe&xoaf=5&xospf=1&hl=en&ip=0.0.0.0&ipbits=0&expire=1757967042&sparams=ip,ipbits,expire,v,ei,caps,opi,exp,xoaf&signature=8A946E033744647E30B5B2A60599274C649B8410.B3FECE59ED9EC5E92A3088514320BA2CD3050D87&key=yt8&kind=asr&lang=hi&fmt=srv3&tlang=ko -> 429, len=1103
2025-09-15 22:10:44,674 [INFO] ytcrawl: [CAP] XML 자막 미확보
2025-09-15 22:10:44,674 [INFO] ytcrawl: [VIDEO] 완료: id=AbL9KGNNJeA, views=1022373, subs=4640000, cap_len=0, form=쇼츠
2025-09-15 22:10:44,674 [INFO] ytcrawl: [VIDEO] 시작: id=ocFYX2eVtas url=https://www.youtube.com/watch?v=ocFYX2eVtas
2025-09-15 22:10:44,894 [DEBUG] ytcrawl: [HTTP] GET https://www.youtube.com/watch?v=j5xcWWGXIrs&hl=ko&gl=KR&persist_hl=1&persist_gl=1 -> 200, len=1710583
2025-09-15 22:10:44,944 [INFO] ytcrawl: [SUBS][WATCH] channel=UCg5RQ7x8W6aUcOS3J4P8dBQ text='구독자 1.42만명' -> 14200
2025-09-15 22:10:44,944 [INFO] ytcrawl: [CAP] 'ko' 발견 → 원문 사용
2025-09-15 22:10:45,227 [DEBUG] ytcrawl: [PT] title 실패 :: Exception while accessing title of https://youtube.com/watch?v=1-ybEC2Iqrw. Please file a bug report at https://github.com/pytube/pytube
2025-09-15 22:10:45,228 [DEBUG] ytcrawl: [PT] views 실패 :: int() argument must be a string, a bytes-like object or a real number, not 'NoneType'
2025-09-15 22:10:45,238 [DEBUG] ytcrawl: [PT] length 실패 :: int() argument must be a string, a bytes-like object or a real number, not 'NoneType'
2025-09-15 22:10:45,238 [INFO] ytcrawl: [CAP] 'a.ko' 발견 → 원문 사용
2025-09-15 22:10:45,240 [DEBUG] ytcrawl: [SUBS] channel_id 미확보
2025-09-15 22:10:45,241 [INFO] ytcrawl: [CAP] XML 자막 미확보
2025-09-15 22:10:45,241 [INFO] ytcrawl: [VIDEO] 완료: id=1-ybEC2Iqrw, views=0, subs=0, cap_len=0, form=롱폼
2025-09-15 22:10:45,241 [INFO] ytcrawl: [VIDEO] 시작: id=d5XlWHmPGbA url=https://www.youtube.com/watch?v=d5XlWHmPGbA
2025-09-15 22:10:45,296 [INFO] ytcrawl: [CAP] 파싱 성공: lines=1352, text_len=24839
2025-09-15 22:10:45,296 [INFO] ytcrawl: [VIDEO] 완료: id=S3X_VyMEnJ8, views=44700, subs=28500, cap_len=24839, form=롱폼
2025-09-15 22:10:45,296 [INFO] ytcrawl: [VIDEO] 시작: id=8ctASLwimig url=https://www.youtube.com/watch?v=8ctASLwimig
2025-09-15 22:10:45,461 [DEBUG] ytcrawl: [PT] title 실패 :: Exception while accessing title of https://youtube.com/watch?v=7J1phzZtP3E. Please file a bug report at https://github.com/pytube/pytube
2025-09-15 22:10:45,461 [DEBUG] ytcrawl: [PT] views 실패 :: int() argument must be a string, a bytes-like object or a real number, not 'NoneType'
2025-09-15 22:10:45,468 [DEBUG] ytcrawl: [PT] length 실패 :: int() argument must be a string, a bytes-like object or a real number, not 'NoneType'
2025-09-15 22:10:45,669 [INFO] ytcrawl: [CAP] 파싱 성공: lines=261, text_len=4716
2025-09-15 22:10:45,669 [INFO] ytcrawl: [VIDEO] 완료: id=j5xcWWGXIrs, views=11172, subs=14200, cap_len=4716, form=롱폼
2025-09-15 22:10:45,669 [INFO] ytcrawl: [VIDEO] 시작: id=oVlm8yeoMNY url=https://www.youtube.com/watch?v=oVlm8yeoMNY
2025-09-15 22:10:46,002 [INFO] ytcrawl: [CAP] 'a.ko' 발견 → 원문 사용
2025-09-15 22:10:46,328 [DEBUG] ytcrawl: [HTTP] GET https://www.youtube.com/watch?v=7J1phzZtP3E&hl=ko&gl=KR&persist_hl=1&persist_gl=1 -> 200, len=1187166
2025-09-15 22:10:46,364 [INFO] ytcrawl: [SUBS][WATCH] channel=UCnVRuU0conY38Q4h-JGViWA text='구독자 30.4만명' -> 304000
2025-09-15 22:10:46,369 [INFO] ytcrawl: [CAP] 파싱 성공: lines=633, text_len=11863
2025-09-15 22:10:46,370 [INFO] ytcrawl: [VIDEO] 완료: id=FZHSKS1kDLY, views=212772, subs=144000, cap_len=11863, form=롱폼
2025-09-15 22:10:46,370 [INFO] ytcrawl: [VIDEO] 시작: id=E5oFS2CucFc url=https://www.youtube.com/watch?v=E5oFS2CucFc
2025-09-15 22:10:46,446 [DEBUG] ytcrawl: [HTTP] GET https://www.youtube.com/watch?v=CJB_QkgL7_A&hl=ko&gl=KR&persist_hl=1&persist_gl=1 -> 200, len=1565973
2025-09-15 22:10:46,478 [DEBUG] ytcrawl: [CAP][PR] GET https://www.youtube.com/api/timedtext?v=7J1phzZtP3E&ei=VBDIaL2vAYOEpt8P14HEkAs&caps=asr&opi=112496729&exp=xpe&xoaf=5&xospf=1&hl=en&ip=0.0.0.0&ipbits=0&expire=1757967044&sparams=ip,ipbits,expire,v,ei,caps,opi,exp,xoaf&signature=DD2B31160183AA52C0F18AA6FC9E8C13D6B13D0D.A053E263A6A3127BE55DE6C58C06CFA4CEDD479F&key=yt8&kind=asr&lang=ko&fmt=srv3 -> 200, len=0
2025-09-15 22:10:46,479 [INFO] ytcrawl: [SUBS][WATCH] channel=UC3vQbOrsR-7_ObOBf7IQ9Yw text='구독자 3.52천명' -> 3520
2025-09-15 22:10:46,479 [INFO] ytcrawl: [CAP] XML 자막 미확보
2025-09-15 22:10:46,480 [INFO] ytcrawl: [VIDEO] 완료: id=7J1phzZtP3E, views=139606, subs=304000, cap_len=0, form=롱폼
2025-09-15 22:10:46,480 [INFO] ytcrawl: [VIDEO] 시작: id=cXZW7vTlXYI url=https://www.youtube.com/watch?v=cXZW7vTlXYI
2025-09-15 22:10:46,712 [DEBUG] ytcrawl: [HTTP] GET https://www.youtube.com/watch?v=iePJT_2LE2E&hl=ko&gl=KR&persist_hl=1&persist_gl=1 -> 200, len=1046915
2025-09-15 22:10:46,741 [INFO] ytcrawl: [SUBS][WATCH] channel=UCV-QbjLV142KUU7He-rGQhw text='구독자 4.72만명' -> 47200
2025-09-15 22:10:46,844 [INFO] ytcrawl: [CAP] 'a.ko' 발견 → 원문 사용
2025-09-15 22:10:47,004 [DEBUG] ytcrawl: [CAP] 번역(a.en) 응답: 429, len=1103
2025-09-15 22:10:47,058 [DEBUG] ytcrawl: [PT] title 실패 :: Exception while accessing title of https://youtube.com/watch?v=d5XlWHmPGbA. Please file a bug report at https://github.com/pytube/pytube
2025-09-15 22:10:47,058 [DEBUG] ytcrawl: [PT] views 실패 :: int() argument must be a string, a bytes-like object or a real number, not 'NoneType'
2025-09-15 22:10:47,067 [DEBUG] ytcrawl: [PT] length 실패 :: int() argument must be a string, a bytes-like object or a real number, not 'NoneType'
2025-09-15 22:10:47,069 [DEBUG] ytcrawl: [SUBS] channel_id 미확보
2025-09-15 22:10:47,070 [INFO] ytcrawl: [CAP] XML 자막 미확보
2025-09-15 22:10:47,070 [INFO] ytcrawl: [VIDEO] 완료: id=d5XlWHmPGbA, views=0, subs=0, cap_len=0, form=롱폼
2025-09-15 22:10:47,070 [INFO] ytcrawl: [VIDEO] 시작: id=YH3ypz7k-ys url=https://www.youtube.com/watch?v=YH3ypz7k-ys
2025-09-15 22:10:47,216 [INFO] ytcrawl: [CAP] 파싱 성공: lines=296, text_len=4779
2025-09-15 22:10:47,217 [INFO] ytcrawl: [VIDEO] 완료: id=CJB_QkgL7_A, views=22304, subs=3520, cap_len=4779, form=롱폼
2025-09-15 22:10:47,217 [INFO] ytcrawl: [VIDEO] 시작: id=oT3p2lVLv6k url=https://www.youtube.com/watch?v=oT3p2lVLv6k
2025-09-15 22:10:47,293 [DEBUG] ytcrawl: [HTTP] GET https://www.youtube.com/watch?v=ocFYX2eVtas&hl=ko&gl=KR&persist_hl=1&persist_gl=1 -> 200, len=1014695
2025-09-15 22:10:47,294 [DEBUG] ytcrawl: [CAP][PR] GET https://www.youtube.com/api/timedtext?v=iePJT_2LE2E&ei=VRDIaLn_A5eY29gPmdG4uQ0&caps=asr&opi=112496729&exp=xpe&xoaf=5&xowf=1&xospf=1&hl=en&ip=0.0.0.0&ipbits=0&expire=1757967045&sparams=ip,ipbits,expire,v,ei,caps,opi,exp,xoaf&signature=E3DDBF377EEDE12DA31496E0E6ABB84D8B3EEBD7.D081CC5AF4A48851F5D33D23454EA6B942A74737&key=yt8&kind=asr&lang=en&fmt=srv3&tlang=ko -> 429, len=1103
2025-09-15 22:10:47,320 [INFO] ytcrawl: [SUBS][WATCH] channel=UCVQabIWBcOADj-D8Yuvgefg text='구독자 646명' -> 646
2025-09-15 22:10:47,320 [INFO] ytcrawl: [CAP] XML 자막 미확보
2025-09-15 22:10:47,321 [INFO] ytcrawl: [VIDEO] 완료: id=iePJT_2LE2E, views=29295, subs=47200, cap_len=0, form=쇼츠
2025-09-15 22:10:47,321 [INFO] ytcrawl: [VIDEO] 시작: id=hexln55L3xQ url=https://www.youtube.com/watch?v=hexln55L3xQ
2025-09-15 22:10:47,595 [DEBUG] ytcrawl: [HTTP] GET https://www.youtube.com/watch?v=8ctASLwimig&hl=ko&gl=KR&persist_hl=1&persist_gl=1 -> 200, len=1082873
2025-09-15 22:10:47,623 [INFO] ytcrawl: [SUBS][WATCH] channel=UCBaJVMx5fcWOHsmPH3IxKKQ text='구독자 260만명' -> 2600000
2025-09-15 22:10:47,784 [DEBUG] ytcrawl: [CAP] 번역(a.en) 응답: 429, len=1103
2025-09-15 22:10:47,806 [DEBUG] ytcrawl: [PT] title 실패 :: Exception while accessing title of https://youtube.com/watch?v=cXZW7vTlXYI. Please file a bug report at https://github.com/pytube/pytube
2025-09-15 22:10:47,806 [DEBUG] ytcrawl: [PT] views 실패 :: int() argument must be a string, a bytes-like object or a real number, not 'NoneType'
2025-09-15 22:10:47,814 [DEBUG] ytcrawl: [PT] length 실패 :: int() argument must be a string, a bytes-like object or a real number, not 'NoneType'
2025-09-15 22:10:47,816 [DEBUG] ytcrawl: [SUBS] channel_id 미확보
2025-09-15 22:10:47,819 [INFO] ytcrawl: [CAP] XML 자막 미확보
2025-09-15 22:10:47,821 [INFO] ytcrawl: [VIDEO] 완료: id=cXZW7vTlXYI, views=0, subs=0, cap_len=0, form=롱폼
2025-09-15 22:10:47,821 [INFO] ytcrawl: [VIDEO] 시작: id=cByTHjWv6gc url=https://www.youtube.com/watch?v=cByTHjWv6gc
2025-09-15 22:10:47,875 [DEBUG] ytcrawl: [CAP] 번역(a.en) 응답: 429, len=1103
2025-09-15 22:10:47,877 [INFO] ytcrawl: [CAP] XML 자막 미확보
2025-09-15 22:10:47,877 [INFO] ytcrawl: [VIDEO] 완료: id=8ctASLwimig, views=201324, subs=2600000, cap_len=0, form=쇼츠
2025-09-15 22:10:47,890 [INFO] ytcrawl: [VIDEO] 시작: id=RrdvbiRUiiE url=https://www.youtube.com/watch?v=RrdvbiRUiiE
2025-09-15 22:10:48,055 [DEBUG] ytcrawl: [CAP][PR] GET https://www.youtube.com/api/timedtext?v=ocFYX2eVtas&ei=VRDIaIDPNb2O29gPvO3aSA&caps=asr&opi=112496729&exp=xpe&xoaf=5&xospf=1&hl=en&ip=0.0.0.0&ipbits=0&expire=1757967045&sparams=ip,ipbits,expire,v,ei,caps,opi,exp,xoaf&signature=6B295EE58438A62B80D1E11055CF55D706E537F5.097F0BCF96DD30C979FB257B1B54B2F76B9DAEAC&key=yt8&kind=asr&lang=en&fmt=srv3&tlang=ko -> 429, len=1103
2025-09-15 22:10:48,055 [INFO] ytcrawl: [CAP] XML 자막 미확보
2025-09-15 22:10:48,056 [INFO] ytcrawl: [VIDEO] 완료: id=ocFYX2eVtas, views=19224, subs=646, cap_len=0, form=쇼츠
2025-09-15 22:10:48,056 [INFO] ytcrawl: [VIDEO] 시작: id=RxhBub7IQRg url=https://www.youtube.com/watch?v=RxhBub7IQRg
2025-09-15 22:10:48,314 [INFO] ytcrawl: [CAP] 'a.ko' 발견 → 원문 사용
2025-09-15 22:10:48,755 [INFO] ytcrawl: [CAP] 파싱 성공: lines=572, text_len=10567
2025-09-15 22:10:48,755 [INFO] ytcrawl: [VIDEO] 완료: id=oVlm8yeoMNY, views=72386, subs=73100, cap_len=10567, form=롱폼
2025-09-15 22:10:48,755 [INFO] ytcrawl: [VIDEO] 시작: id=NaBfIzMzg8w url=https://www.youtube.com/watch?v=NaBfIzMzg8w
2025-09-15 22:10:48,963 [DEBUG] ytcrawl: [HTTP] GET https://www.youtube.com/watch?v=E5oFS2CucFc&hl=ko&gl=KR&persist_hl=1&persist_gl=1 -> 200, len=1437917
2025-09-15 22:10:48,991 [INFO] ytcrawl: [SUBS][WATCH] channel=UCjsR8Xlrb7NR_MEo7vdsmmA text='구독자 1.15천명' -> 1150
2025-09-15 22:10:49,119 [DEBUG] ytcrawl: [PT] title 실패 :: Exception while accessing title of https://youtube.com/watch?v=YH3ypz7k-ys. Please file a bug report at https://github.com/pytube/pytube
2025-09-15 22:10:49,119 [DEBUG] ytcrawl: [PT] views 실패 :: int() argument must be a string, a bytes-like object or a real number, not 'NoneType'
2025-09-15 22:10:49,128 [DEBUG] ytcrawl: [PT] length 실패 :: int() argument must be a string, a bytes-like object or a real number, not 'NoneType'
2025-09-15 22:10:49,129 [DEBUG] ytcrawl: [SUBS] channel_id 미확보
2025-09-15 22:10:49,130 [INFO] ytcrawl: [CAP] XML 자막 미확보
2025-09-15 22:10:49,130 [INFO] ytcrawl: [VIDEO] 완료: id=YH3ypz7k-ys, views=0, subs=0, cap_len=0, form=롱폼
2025-09-15 22:10:49,130 [INFO] ytcrawl: [VIDEO] 시작: id=COxEcNt-ksU url=https://www.youtube.com/watch?v=COxEcNt-ksU
2025-09-15 22:10:49,352 [INFO] ytcrawl: [CAP] 'a.ko' 발견 → 원문 사용
2025-09-15 22:10:49,635 [INFO] ytcrawl: [CAP] 파싱 성공: lines=234, text_len=4501
2025-09-15 22:10:49,635 [INFO] ytcrawl: [VIDEO] 완료: id=oT3p2lVLv6k, views=50529, subs=45300, cap_len=4501, form=롱폼
2025-09-15 22:10:49,636 [INFO] ytcrawl: [VIDEO] 시작: id=qvo_eWf7BYU url=https://www.youtube.com/watch?v=qvo_eWf7BYU
2025-09-15 22:10:49,671 [INFO] ytcrawl: [CAP] 'a.ko' 발견 → 원문 사용
2025-09-15 22:10:49,886 [DEBUG] ytcrawl: [HTTP] GET https://www.youtube.com/watch?v=hexln55L3xQ&hl=ko&gl=KR&persist_hl=1&persist_gl=1 -> 200, len=1496593
2025-09-15 22:10:49,914 [INFO] ytcrawl: [SUBS][WATCH] channel=UCbXOmOpBx2VD1aQl2UdmS5w text='구독자 2.33천명' -> 2330
2025-09-15 22:10:49,985 [INFO] ytcrawl: [CAP] 파싱 성공: lines=136, text_len=2253
2025-09-15 22:10:49,985 [INFO] ytcrawl: [VIDEO] 완료: id=E5oFS2CucFc, views=2529, subs=1150, cap_len=2253, form=롱폼
2025-09-15 22:10:49,986 [INFO] ytcrawl: [VIDEO] 시작: id=fT5412aVAnc url=https://www.youtube.com/watch?v=fT5412aVAnc
2025-09-15 22:10:50,036 [DEBUG] ytcrawl: [PT] title 실패 :: Exception while accessing title of https://youtube.com/watch?v=RrdvbiRUiiE. Please file a bug report at https://github.com/pytube/pytube
2025-09-15 22:10:50,036 [DEBUG] ytcrawl: [PT] views 실패 :: int() argument must be a string, a bytes-like object or a real number, not 'NoneType'
2025-09-15 22:10:50,047 [DEBUG] ytcrawl: [PT] length 실패 :: int() argument must be a string, a bytes-like object or a real number, not 'NoneType'
2025-09-15 22:10:50,049 [DEBUG] ytcrawl: [SUBS] channel_id 미확보
2025-09-15 22:10:50,049 [INFO] ytcrawl: [CAP] XML 자막 미확보
2025-09-15 22:10:50,050 [INFO] ytcrawl: [VIDEO] 완료: id=RrdvbiRUiiE, views=0, subs=0, cap_len=0, form=롱폼
2025-09-15 22:10:50,050 [INFO] ytcrawl: [VIDEO] 시작: id=KKDAzw8KJt0 url=https://www.youtube.com/watch?v=KKDAzw8KJt0
2025-09-15 22:10:50,180 [INFO] ytcrawl: [CAP] 'a.ko' 발견 → 원문 사용
2025-09-15 22:10:50,302 [INFO] ytcrawl: [CAP] 'a.ko' 발견 → 원문 사용
2025-09-15 22:10:50,446 [DEBUG] ytcrawl: [HTTP] GET https://www.youtube.com/watch?v=cByTHjWv6gc&hl=ko&gl=KR&persist_hl=1&persist_gl=1 -> 200, len=1055777
2025-09-15 22:10:50,476 [INFO] ytcrawl: [SUBS][WATCH] channel=UClP2hW295JL_o-lESiMY0fg text='구독자 4.29만명' -> 42900
2025-09-15 22:10:50,605 [INFO] ytcrawl: [CAP] 파싱 성공: lines=373, text_len=6617
2025-09-15 22:10:50,605 [INFO] ytcrawl: [VIDEO] 완료: id=hexln55L3xQ, views=2724, subs=2330, cap_len=6617, form=롱폼
2025-09-15 22:10:50,605 [INFO] ytcrawl: [VIDEO] 시작: id=mDtCpPXNeKY url=https://www.youtube.com/watch?v=mDtCpPXNeKY
2025-09-15 22:10:50,735 [INFO] ytcrawl: [CAP] 'a.ko' 발견 → 원문 사용
2025-09-15 22:10:50,912 [INFO] ytcrawl: [CAP] 'ko' 발견 → 원문 사용
2025-09-15 22:10:50,969 [DEBUG] ytcrawl: [PT] title 실패 :: Exception while accessing title of https://youtube.com/watch?v=COxEcNt-ksU. Please file a bug report at https://github.com/pytube/pytube
2025-09-15 22:10:50,969 [DEBUG] ytcrawl: [PT] views 실패 :: int() argument must be a string, a bytes-like object or a real number, not 'NoneType'
2025-09-15 22:10:50,982 [DEBUG] ytcrawl: [PT] length 실패 :: int() argument must be a string, a bytes-like object or a real number, not 'NoneType'
2025-09-15 22:10:50,984 [DEBUG] ytcrawl: [SUBS] channel_id 미확보
2025-09-15 22:10:50,984 [INFO] ytcrawl: [CAP] XML 자막 미확보
2025-09-15 22:10:50,984 [INFO] ytcrawl: [VIDEO] 완료: id=COxEcNt-ksU, views=0, subs=0, cap_len=0, form=롱폼
2025-09-15 22:10:50,984 [INFO] ytcrawl: [VIDEO] 시작: id=JvgOTPRAi9g url=https://www.youtube.com/watch?v=JvgOTPRAi9g
2025-09-15 22:10:51,025 [INFO] ytcrawl: [CAP] 파싱 성공: lines=221, text_len=4164
2025-09-15 22:10:51,025 [INFO] ytcrawl: [VIDEO] 완료: id=cByTHjWv6gc, views=28812, subs=42900, cap_len=4164, form=롱폼
2025-09-15 22:10:51,026 [INFO] ytcrawl: [VIDEO] 시작: id=Jn_UoJHQoeQ url=https://www.youtube.com/watch?v=Jn_UoJHQoeQ
2025-09-15 22:10:51,124 [INFO] ytcrawl: [CAP] 파싱 성공: lines=91, text_len=3510
2025-09-15 22:10:51,124 [INFO] ytcrawl: [VIDEO] 완료: id=NaBfIzMzg8w, views=61406, subs=135000, cap_len=3510, form=롱폼
2025-09-15 22:10:51,124 [INFO] ytcrawl: [VIDEO] 시작: id=x-oUQSbr9Xw url=https://www.youtube.com/watch?v=x-oUQSbr9Xw
2025-09-15 22:10:51,481 [INFO] ytcrawl: [CAP] 파싱 성공: lines=872, text_len=16322
2025-09-15 22:10:51,481 [INFO] ytcrawl: [VIDEO] 완료: id=RxhBub7IQRg, views=29508, subs=14000, cap_len=16322, form=롱폼
2025-09-15 22:10:51,481 [INFO] ytcrawl: [VIDEO] 시작: id=TODJ9JVKTr4 url=https://www.youtube.com/watch?v=TODJ9JVKTr4
2025-09-15 22:10:51,558 [DEBUG] ytcrawl: [PT] title 실패 :: Exception while accessing title of https://youtube.com/watch?v=fT5412aVAnc. Please file a bug report at https://github.com/pytube/pytube
2025-09-15 22:10:51,558 [DEBUG] ytcrawl: [PT] views 실패 :: int() argument must be a string, a bytes-like object or a real number, not 'NoneType'
2025-09-15 22:10:51,567 [DEBUG] ytcrawl: [PT] length 실패 :: int() argument must be a string, a bytes-like object or a real number, not 'NoneType'
2025-09-15 22:10:51,568 [DEBUG] ytcrawl: [SUBS] channel_id 미확보
2025-09-15 22:10:51,569 [INFO] ytcrawl: [CAP] XML 자막 미확보
2025-09-15 22:10:51,569 [INFO] ytcrawl: [VIDEO] 완료: id=fT5412aVAnc, views=0, subs=0, cap_len=0, form=롱폼
2025-09-15 22:10:51,570 [INFO] ytcrawl: [VIDEO] 시작: id=qawKMdOz9ZE url=https://www.youtube.com/watch?v=qawKMdOz9ZE
2025-09-15 22:10:52,080 [DEBUG] ytcrawl: [HTTP] GET https://www.youtube.com/watch?v=qvo_eWf7BYU&hl=ko&gl=KR&persist_hl=1&persist_gl=1 -> 200, len=1004625
2025-09-15 22:10:52,107 [INFO] ytcrawl: [SUBS][WATCH] channel=UCVoQjYzdnOQFnBnvfbN2xww text='구독자 879명' -> 879
2025-09-15 22:10:52,107 [INFO] ytcrawl: [CAP] XML 자막 미확보
2025-09-15 22:10:52,107 [INFO] ytcrawl: [VIDEO] 완료: id=qvo_eWf7BYU, views=406, subs=879, cap_len=0, form=쇼츠
2025-09-15 22:10:52,108 [INFO] ytcrawl: [VIDEO] 시작: id=zYJFDc7D5kQ url=https://www.youtube.com/watch?v=zYJFDc7D5kQ
2025-09-15 22:10:52,809 [DEBUG] ytcrawl: [PT] title 실패 :: Exception while accessing title of https://youtube.com/watch?v=mDtCpPXNeKY. Please file a bug report at https://github.com/pytube/pytube
2025-09-15 22:10:52,809 [DEBUG] ytcrawl: [PT] views 실패 :: int() argument must be a string, a bytes-like object or a real number, not 'NoneType'
2025-09-15 22:10:52,815 [DEBUG] ytcrawl: [PT] length 실패 :: int() argument must be a string, a bytes-like object or a real number, not 'NoneType'
2025-09-15 22:10:53,004 [INFO] ytcrawl: [CAP] 'a.ko' 발견 → 원문 사용
2025-09-15 22:10:53,083 [DEBUG] ytcrawl: [HTTP] GET https://www.youtube.com/watch?v=JvgOTPRAi9g&hl=ko&gl=KR&persist_hl=1&persist_gl=1 -> 200, len=1031548
2025-09-15 22:10:53,112 [INFO] ytcrawl: [SUBS][WATCH] channel=UCVCNmXQnfawI1Ura1pGPRVQ text='구독자 210명' -> 210
2025-09-15 22:10:53,248 [INFO] ytcrawl: [CAP] 파싱 성공: lines=126, text_len=2038
2025-09-15 22:10:53,248 [INFO] ytcrawl: [VIDEO] 완료: id=Jn_UoJHQoeQ, views=16296, subs=20800, cap_len=2038, form=롱폼
2025-09-15 22:10:53,248 [INFO] ytcrawl: [VIDEO] 시작: id=hPVOMNFCcg4 url=https://www.youtube.com/watch?v=hPVOMNFCcg4
2025-09-15 22:10:53,327 [INFO] ytcrawl: [CAP] 'a.ko' 발견 → 원문 사용
2025-09-15 22:10:53,393 [DEBUG] ytcrawl: [HTTP] GET https://www.youtube.com/watch?v=KKDAzw8KJt0&hl=ko&gl=KR&persist_hl=1&persist_gl=1 -> 200, len=1019996
2025-09-15 22:10:53,420 [INFO] ytcrawl: [SUBS][WATCH] channel=UCs1JmC2FN75AOu6W3gzA6gw text='구독자 98명' -> 98
2025-09-15 22:10:53,420 [INFO] ytcrawl: [CAP] XML 자막 미확보
2025-09-15 22:10:53,421 [INFO] ytcrawl: [VIDEO] 완료: id=KKDAzw8KJt0, views=454, subs=98, cap_len=0, form=쇼츠
2025-09-15 22:10:53,421 [INFO] ytcrawl: [VIDEO] 시작: id=XuMLjr0BpkM url=https://www.youtube.com/watch?v=XuMLjr0BpkM
2025-09-15 22:10:53,554 [INFO] ytcrawl: [CAP] 파싱 성공: lines=27, text_len=472
2025-09-15 22:10:53,554 [INFO] ytcrawl: [CAP] 'a.ko' 발견 → 원문 사용
2025-09-15 22:10:53,554 [INFO] ytcrawl: [VIDEO] 완료: id=JvgOTPRAi9g, views=1427, subs=210, cap_len=472, form=쇼츠
2025-09-15 22:10:53,555 [INFO] ytcrawl: [VIDEO] 시작: id=pv6dGQ6GMFA url=https://www.youtube.com/watch?v=pv6dGQ6GMFA
2025-09-15 22:10:53,612 [DEBUG] ytcrawl: [HTTP] GET https://www.youtube.com/watch?v=x-oUQSbr9Xw&hl=ko&gl=KR&persist_hl=1&persist_gl=1 -> 200, len=1565917
2025-09-15 22:10:53,649 [INFO] ytcrawl: [SUBS][WATCH] channel=UC1mV6eo3YYJDgDxHJnZdzdA text='구독자 1.47만명' -> 14700
2025-09-15 22:10:53,761 [INFO] ytcrawl: [CAP] 파싱 성공: lines=29, text_len=335
2025-09-15 22:10:53,762 [INFO] ytcrawl: [VIDEO] 완료: id=TODJ9JVKTr4, views=12660, subs=690, cap_len=335, form=쇼츠
2025-09-15 22:10:53,762 [INFO] ytcrawl: [VIDEO] 시작: id=RDlQYbMeloc url=https://www.youtube.com/watch?v=RDlQYbMeloc
2025-09-15 22:10:53,846 [DEBUG] ytcrawl: [HTTP] GET https://www.youtube.com/watch?v=mDtCpPXNeKY&hl=ko&gl=KR&persist_hl=1&persist_gl=1 -> 200, len=1561232
2025-09-15 22:10:53,880 [INFO] ytcrawl: [SUBS][WATCH] channel=UCBt70E0BYBGTWz1mfGd28LQ text='구독자 3.48만명' -> 34800
2025-09-15 22:10:53,964 [DEBUG] ytcrawl: [CAP][PR] GET https://www.youtube.com/api/timedtext?v=mDtCpPXNeKY&ei=WxDIaJviIvCc29gPg4LcqQs&caps=asr&opi=112496729&exp=xpe&xoaf=5&hl=en&ip=0.0.0.0&ipbits=0&expire=1757967051&sparams=ip,ipbits,expire,v,ei,caps,opi,exp,xoaf&signature=86BD0FD1AA127283872D500F02D9AC0A2B66A3D2.099FF4664904F9AEB54F968661E5B63E21120920&key=yt8&lang=ko&fmt=srv3 -> 200, len=0
2025-09-15 22:10:53,964 [INFO] ytcrawl: [CAP] XML 자막 미확보
2025-09-15 22:10:53,964 [INFO] ytcrawl: [VIDEO] 완료: id=mDtCpPXNeKY, views=68532, subs=34800, cap_len=0, form=롱폼
2025-09-15 22:10:53,964 [INFO] ytcrawl: [VIDEO] 시작: id=nDMOxPVwNWM url=https://www.youtube.com/watch?v=nDMOxPVwNWM
2025-09-15 22:10:54,012 [DEBUG] ytcrawl: [PT] title 실패 :: Exception while accessing title of https://youtube.com/watch?v=zYJFDc7D5kQ. Please file a bug report at https://github.com/pytube/pytube
2025-09-15 22:10:54,013 [DEBUG] ytcrawl: [PT] views 실패 :: int() argument must be a string, a bytes-like object or a real number, not 'NoneType'
2025-09-15 22:10:54,018 [DEBUG] ytcrawl: [PT] length 실패 :: int() argument must be a string, a bytes-like object or a real number, not 'NoneType'
2025-09-15 22:10:54,095 [INFO] ytcrawl: [CAP] 'a.ko' 발견 → 원문 사용
2025-09-15 22:10:54,119 [DEBUG] ytcrawl: [CAP][PR] GET https://www.youtube.com/api/timedtext?v=zYJFDc7D5kQ&ei=XRDIaNrMBc2O29gPkafYsQo&caps=asr&opi=112496729&exp=xpe&xoaf=5&hl=en&ip=0.0.0.0&ipbits=0&expire=1757967053&sparams=ip,ipbits,expire,v,ei,caps,opi,exp,xoaf&signature=7E549D4DE8DA1D983E0B31AFE55F8AC305020D0C.43AE45063B8A3E8433572399013CAA2477FCC979&key=yt8&kind=asr&lang=ko&fmt=srv3 -> 200, len=0
2025-09-15 22:10:54,119 [INFO] ytcrawl: [CAP] XML 자막 미확보
2025-09-15 22:10:54,119 [INFO] ytcrawl: [VIDEO] 완료: id=zYJFDc7D5kQ, views=32850, subs=6270, cap_len=0, form=롱폼
2025-09-15 22:10:54,119 [INFO] ytcrawl: [VIDEO] 시작: id=1k5wxY_lt7U url=https://www.youtube.com/watch?v=1k5wxY_lt7U
2025-09-15 22:10:54,432 [DEBUG] ytcrawl: [HTTP] GET https://www.youtube.com/watch?v=qawKMdOz9ZE&hl=ko&gl=KR&persist_hl=1&persist_gl=1 -> 200, len=1679206
2025-09-15 22:10:54,470 [INFO] ytcrawl: [SUBS][WATCH] channel=UCwiYdaR6FtQST12a6WgJVug text='구독자 2.95만명' -> 29500
2025-09-15 22:10:54,473 [INFO] ytcrawl: [CAP] 파싱 성공: lines=235, text_len=4537
2025-09-15 22:10:54,473 [INFO] ytcrawl: [VIDEO] 완료: id=x-oUQSbr9Xw, views=2903, subs=14700, cap_len=4537, form=롱폼
2025-09-15 22:10:54,473 [INFO] ytcrawl: [VIDEO] 시작: id=hnYmMIhld0U url=https://www.youtube.com/watch?v=hnYmMIhld0U
2025-09-15 22:10:54,764 [INFO] ytcrawl: [CAP] 'a.ko' 발견 → 원문 사용
2025-09-15 22:10:55,112 [INFO] ytcrawl: [CAP] 파싱 성공: lines=277, text_len=5386
2025-09-15 22:10:55,112 [INFO] ytcrawl: [VIDEO] 완료: id=qawKMdOz9ZE, views=1529, subs=29500, cap_len=5386, form=롱폼
2025-09-15 22:10:55,112 [INFO] ytcrawl: [VIDEO] 시작: id=1u6fGS2nw6A url=https://www.youtube.com/watch?v=1u6fGS2nw6A
2025-09-15 22:10:55,489 [DEBUG] ytcrawl: [PT] title 실패 :: Exception while accessing title of https://youtube.com/watch?v=nDMOxPVwNWM. Please file a bug report at https://github.com/pytube/pytube
2025-09-15 22:10:55,489 [DEBUG] ytcrawl: [PT] views 실패 :: int() argument must be a string, a bytes-like object or a real number, not 'NoneType'
2025-09-15 22:10:55,498 [DEBUG] ytcrawl: [PT] length 실패 :: int() argument must be a string, a bytes-like object or a real number, not 'NoneType'
2025-09-15 22:10:55,499 [DEBUG] ytcrawl: [SUBS] channel_id 미확보
2025-09-15 22:10:55,500 [INFO] ytcrawl: [CAP] XML 자막 미확보
2025-09-15 22:10:55,500 [INFO] ytcrawl: [VIDEO] 완료: id=nDMOxPVwNWM, views=0, subs=0, cap_len=0, form=롱폼
2025-09-15 22:10:55,500 [INFO] ytcrawl: [VIDEO] 시작: id=Cv77QcVLkyM url=https://www.youtube.com/watch?v=Cv77QcVLkyM
2025-09-15 22:10:55,628 [DEBUG] ytcrawl: [PT] title 실패 :: Exception while accessing title of https://youtube.com/watch?v=RDlQYbMeloc. Please file a bug report at https://github.com/pytube/pytube
2025-09-15 22:10:55,628 [DEBUG] ytcrawl: [PT] views 실패 :: int() argument must be a string, a bytes-like object or a real number, not 'NoneType'
2025-09-15 22:10:55,639 [DEBUG] ytcrawl: [PT] length 실패 :: int() argument must be a string, a bytes-like object or a real number, not 'NoneType'
2025-09-15 22:10:55,640 [DEBUG] ytcrawl: [SUBS] channel_id 미확보
2025-09-15 22:10:55,641 [INFO] ytcrawl: [CAP] XML 자막 미확보
2025-09-15 22:10:55,641 [INFO] ytcrawl: [VIDEO] 완료: id=RDlQYbMeloc, views=0, subs=0, cap_len=0, form=롱폼
2025-09-15 22:10:55,641 [INFO] ytcrawl: [VIDEO] 시작: id=5KUchjIS-8M url=https://www.youtube.com/watch?v=5KUchjIS-8M
2025-09-15 22:10:55,910 [DEBUG] ytcrawl: [PT] title 실패 :: Exception while accessing title of https://youtube.com/watch?v=1k5wxY_lt7U. Please file a bug report at https://github.com/pytube/pytube
2025-09-15 22:10:55,910 [DEBUG] ytcrawl: [PT] views 실패 :: int() argument must be a string, a bytes-like object or a real number, not 'NoneType'
2025-09-15 22:10:55,919 [DEBUG] ytcrawl: [PT] length 실패 :: int() argument must be a string, a bytes-like object or a real number, not 'NoneType'
2025-09-15 22:10:55,921 [DEBUG] ytcrawl: [SUBS] channel_id 미확보
2025-09-15 22:10:55,922 [INFO] ytcrawl: [CAP] XML 자막 미확보
2025-09-15 22:10:55,922 [INFO] ytcrawl: [VIDEO] 완료: id=1k5wxY_lt7U, views=0, subs=0, cap_len=0, form=롱폼
2025-09-15 22:10:55,922 [INFO] ytcrawl: [VIDEO] 시작: id=yoZxlYH6cB4 url=https://www.youtube.com/watch?v=yoZxlYH6cB4
2025-09-15 22:10:56,026 [DEBUG] ytcrawl: [HTTP] GET https://www.youtube.com/watch?v=hPVOMNFCcg4&hl=ko&gl=KR&persist_hl=1&persist_gl=1 -> 200, len=1571256
2025-09-15 22:10:56,060 [INFO] ytcrawl: [SUBS][WATCH] channel=UCg0L-YTxGBYRjeuPu3wj3Dw text='구독자 183명' -> 183
2025-09-15 22:10:56,404 [DEBUG] ytcrawl: [HTTP] GET https://www.youtube.com/watch?v=XuMLjr0BpkM&hl=ko&gl=KR&persist_hl=1&persist_gl=1 -> 200, len=1493352
2025-09-15 22:10:56,432 [INFO] ytcrawl: [SUBS][WATCH] channel=UC3vMGSgcoqfWAomDkkzgjrg text='구독자 3.03천명' -> 3030
2025-09-15 22:10:56,448 [DEBUG] ytcrawl: [HTTP] GET https://www.youtube.com/watch?v=pv6dGQ6GMFA&hl=ko&gl=KR&persist_hl=1&persist_gl=1 -> 200, len=1485347
2025-09-15 22:10:56,476 [INFO] ytcrawl: [SUBS][WATCH] channel=UCU1zlPhK-dAF69A3pVi-3dw text='구독자 746명' -> 746
2025-09-15 22:10:56,700 [INFO] ytcrawl: [CAP] 'a.ko' 발견 → 원문 사용
2025-09-15 22:10:56,856 [DEBUG] ytcrawl: [PT] title 실패 :: Exception while accessing title of https://youtube.com/watch?v=Cv77QcVLkyM. Please file a bug report at https://github.com/pytube/pytube
2025-09-15 22:10:56,856 [DEBUG] ytcrawl: [PT] views 실패 :: int() argument must be a string, a bytes-like object or a real number, not 'NoneType'
2025-09-15 22:10:56,866 [DEBUG] ytcrawl: [PT] length 실패 :: int() argument must be a string, a bytes-like object or a real number, not 'NoneType'
2025-09-15 22:10:56,867 [DEBUG] ytcrawl: [SUBS] channel_id 미확보
2025-09-15 22:10:56,868 [INFO] ytcrawl: [CAP] XML 자막 미확보
2025-09-15 22:10:56,868 [INFO] ytcrawl: [VIDEO] 완료: id=Cv77QcVLkyM, views=0, subs=0, cap_len=0, form=롱폼
2025-09-15 22:10:56,869 [INFO] ytcrawl: [VIDEO] 시작: id=1QHgF8ggmQc url=https://www.youtube.com/watch?v=1QHgF8ggmQc
2025-09-15 22:10:56,872 [INFO] ytcrawl: [CAP] 'a.ko' 발견 → 원문 사용
2025-09-15 22:10:56,906 [INFO] ytcrawl: [CAP] 'a.ko' 발견 → 원문 사용
2025-09-15 22:10:57,075 [INFO] ytcrawl: [CAP] 'a.ko' 발견 → 원문 사용
2025-09-15 22:10:57,231 [INFO] ytcrawl: [CAP] 파싱 성공: lines=678, text_len=12547
2025-09-15 22:10:57,232 [INFO] ytcrawl: [VIDEO] 완료: id=XuMLjr0BpkM, views=1414, subs=3030, cap_len=12547, form=롱폼
2025-09-15 22:10:57,232 [INFO] ytcrawl: [VIDEO] 시작: id=RAP5y0fMokg url=https://www.youtube.com/watch?v=RAP5y0fMokg
2025-09-15 22:10:57,268 [INFO] ytcrawl: [CAP] 파싱 성공: lines=90, text_len=1700
2025-09-15 22:10:57,269 [INFO] ytcrawl: [VIDEO] 완료: id=hPVOMNFCcg4, views=155, subs=183, cap_len=1700, form=롱폼
2025-09-15 22:10:57,273 [INFO] ytcrawl: [CAP] 파싱 성공: lines=881, text_len=15126
2025-09-15 22:10:57,273 [INFO] ytcrawl: [VIDEO] 완료: id=pv6dGQ6GMFA, views=1002, subs=746, cap_len=15126, form=롱폼
2025-09-15 22:10:57,478 [INFO] ytcrawl: [CAP] 파싱 성공: lines=551, text_len=10541
2025-09-15 22:10:57,478 [INFO] ytcrawl: [VIDEO] 완료: id=1u6fGS2nw6A, views=70417, subs=104000, cap_len=10541, form=롱폼
2025-09-15 22:10:58,028 [DEBUG] ytcrawl: [HTTP] GET https://www.youtube.com/watch?v=hnYmMIhld0U&hl=ko&gl=KR&persist_hl=1&persist_gl=1 -> 200, len=1745783
2025-09-15 22:10:58,079 [INFO] ytcrawl: [SUBS][WATCH] channel=UCMD6dQUXm3ELqaiEs5yFycQ text='구독자 1.19만명' -> 11900
2025-09-15 22:10:58,245 [DEBUG] ytcrawl: [HTTP] GET https://www.youtube.com/watch?v=5KUchjIS-8M&hl=ko&gl=KR&persist_hl=1&persist_gl=1 -> 200, len=1503171
2025-09-15 22:10:58,272 [INFO] ytcrawl: [SUBS][WATCH] channel=UCg6vod5buiF8HoDYfmloemA text='구독자 2.16만명' -> 21600
2025-09-15 22:10:58,365 [DEBUG] ytcrawl: [PT] title 실패 :: Exception while accessing title of https://youtube.com/watch?v=yoZxlYH6cB4. Please file a bug report at https://github.com/pytube/pytube
2025-09-15 22:10:58,366 [DEBUG] ytcrawl: [PT] views 실패 :: int() argument must be a string, a bytes-like object or a real number, not 'NoneType'
2025-09-15 22:10:58,377 [DEBUG] ytcrawl: [PT] length 실패 :: int() argument must be a string, a bytes-like object or a real number, not 'NoneType'
2025-09-15 22:10:58,378 [DEBUG] ytcrawl: [SUBS] channel_id 미확보
2025-09-15 22:10:58,379 [INFO] ytcrawl: [CAP] 'a.ko' 발견 → 원문 사용
2025-09-15 22:10:58,379 [INFO] ytcrawl: [CAP] XML 자막 미확보
2025-09-15 22:10:58,379 [INFO] ytcrawl: [VIDEO] 완료: id=yoZxlYH6cB4, views=0, subs=0, cap_len=0, form=롱폼
2025-09-15 22:10:58,638 [INFO] ytcrawl: [CAP] 'a.ko' 발견 → 원문 사용
2025-09-15 22:10:58,796 [INFO] ytcrawl: [CAP] 파싱 성공: lines=378, text_len=7174
2025-09-15 22:10:58,796 [INFO] ytcrawl: [VIDEO] 완료: id=hnYmMIhld0U, views=4042, subs=11900, cap_len=7174, form=롱폼
2025-09-15 22:10:58,934 [INFO] ytcrawl: [CAP] 'ko' 발견 → 원문 사용
2025-09-15 22:10:59,126 [DEBUG] ytcrawl: [CAP] 번역(a.en) 응답: 429, len=1103
2025-09-15 22:10:59,126 [INFO] ytcrawl: [CAP] XML 자막 미확보
2025-09-15 22:10:59,126 [INFO] ytcrawl: [VIDEO] 완료: id=RAP5y0fMokg, views=63, subs=11, cap_len=0, form=롱폼
2025-09-15 22:10:59,159 [INFO] ytcrawl: [CAP] 파싱 성공: lines=18, text_len=1178
2025-09-15 22:10:59,159 [INFO] ytcrawl: [VIDEO] 완료: id=1QHgF8ggmQc, views=1776, subs=10300, cap_len=1178, form=롱폼
2025-09-15 22:10:59,225 [INFO] ytcrawl: [CAP] 파싱 성공: lines=286, text_len=4102
2025-09-15 22:10:59,225 [INFO] ytcrawl: [VIDEO] 완료: id=5KUchjIS-8M, views=90488, subs=21600, cap_len=4102, form=롱폼
2025-09-15 22:10:59,231 [INFO] ytcrawl: [UI-SEARCH] 완료
2025-09-16 00:04:21,283 [INFO] ytcrawl: [UI] 검색 버튼: q='페이커', count=10
2025-09-16 00:04:21,285 [INFO] ytcrawl: [UI-SEARCH] 시작: q='페이커', want=10
2025-09-16 00:04:22,341 [INFO] ytcrawl: [UI-SEARCH] 대상(중복제거) 10개: ['ICaDK2gYBnI', 'bAAxP0UPcDo', 'U8oXSxhdpTg', 'xBxYBEhUvRg', 't0_jYVq0dhE', 'zlCSig6bqy4', 'AgMunMOmdy8', 'pcsj43tmgew', 'J6hE9PY9qEA', 'Pq6YJ5c2a7E']
2025-09-16 00:04:22,341 [INFO] ytcrawl: [VIDEO] 시작: id=ICaDK2gYBnI url=https://www.youtube.com/watch?v=ICaDK2gYBnI
2025-09-16 00:04:22,342 [INFO] ytcrawl: [VIDEO] 시작: id=bAAxP0UPcDo url=https://www.youtube.com/watch?v=bAAxP0UPcDo
2025-09-16 00:04:22,342 [INFO] ytcrawl: [VIDEO] 시작: id=U8oXSxhdpTg url=https://www.youtube.com/watch?v=U8oXSxhdpTg
2025-09-16 00:04:22,343 [INFO] ytcrawl: [VIDEO] 시작: id=xBxYBEhUvRg url=https://www.youtube.com/watch?v=xBxYBEhUvRg
2025-09-16 00:04:22,343 [INFO] ytcrawl: [VIDEO] 시작: id=t0_jYVq0dhE url=https://www.youtube.com/watch?v=t0_jYVq0dhE
2025-09-16 00:04:22,344 [INFO] ytcrawl: [VIDEO] 시작: id=zlCSig6bqy4 url=https://www.youtube.com/watch?v=zlCSig6bqy4
2025-09-16 00:04:22,344 [INFO] ytcrawl: [VIDEO] 시작: id=AgMunMOmdy8 url=https://www.youtube.com/watch?v=AgMunMOmdy8
2025-09-16 00:04:22,345 [INFO] ytcrawl: [VIDEO] 시작: id=pcsj43tmgew url=https://www.youtube.com/watch?v=pcsj43tmgew
2025-09-16 00:04:24,931 [DEBUG] ytcrawl: [HTTP] GET https://www.youtube.com/watch?v=bAAxP0UPcDo&hl=ko&gl=KR&persist_hl=1&persist_gl=1 -> 200, len=974172
2025-09-16 00:04:24,957 [INFO] ytcrawl: [SUBS][WATCH] channel=UCORzxHO2quCHbE2fTo_snEg text='구독자 1.36만명' -> 13600
2025-09-16 00:04:25,210 [DEBUG] ytcrawl: [HTTP] GET https://www.youtube.com/watch?v=ICaDK2gYBnI&hl=ko&gl=KR&persist_hl=1&persist_gl=1 -> 200, len=1062344
2025-09-16 00:04:25,241 [INFO] ytcrawl: [SUBS][WATCH] channel=UCZE0CrbZaXylHJ36l_kXgSw text='구독자 1.9만명' -> 19000
2025-09-16 00:04:25,242 [INFO] ytcrawl: [CAP] 'a.ko' 발견 → 원문 사용
2025-09-16 00:04:25,243 [INFO] ytcrawl: [CAP] XML 자막 미확보
2025-09-16 00:04:25,243 [INFO] ytcrawl: [VIDEO] 완료: id=ICaDK2gYBnI, views=8964, subs=19000, cap_len=0, form=롱폼
2025-09-16 00:04:25,243 [INFO] ytcrawl: [VIDEO] 시작: id=J6hE9PY9qEA url=https://www.youtube.com/watch?v=J6hE9PY9qEA
2025-09-16 00:04:25,367 [DEBUG] ytcrawl: [HTTP] GET https://www.youtube.com/watch?v=xBxYBEhUvRg&hl=ko&gl=KR&persist_hl=1&persist_gl=1 -> 200, len=1050883
2025-09-16 00:04:25,397 [INFO] ytcrawl: [SUBS][WATCH] channel=UCGt6h41qCj0i4WR6cYFYrvA text='구독자 11.9만명' -> 119000
2025-09-16 00:04:25,523 [INFO] ytcrawl: [CAP] 파싱 성공: lines=12, text_len=217
2025-09-16 00:04:25,525 [INFO] ytcrawl: [VIDEO] 완료: id=bAAxP0UPcDo, views=34642, subs=13600, cap_len=217, form=쇼츠
2025-09-16 00:04:25,525 [INFO] ytcrawl: [VIDEO] 시작: id=Pq6YJ5c2a7E url=https://www.youtube.com/watch?v=Pq6YJ5c2a7E
2025-09-16 00:04:25,570 [DEBUG] ytcrawl: [HTTP] GET https://www.youtube.com/watch?v=zlCSig6bqy4&hl=ko&gl=KR&persist_hl=1&persist_gl=1 -> 200, len=1048146
2025-09-16 00:04:25,602 [INFO] ytcrawl: [SUBS][WATCH] channel=UChDt1Cl-YQQ2n7US3utH_AA text='구독자 5.05만명' -> 50500
2025-09-16 00:04:25,607 [DEBUG] ytcrawl: [HTTP] GET https://www.youtube.com/watch?v=pcsj43tmgew&hl=ko&gl=KR&persist_hl=1&persist_gl=1 -> 200, len=969089
2025-09-16 00:04:25,633 [INFO] ytcrawl: [SUBS][WATCH] channel=UCyOdQEwHLY_IQHLLPkGaCMg text='구독자 2.42만명' -> 24200
2025-09-16 00:04:25,701 [DEBUG] ytcrawl: [HTTP] GET https://www.youtube.com/watch?v=t0_jYVq0dhE&hl=ko&gl=KR&persist_hl=1&persist_gl=1 -> 200, len=1012440
2025-09-16 00:04:25,704 [DEBUG] ytcrawl: [HTTP] GET https://www.youtube.com/watch?v=U8oXSxhdpTg&hl=ko&gl=KR&persist_hl=1&persist_gl=1 -> 200, len=1077889
2025-09-16 00:04:25,730 [INFO] ytcrawl: [SUBS][WATCH] channel=UCBjjh72yM1KoMHfFhNBQr8w text='구독자 4.53만명' -> 45300
2025-09-16 00:04:25,769 [INFO] ytcrawl: [SUBS][WATCH] channel=UC7BzM0dLCc9jGrg0Qew1_SQ text='구독자 25.9만명' -> 259000
2025-09-16 00:04:25,796 [INFO] ytcrawl: [CAP] 'a.ko' 발견 → 원문 사용
2025-09-16 00:04:25,949 [INFO] ytcrawl: [CAP] 'ko' 발견 → 원문 사용
2025-09-16 00:04:26,028 [INFO] ytcrawl: [CAP] 'a.ko' 발견 → 원문 사용
2025-09-16 00:04:26,058 [DEBUG] ytcrawl: [HTTP] GET https://www.youtube.com/watch?v=AgMunMOmdy8&hl=ko&gl=KR&persist_hl=1&persist_gl=1 -> 200, len=1009693
2025-09-16 00:04:26,083 [INFO] ytcrawl: [CAP] 'a.ko' 발견 → 원문 사용
2025-09-16 00:04:26,084 [INFO] ytcrawl: [SUBS][WATCH] channel=UCBjjh72yM1KoMHfFhNBQr8w text='구독자 4.53만명' -> 45300
2025-09-16 00:04:26,196 [INFO] ytcrawl: [CAP] 파싱 성공: lines=350, text_len=5170
2025-09-16 00:04:26,197 [INFO] ytcrawl: [VIDEO] 완료: id=xBxYBEhUvRg, views=1193438, subs=119000, cap_len=5170, form=롱폼
2025-09-16 00:04:26,235 [INFO] ytcrawl: [CAP] 파싱 성공: lines=54, text_len=917
2025-09-16 00:04:26,236 [INFO] ytcrawl: [VIDEO] 완료: id=pcsj43tmgew, views=1444, subs=24200, cap_len=917, form=롱폼
2025-09-16 00:04:26,290 [INFO] ytcrawl: [CAP] 'a.ko' 발견 → 원문 사용
2025-09-16 00:04:26,363 [INFO] ytcrawl: [CAP] 'a.ko' 발견 → 원문 사용
2025-09-16 00:04:26,363 [INFO] ytcrawl: [CAP] 파싱 성공: lines=21, text_len=395
2025-09-16 00:04:26,364 [INFO] ytcrawl: [VIDEO] 완료: id=t0_jYVq0dhE, views=225622, subs=45300, cap_len=395, form=쇼츠
2025-09-16 00:04:26,447 [INFO] ytcrawl: [CAP] 파싱 성공: lines=441, text_len=7772
2025-09-16 00:04:26,447 [INFO] ytcrawl: [VIDEO] 완료: id=zlCSig6bqy4, views=323784, subs=50500, cap_len=7772, form=롱폼
2025-09-16 00:04:26,637 [INFO] ytcrawl: [CAP] 파싱 성공: lines=22, text_len=407
2025-09-16 00:04:26,638 [INFO] ytcrawl: [VIDEO] 완료: id=AgMunMOmdy8, views=63706, subs=45300, cap_len=407, form=쇼츠
2025-09-16 00:04:26,724 [INFO] ytcrawl: [CAP] 파싱 성공: lines=402, text_len=6943
2025-09-16 00:04:26,724 [INFO] ytcrawl: [VIDEO] 완료: id=U8oXSxhdpTg, views=734126, subs=259000, cap_len=6943, form=롱폼
2025-09-16 00:04:27,248 [INFO] ytcrawl: [CAP] 'a.ko' 발견 → 원문 사용
2025-09-16 00:04:27,263 [DEBUG] ytcrawl: [HTTP] GET https://www.youtube.com/watch?v=J6hE9PY9qEA&hl=ko&gl=KR&persist_hl=1&persist_gl=1 -> 200, len=995969
2025-09-16 00:04:27,288 [INFO] ytcrawl: [SUBS][WATCH] channel=UCoo2pYADRxbV0q4LRrF4yNg text='구독자 1.01만명' -> 10100
2025-09-16 00:04:27,533 [INFO] ytcrawl: [CAP] 파싱 성공: lines=22, text_len=416
2025-09-16 00:04:27,533 [INFO] ytcrawl: [VIDEO] 완료: id=Pq6YJ5c2a7E, views=281617, subs=45300, cap_len=416, form=쇼츠
2025-09-16 00:04:27,561 [INFO] ytcrawl: [CAP] 'a.ko' 발견 → 원문 사용
2025-09-16 00:04:27,850 [INFO] ytcrawl: [CAP] 파싱 성공: lines=7, text_len=88
2025-09-16 00:04:27,850 [INFO] ytcrawl: [VIDEO] 완료: id=J6hE9PY9qEA, views=13902, subs=10100, cap_len=88, form=쇼츠
2025-09-16 00:04:27,851 [INFO] ytcrawl: [UI-SEARCH] 완료
2025-09-16 09:28:40,028 [INFO] ytcrawl: [UI] 검색 버튼: q='페이커', count=10
2025-09-16 09:28:40,030 [INFO] ytcrawl: [UI-SEARCH] 시작: q='페이커', want=10
2025-09-16 09:28:40,981 [INFO] ytcrawl: [UI-SEARCH] 대상(중복제거) 10개: ['zlCSig6bqy4', 'ICaDK2gYBnI', 'TVZJ98nga9U', 'H6fC_0qIK24', '2cPaAptk_Q8', 'Pq6YJ5c2a7E', 'nFtTdN1LFT0', 'FTk6_41CUNs', 'jN9DhL2ODqs', 'qgg512NBknQ']
2025-09-16 09:28:40,982 [INFO] ytcrawl: [VIDEO] 시작: id=zlCSig6bqy4 url=https://www.youtube.com/watch?v=zlCSig6bqy4
2025-09-16 09:28:40,982 [INFO] ytcrawl: [VIDEO] 시작: id=ICaDK2gYBnI url=https://www.youtube.com/watch?v=ICaDK2gYBnI
2025-09-16 09:28:40,983 [INFO] ytcrawl: [VIDEO] 시작: id=TVZJ98nga9U url=https://www.youtube.com/watch?v=TVZJ98nga9U
2025-09-16 09:28:40,984 [INFO] ytcrawl: [VIDEO] 시작: id=H6fC_0qIK24 url=https://www.youtube.com/watch?v=H6fC_0qIK24
2025-09-16 09:28:40,984 [INFO] ytcrawl: [VIDEO] 시작: id=2cPaAptk_Q8 url=https://www.youtube.com/watch?v=2cPaAptk_Q8
2025-09-16 09:28:40,984 [INFO] ytcrawl: [VIDEO] 시작: id=Pq6YJ5c2a7E url=https://www.youtube.com/watch?v=Pq6YJ5c2a7E
2025-09-16 09:28:40,985 [INFO] ytcrawl: [VIDEO] 시작: id=nFtTdN1LFT0 url=https://www.youtube.com/watch?v=nFtTdN1LFT0
2025-09-16 09:28:40,985 [INFO] ytcrawl: [VIDEO] 시작: id=FTk6_41CUNs url=https://www.youtube.com/watch?v=FTk6_41CUNs
2025-09-16 09:28:43,589 [DEBUG] ytcrawl: [HTTP] GET https://www.youtube.com/watch?v=zlCSig6bqy4&hl=ko&gl=KR&persist_hl=1&persist_gl=1 -> 200, len=1052391
2025-09-16 09:28:43,623 [INFO] ytcrawl: [SUBS][WATCH] channel=UChDt1Cl-YQQ2n7US3utH_AA text='구독자 5.05만명' -> 50500
2025-09-16 09:28:43,820 [DEBUG] ytcrawl: [HTTP] GET https://www.youtube.com/watch?v=2cPaAptk_Q8&hl=ko&gl=KR&persist_hl=1&persist_gl=1 -> 200, len=1067428
2025-09-16 09:28:43,847 [INFO] ytcrawl: [SUBS][WATCH] channel=UCpJw2H9KKqwCCGQKRh1Bf2w text='구독자 205만명' -> 2050000
2025-09-16 09:28:43,903 [DEBUG] ytcrawl: [HTTP] GET https://www.youtube.com/watch?v=nFtTdN1LFT0&hl=ko&gl=KR&persist_hl=1&persist_gl=1 -> 200, len=1013317
2025-09-16 09:28:43,930 [INFO] ytcrawl: [SUBS][WATCH] channel=UCYcjW4Oqv8-UJMbKBptZcrw text='구독자 394명' -> 394
2025-09-16 09:28:43,940 [DEBUG] ytcrawl: [CAP] 번역(en) 응답: 200, len=118
2025-09-16 09:28:43,940 [INFO] ytcrawl: [CAP] 파싱 성공: lines=1, text_len=6
2025-09-16 09:28:43,940 [INFO] ytcrawl: [VIDEO] 완료: id=2cPaAptk_Q8, views=242695, subs=2050000, cap_len=6, form=롱폼
2025-09-16 09:28:43,941 [INFO] ytcrawl: [VIDEO] 시작: id=jN9DhL2ODqs url=https://www.youtube.com/watch?v=jN9DhL2ODqs
2025-09-16 09:28:43,973 [DEBUG] ytcrawl: [HTTP] GET https://www.youtube.com/watch?v=FTk6_41CUNs&hl=ko&gl=KR&persist_hl=1&persist_gl=1 -> 200, len=1033303
2025-09-16 09:28:44,002 [INFO] ytcrawl: [SUBS][WATCH] channel=UCMfaPYWSI6sK8qnB1btAvCA text='구독자 14.9만명' -> 149000
2025-09-16 09:28:44,003 [INFO] ytcrawl: [CAP] 'a.ko' 발견 → 원문 사용
2025-09-16 09:28:44,008 [DEBUG] ytcrawl: [HTTP] GET https://www.youtube.com/watch?v=ICaDK2gYBnI&hl=ko&gl=KR&persist_hl=1&persist_gl=1 -> 200, len=1071341
2025-09-16 09:28:44,035 [INFO] ytcrawl: [SUBS][WATCH] channel=UCZE0CrbZaXylHJ36l_kXgSw text='구독자 1.9만명' -> 19000
2025-09-16 09:28:44,036 [INFO] ytcrawl: [CAP] XML 자막 미확보
2025-09-16 09:28:44,036 [INFO] ytcrawl: [VIDEO] 완료: id=ICaDK2gYBnI, views=11183, subs=19000, cap_len=0, form=롱폼
2025-09-16 09:28:44,036 [INFO] ytcrawl: [VIDEO] 시작: id=qgg512NBknQ url=https://www.youtube.com/watch?v=qgg512NBknQ
2025-09-16 09:28:44,220 [INFO] ytcrawl: [CAP] 'a.ko' 발견 → 원문 사용
2025-09-16 09:28:44,223 [DEBUG] ytcrawl: [HTTP] GET https://www.youtube.com/watch?v=Pq6YJ5c2a7E&hl=ko&gl=KR&persist_hl=1&persist_gl=1 -> 200, len=1029743
2025-09-16 09:28:44,250 [INFO] ytcrawl: [SUBS][WATCH] channel=UCBjjh72yM1KoMHfFhNBQr8w text='구독자 4.53만명' -> 45300
2025-09-16 09:28:44,270 [INFO] ytcrawl: [CAP] 'a.ko' 발견 → 원문 사용
2025-09-16 09:28:44,326 [DEBUG] ytcrawl: [HTTP] GET https://www.youtube.com/watch?v=H6fC_0qIK24&hl=ko&gl=KR&persist_hl=1&persist_gl=1 -> 200, len=1112033
2025-09-16 09:28:44,356 [INFO] ytcrawl: [SUBS][WATCH] channel=UCpJw2H9KKqwCCGQKRh1Bf2w text='구독자 205만명' -> 2050000
2025-09-16 09:28:44,361 [INFO] ytcrawl: [CAP] 파싱 성공: lines=441, text_len=7985
2025-09-16 09:28:44,361 [INFO] ytcrawl: [VIDEO] 완료: id=zlCSig6bqy4, views=324734, subs=50500, cap_len=7985, form=롱폼
2025-09-16 09:28:44,456 [INFO] ytcrawl: [CAP] 파싱 성공: lines=34, text_len=620
2025-09-16 09:28:44,457 [INFO] ytcrawl: [VIDEO] 완료: id=FTk6_41CUNs, views=489257, subs=149000, cap_len=620, form=쇼츠
2025-09-16 09:28:44,476 [INFO] ytcrawl: [CAP] 'a.ko' 발견 → 원문 사용
2025-09-16 09:28:44,486 [INFO] ytcrawl: [CAP] 파싱 성공: lines=24, text_len=311
2025-09-16 09:28:44,487 [INFO] ytcrawl: [VIDEO] 완료: id=nFtTdN1LFT0, views=150165, subs=394, cap_len=311, form=쇼츠
2025-09-16 09:28:44,528 [DEBUG] ytcrawl: [HTTP] GET https://www.youtube.com/watch?v=TVZJ98nga9U&hl=ko&gl=KR&persist_hl=1&persist_gl=1 -> 200, len=1447162
2025-09-16 09:28:44,559 [INFO] ytcrawl: [SUBS][WATCH] channel=UCZE0CrbZaXylHJ36l_kXgSw text='구독자 1.9만명' -> 19000
2025-09-16 09:28:44,560 [INFO] ytcrawl: [CAP] XML 자막 미확보
2025-09-16 09:28:44,560 [INFO] ytcrawl: [VIDEO] 완료: id=TVZJ98nga9U, views=15383, subs=19000, cap_len=0, form=롱폼
2025-09-16 09:28:44,635 [DEBUG] ytcrawl: [CAP] 번역(en) 응답: 429, len=1103
2025-09-16 09:28:44,681 [INFO] ytcrawl: [CAP] 파싱 성공: lines=22, text_len=416
2025-09-16 09:28:44,681 [INFO] ytcrawl: [VIDEO] 완료: id=Pq6YJ5c2a7E, views=284071, subs=45300, cap_len=416, form=쇼츠
2025-09-16 09:28:45,081 [DEBUG] ytcrawl: [CAP][PR] GET https://www.youtube.com/api/timedtext?v=H6fC_0qIK24&ei=Oa_IaLjPCfenvcAPtIWYMQ&caps=asr&opi=112496729&exp=xpe&xoaf=5&hl=en&ip=0.0.0.0&ipbits=0&expire=1758007721&sparams=ip,ipbits,expire,v,ei,caps,opi,exp,xoaf&signature=CC32084B114FCBBE307A4E31A4C53D8F562C4611.508E50DEEBD5B673601A8540175EE39816143000&key=yt8&lang=en&fmt=srv3&tlang=ko -> 429, len=1103
2025-09-16 09:28:45,081 [INFO] ytcrawl: [CAP] XML 자막 미확보
2025-09-16 09:28:45,081 [INFO] ytcrawl: [VIDEO] 완료: id=H6fC_0qIK24, views=733465, subs=2050000, cap_len=0, form=롱폼
2025-09-16 09:28:45,956 [DEBUG] ytcrawl: [HTTP] GET https://www.youtube.com/watch?v=qgg512NBknQ&hl=ko&gl=KR&persist_hl=1&persist_gl=1 -> 200, len=1022529
2025-09-16 09:28:45,978 [INFO] ytcrawl: [SUBS][WATCH] channel=UC9uVfNYLBMbWUdBzmCzYqJw text='구독자 8.67천명' -> 8670
2025-09-16 09:28:46,178 [DEBUG] ytcrawl: [HTTP] GET https://www.youtube.com/watch?v=jN9DhL2ODqs&hl=ko&gl=KR&persist_hl=1&persist_gl=1 -> 200, len=1338448
2025-09-16 09:28:46,209 [INFO] ytcrawl: [SUBS][WATCH] channel=UCO8ToDSM2Gvt3EZdOdosxTw text='구독자 1.74만명' -> 17400
2025-09-16 09:28:46,216 [INFO] ytcrawl: [CAP] 'a.ko' 발견 → 원문 사용
2025-09-16 09:28:46,425 [INFO] ytcrawl: [CAP] 파싱 성공: lines=3, text_len=32
2025-09-16 09:28:46,425 [INFO] ytcrawl: [VIDEO] 완료: id=qgg512NBknQ, views=453786, subs=8670, cap_len=32, form=쇼츠
2025-09-16 09:28:46,495 [INFO] ytcrawl: [CAP] 'a.ko' 발견 → 원문 사용
2025-09-16 09:28:46,766 [INFO] ytcrawl: [CAP] 파싱 성공: lines=234, text_len=3634
2025-09-16 09:28:46,766 [INFO] ytcrawl: [VIDEO] 완료: id=jN9DhL2ODqs, views=12507, subs=17400, cap_len=3634, form=롱폼
2025-09-16 09:28:46,771 [INFO] ytcrawl: [UI-SEARCH] 완료
